datetime|env_datetime|env_time|agent|action|reason|additional|system_id|system_name|part_id|part_name|system_operating_level|part_operating_level|duration|distance_km|request_id|location|materials_cost|hourly_labor_cost|salary_labor_cost|total_labor_cost|equipment_cost|total_cost
2025-05-06 20:50:25.488952|1999-01-01 00:00:00|0|B6|subassemblies created: ['electrical_system', 'hydraulic_system', 'yaw_system', 'rotor_blades', 'generator', 'supporting_structure', 'drive_train']|windfarm initialization|initialization|B6|B6|||1.0|1|0|0|na|na|0|0|0|0|0|0
2025-05-06 20:50:25.527928|1999-01-01 00:00:00|0|B5|subassemblies created: ['electrical_system', 'hydraulic_system', 'yaw_system', 'rotor_blades', 'generator', 'supporting_structure', 'drive_train']|windfarm initialization|initialization|B5|B5|||1.0|1|0|0|na|na|0|0|0|0|0|0
2025-05-06 20:50:25.567099|1999-01-01 00:00:00|0|C5|subassemblies created: ['electrical_system', 'hydraulic_system', 'yaw_system', 'rotor_blades', 'generator', 'supporting_structure', 'drive_train']|windfarm initialization|initialization|C5|C5|||1.0|1|0|0|na|na|0|0|0|0|0|0
2025-05-06 20:50:25.603627|1999-01-01 00:00:00|0|E4|subassemblies created: ['electrical_system', 'hydraulic_system', 'yaw_system', 'rotor_blades', 'generator', 'supporting_structure', 'drive_train']|windfarm initialization|initialization|E4|E4|||1.0|1|0|0|na|na|0|0|0|0|0|0
2025-05-06 20:50:25.635173|1999-01-01 00:00:00|0|A6|subassemblies created: ['electrical_system', 'hydraulic_system', 'yaw_system', 'rotor_blades', 'generator', 'supporting_structure', 'drive_train']|windfarm initialization|initialization|A6|A6|||1.0|1|0|0|na|na|0|0|0|0|0|0
2025-05-06 20:50:25.674879|1999-01-01 00:00:00|0|A5|subassemblies created: ['electrical_system', 'hydraulic_system', 'yaw_system', 'rotor_blades', 'generator', 'supporting_structure', 'drive_train']|windfarm initialization|initialization|A5|A5|||1.0|1|0|0|na|na|0|0|0|0|0|0
2025-05-06 20:50:25.704959|1999-01-01 00:00:00|0|D4|subassemblies created: ['electrical_system', 'hydraulic_system', 'yaw_system', 'rotor_blades', 'generator', 'supporting_structure', 'drive_train']|windfarm initialization|initialization|D4|D4|||1.0|1|0|0|na|na|0|0|0|0|0|0
2025-05-06 20:50:25.739279|1999-01-01 00:00:00|0|F3|subassemblies created: ['electrical_system', 'hydraulic_system', 'yaw_system', 'rotor_blades', 'generator', 'supporting_structure', 'drive_train']|windfarm initialization|initialization|F3|F3|||1.0|1|0|0|na|na|0|0|0|0|0|0
2025-05-06 20:50:25.778290|1999-01-01 00:00:00|0|F2|subassemblies created: ['electrical_system', 'hydraulic_system', 'yaw_system', 'rotor_blades', 'generator', 'supporting_structure', 'drive_train']|windfarm initialization|initialization|F2|F2|||1.0|1|0|0|na|na|0|0|0|0|0|0
2025-05-06 20:50:25.816029|1999-01-01 00:00:00|0|a|subassemblies created: ['electrical_system', 'hydraulic_system', 'yaw_system', 'rotor_blades', 'generator', 'supporting_structure', 'drive_train']|windfarm initialization|initialization|a|a|||1.0|1|0|0|na|na|0|0|0|0|0|0
2025-05-06 20:50:25.847610|1999-01-01 00:00:00|0|C4|subassemblies created: ['electrical_system', 'hydraulic_system', 'yaw_system', 'rotor_blades', 'generator', 'supporting_structure', 'drive_train']|windfarm initialization|initialization|C4|C4|||1.0|1|0|0|na|na|0|0|0|0|0|0
2025-05-06 20:50:25.881348|1999-01-01 00:00:00|0|E3|subassemblies created: ['electrical_system', 'hydraulic_system', 'yaw_system', 'rotor_blades', 'generator', 'supporting_structure', 'drive_train']|windfarm initialization|initialization|E3|E3|||1.0|1|0|0|na|na|0|0|0|0|0|0
2025-05-06 20:50:25.911281|1999-01-01 00:00:00|0|E2|subassemblies created: ['electrical_system', 'hydraulic_system', 'yaw_system', 'rotor_blades', 'generator', 'supporting_structure', 'drive_train']|windfarm initialization|initialization|E2|E2|||1.0|1|0|0|na|na|0|0|0|0|0|0
2025-05-06 20:50:25.946208|1999-01-01 00:00:00|0|G1|subassemblies created: ['electrical_system', 'hydraulic_system', 'yaw_system', 'rotor_blades', 'generator', 'supporting_structure', 'drive_train']|windfarm initialization|initialization|G1|G1|||1.0|1|0|0|na|na|0|0|0|0|0|0
2025-05-06 20:50:25.979753|1999-01-01 00:00:00|0|i2|subassemblies created: ['electrical_system', 'hydraulic_system', 'yaw_system', 'rotor_blades', 'generator', 'supporting_structure', 'drive_train']|windfarm initialization|initialization|i2|i2|||1.0|1|0|0|na|na|0|0|0|0|0|0
2025-05-06 20:50:26.009289|1999-01-01 00:00:00|0|s6|subassemblies created: ['electrical_system', 'hydraulic_system', 'yaw_system', 'rotor_blades', 'generator', 'supporting_structure', 'drive_train']|windfarm initialization|initialization|s6|s6|||1.0|1|0|0|na|na|0|0|0|0|0|0
2025-05-06 20:50:26.042293|1999-01-01 00:00:00|0|q5|subassemblies created: ['electrical_system', 'hydraulic_system', 'yaw_system', 'rotor_blades', 'generator', 'supporting_structure', 'drive_train']|windfarm initialization|initialization|q5|q5|||1.0|1|0|0|na|na|0|0|0|0|0|0
2025-05-06 20:50:26.076330|1999-01-01 00:00:00|0|G6|subassemblies created: ['electrical_system', 'hydraulic_system', 'yaw_system', 'rotor_blades', 'generator', 'supporting_structure', 'drive_train']|windfarm initialization|initialization|G6|G6|||1.0|1|0|0|na|na|0|0|0|0|0|0
2025-05-06 20:50:26.116614|1999-01-01 00:00:00|0|B4|subassemblies created: ['electrical_system', 'hydraulic_system', 'yaw_system', 'rotor_blades', 'generator', 'supporting_structure', 'drive_train']|windfarm initialization|initialization|B4|B4|||1.0|1|0|0|na|na|0|0|0|0|0|0
2025-05-06 20:50:26.156563|1999-01-01 00:00:00|0|D3|subassemblies created: ['electrical_system', 'hydraulic_system', 'yaw_system', 'rotor_blades', 'generator', 'supporting_structure', 'drive_train']|windfarm initialization|initialization|D3|D3|||1.0|1|0|0|na|na|0|0|0|0|0|0
2025-05-06 20:50:26.197974|1999-01-01 00:00:00|0|D2|subassemblies created: ['electrical_system', 'hydraulic_system', 'yaw_system', 'rotor_blades', 'generator', 'supporting_structure', 'drive_train']|windfarm initialization|initialization|D2|D2|||1.0|1|0|0|na|na|0|0|0|0|0|0
2025-05-06 20:50:26.232711|1999-01-01 00:00:00|0|F1|subassemblies created: ['electrical_system', 'hydraulic_system', 'yaw_system', 'rotor_blades', 'generator', 'supporting_structure', 'drive_train']|windfarm initialization|initialization|F1|F1|||1.0|1|0|0|na|na|0|0|0|0|0|0
2025-05-06 20:50:26.275167|1999-01-01 00:00:00|0|s1|subassemblies created: ['electrical_system', 'hydraulic_system', 'yaw_system', 'rotor_blades', 'generator', 'supporting_structure', 'drive_train']|windfarm initialization|initialization|s1|s1|||1.0|1|0|0|na|na|0|0|0|0|0|0
2025-05-06 20:50:26.309998|1999-01-01 00:00:00|0|y4|subassemblies created: ['electrical_system', 'hydraulic_system', 'yaw_system', 'rotor_blades', 'generator', 'supporting_structure', 'drive_train']|windfarm initialization|initialization|y4|y4|||1.0|1|0|0|na|na|0|0|0|0|0|0
2025-05-06 20:50:26.342388|1999-01-01 00:00:00|0|p4|subassemblies created: ['electrical_system', 'hydraulic_system', 'yaw_system', 'rotor_blades', 'generator', 'supporting_structure', 'drive_train']|windfarm initialization|initialization|p4|p4|||1.0|1|0|0|na|na|0|0|0|0|0|0
2025-05-06 20:50:26.372839|1999-01-01 00:00:00|0|G7|subassemblies created: ['electrical_system', 'hydraulic_system', 'yaw_system', 'rotor_blades', 'generator', 'supporting_structure', 'drive_train']|windfarm initialization|initialization|G7|G7|||1.0|1|0|0|na|na|0|0|0|0|0|0
2025-05-06 20:50:26.405699|1999-01-01 00:00:00|0|F6|subassemblies created: ['electrical_system', 'hydraulic_system', 'yaw_system', 'rotor_blades', 'generator', 'supporting_structure', 'drive_train']|windfarm initialization|initialization|F6|F6|||1.0|1|0|0|na|na|0|0|0|0|0|0
2025-05-06 20:50:26.438738|1999-01-01 00:00:00|0|A4|subassemblies created: ['electrical_system', 'hydraulic_system', 'yaw_system', 'rotor_blades', 'generator', 'supporting_structure', 'drive_train']|windfarm initialization|initialization|A4|A4|||1.0|1|0|0|na|na|0|0|0|0|0|0
2025-05-06 20:50:26.471759|1999-01-01 00:00:00|0|C3|subassemblies created: ['electrical_system', 'hydraulic_system', 'yaw_system', 'rotor_blades', 'generator', 'supporting_structure', 'drive_train']|windfarm initialization|initialization|C3|C3|||1.0|1|0|0|na|na|0|0|0|0|0|0
2025-05-06 20:50:26.505666|1999-01-01 00:00:00|0|C2|subassemblies created: ['electrical_system', 'hydraulic_system', 'yaw_system', 'rotor_blades', 'generator', 'supporting_structure', 'drive_train']|windfarm initialization|initialization|C2|C2|||1.0|1|0|0|na|na|0|0|0|0|0|0
2025-05-06 20:50:26.537914|1999-01-01 00:00:00|0|E1|subassemblies created: ['electrical_system', 'hydraulic_system', 'yaw_system', 'rotor_blades', 'generator', 'supporting_structure', 'drive_train']|windfarm initialization|initialization|E1|E1|||1.0|1|0|0|na|na|0|0|0|0|0|0
2025-05-06 20:50:26.568379|1999-01-01 00:00:00|0|g|subassemblies created: ['electrical_system', 'hydraulic_system', 'yaw_system', 'rotor_blades', 'generator', 'supporting_structure', 'drive_train']|windfarm initialization|initialization|g|g|||1.0|1|0|0|na|na|0|0|0|0|0|0
2025-05-06 20:50:26.598811|1999-01-01 00:00:00|0|w3|subassemblies created: ['electrical_system', 'hydraulic_system', 'yaw_system', 'rotor_blades', 'generator', 'supporting_structure', 'drive_train']|windfarm initialization|initialization|w3|w3|||1.0|1|0|0|na|na|0|0|0|0|0|0
2025-05-06 20:50:26.628597|1999-01-01 00:00:00|0|r2|subassemblies created: ['electrical_system', 'hydraulic_system', 'yaw_system', 'rotor_blades', 'generator', 'supporting_structure', 'drive_train']|windfarm initialization|initialization|r2|r2|||1.0|1|0|0|na|na|0|0|0|0|0|0
2025-05-06 20:50:26.660285|1999-01-01 00:00:00|0|F7|subassemblies created: ['electrical_system', 'hydraulic_system', 'yaw_system', 'rotor_blades', 'generator', 'supporting_structure', 'drive_train']|windfarm initialization|initialization|F7|F7|||1.0|1|0|0|na|na|0|0|0|0|0|0
2025-05-06 20:50:26.698518|1999-01-01 00:00:00|0|E6|subassemblies created: ['electrical_system', 'hydraulic_system', 'yaw_system', 'rotor_blades', 'generator', 'supporting_structure', 'drive_train']|windfarm initialization|initialization|E6|E6|||1.0|1|0|0|na|na|0|0|0|0|0|0
2025-05-06 20:50:26.730336|1999-01-01 00:00:00|0|G5|subassemblies created: ['electrical_system', 'hydraulic_system', 'yaw_system', 'rotor_blades', 'generator', 'supporting_structure', 'drive_train']|windfarm initialization|initialization|G5|G5|||1.0|1|0|0|na|na|0|0|0|0|0|0
2025-05-06 20:50:26.760372|1999-01-01 00:00:00|0|B3|subassemblies created: ['electrical_system', 'hydraulic_system', 'yaw_system', 'rotor_blades', 'generator', 'supporting_structure', 'drive_train']|windfarm initialization|initialization|B3|B3|||1.0|1|0|0|na|na|0|0|0|0|0|0
2025-05-06 20:50:26.791548|1999-01-01 00:00:00|0|B2|subassemblies created: ['electrical_system', 'hydraulic_system', 'yaw_system', 'rotor_blades', 'generator', 'supporting_structure', 'drive_train']|windfarm initialization|initialization|B2|B2|||1.0|1|0|0|na|na|0|0|0|0|0|0
2025-05-06 20:50:26.820441|1999-01-01 00:00:00|0|D1|subassemblies created: ['electrical_system', 'hydraulic_system', 'yaw_system', 'rotor_blades', 'generator', 'supporting_structure', 'drive_train']|windfarm initialization|initialization|D1|D1|||1.0|1|0|0|na|na|0|0|0|0|0|0
2025-05-06 20:50:26.857500|1999-01-01 00:00:00|0|f|subassemblies created: ['electrical_system', 'hydraulic_system', 'yaw_system', 'rotor_blades', 'generator', 'supporting_structure', 'drive_train']|windfarm initialization|initialization|f|f|||1.0|1|0|0|na|na|0|0|0|0|0|0
2025-05-06 20:50:26.894738|1999-01-01 00:00:00|0|z2|subassemblies created: ['electrical_system', 'hydraulic_system', 'yaw_system', 'rotor_blades', 'generator', 'supporting_structure', 'drive_train']|windfarm initialization|initialization|z2|z2|||1.0|1|0|0|na|na|0|0|0|0|0|0
2025-05-06 20:50:26.925591|1999-01-01 00:00:00|0|C7|subassemblies created: ['electrical_system', 'hydraulic_system', 'yaw_system', 'rotor_blades', 'generator', 'supporting_structure', 'drive_train']|windfarm initialization|initialization|C7|C7|||1.0|1|0|0|na|na|0|0|0|0|0|0
2025-05-06 20:50:26.955966|1999-01-01 00:00:00|0|E7|subassemblies created: ['electrical_system', 'hydraulic_system', 'yaw_system', 'rotor_blades', 'generator', 'supporting_structure', 'drive_train']|windfarm initialization|initialization|E7|E7|||1.0|1|0|0|na|na|0|0|0|0|0|0
2025-05-06 20:50:26.986291|1999-01-01 00:00:00|0|D6|subassemblies created: ['electrical_system', 'hydraulic_system', 'yaw_system', 'rotor_blades', 'generator', 'supporting_structure', 'drive_train']|windfarm initialization|initialization|D6|D6|||1.0|1|0|0|na|na|0|0|0|0|0|0
2025-05-06 20:50:27.011142|1999-01-01 00:00:00|0|F5|subassemblies created: ['electrical_system', 'hydraulic_system', 'yaw_system', 'rotor_blades', 'generator', 'supporting_structure', 'drive_train']|windfarm initialization|initialization|F5|F5|||1.0|1|0|0|na|na|0|0|0|0|0|0
2025-05-06 20:50:27.042852|1999-01-01 00:00:00|0|A3|subassemblies created: ['electrical_system', 'hydraulic_system', 'yaw_system', 'rotor_blades', 'generator', 'supporting_structure', 'drive_train']|windfarm initialization|initialization|A3|A3|||1.0|1|0|0|na|na|0|0|0|0|0|0
2025-05-06 20:50:27.081508|1999-01-01 00:00:00|0|A2|subassemblies created: ['electrical_system', 'hydraulic_system', 'yaw_system', 'rotor_blades', 'generator', 'supporting_structure', 'drive_train']|windfarm initialization|initialization|A2|A2|||1.0|1|0|0|na|na|0|0|0|0|0|0
2025-05-06 20:50:27.120530|1999-01-01 00:00:00|0|C1|subassemblies created: ['electrical_system', 'hydraulic_system', 'yaw_system', 'rotor_blades', 'generator', 'supporting_structure', 'drive_train']|windfarm initialization|initialization|C1|C1|||1.0|1|0|0|na|na|0|0|0|0|0|0
2025-05-06 20:50:27.164646|1999-01-01 00:00:00|0|e|subassemblies created: ['electrical_system', 'hydraulic_system', 'yaw_system', 'rotor_blades', 'generator', 'supporting_structure', 'drive_train']|windfarm initialization|initialization|e|e|||1.0|1|0|0|na|na|0|0|0|0|0|0
2025-05-06 20:50:27.207155|1999-01-01 00:00:00|0|h|subassemblies created: ['electrical_system', 'hydraulic_system', 'yaw_system', 'rotor_blades', 'generator', 'supporting_structure', 'drive_train']|windfarm initialization|initialization|h|h|||1.0|1|0|0|na|na|0|0|0|0|0|0
2025-05-06 20:50:27.243273|1999-01-01 00:00:00|0|B7|subassemblies created: ['electrical_system', 'hydraulic_system', 'yaw_system', 'rotor_blades', 'generator', 'supporting_structure', 'drive_train']|windfarm initialization|initialization|B7|B7|||1.0|1|0|0|na|na|0|0|0|0|0|0
2025-05-06 20:50:27.279915|1999-01-01 00:00:00|0|G4|subassemblies created: ['electrical_system', 'hydraulic_system', 'yaw_system', 'rotor_blades', 'generator', 'supporting_structure', 'drive_train']|windfarm initialization|initialization|G4|G4|||1.0|1|0|0|na|na|0|0|0|0|0|0
2025-05-06 20:50:27.313039|1999-01-01 00:00:00|0|H4|subassemblies created: ['electrical_system', 'hydraulic_system', 'yaw_system', 'rotor_blades', 'generator', 'supporting_structure', 'drive_train']|windfarm initialization|initialization|H4|H4|||1.0|1|0|0|na|na|0|0|0|0|0|0
2025-05-06 20:50:27.346985|1999-01-01 00:00:00|0|B1|subassemblies created: ['electrical_system', 'hydraulic_system', 'yaw_system', 'rotor_blades', 'generator', 'supporting_structure', 'drive_train']|windfarm initialization|initialization|B1|B1|||1.0|1|0|0|na|na|0|0|0|0|0|0
2025-05-06 20:50:27.385115|1999-01-01 00:00:00|0|d|subassemblies created: ['electrical_system', 'hydraulic_system', 'yaw_system', 'rotor_blades', 'generator', 'supporting_structure', 'drive_train']|windfarm initialization|initialization|d|d|||1.0|1|0|0|na|na|0|0|0|0|0|0
2025-05-06 20:50:27.438566|1999-01-01 00:00:00|0|A7|subassemblies created: ['electrical_system', 'hydraulic_system', 'yaw_system', 'rotor_blades', 'generator', 'supporting_structure', 'drive_train']|windfarm initialization|initialization|A7|A7|||1.0|1|0|0|na|na|0|0|0|0|0|0
2025-05-06 20:50:27.470097|1999-01-01 00:00:00|0|D7|subassemblies created: ['electrical_system', 'hydraulic_system', 'yaw_system', 'rotor_blades', 'generator', 'supporting_structure', 'drive_train']|windfarm initialization|initialization|D7|D7|||1.0|1|0|0|na|na|0|0|0|0|0|0
2025-05-06 20:50:27.506431|1999-01-01 00:00:00|0|C6|subassemblies created: ['electrical_system', 'hydraulic_system', 'yaw_system', 'rotor_blades', 'generator', 'supporting_structure', 'drive_train']|windfarm initialization|initialization|C6|C6|||1.0|1|0|0|na|na|0|0|0|0|0|0
2025-05-06 20:50:27.536882|1999-01-01 00:00:00|0|E5|subassemblies created: ['electrical_system', 'hydraulic_system', 'yaw_system', 'rotor_blades', 'generator', 'supporting_structure', 'drive_train']|windfarm initialization|initialization|E5|E5|||1.0|1|0|0|na|na|0|0|0|0|0|0
2025-05-06 20:50:27.572962|1999-01-01 00:00:00|0|D5|subassemblies created: ['electrical_system', 'hydraulic_system', 'yaw_system', 'rotor_blades', 'generator', 'supporting_structure', 'drive_train']|windfarm initialization|initialization|D5|D5|||1.0|1|0|0|na|na|0|0|0|0|0|0
2025-05-06 20:50:27.612193|1999-01-01 00:00:00|0|F4|subassemblies created: ['electrical_system', 'hydraulic_system', 'yaw_system', 'rotor_blades', 'generator', 'supporting_structure', 'drive_train']|windfarm initialization|initialization|F4|F4|||1.0|1|0|0|na|na|0|0|0|0|0|0
2025-05-06 20:50:27.648515|1999-01-01 00:00:00|0|G3|subassemblies created: ['electrical_system', 'hydraulic_system', 'yaw_system', 'rotor_blades', 'generator', 'supporting_structure', 'drive_train']|windfarm initialization|initialization|G3|G3|||1.0|1|0|0|na|na|0|0|0|0|0|0
2025-05-06 20:50:27.677059|1999-01-01 00:00:00|0|A1|subassemblies created: ['electrical_system', 'hydraulic_system', 'yaw_system', 'rotor_blades', 'generator', 'supporting_structure', 'drive_train']|windfarm initialization|initialization|A1|A1|||1.0|1|0|0|na|na|0|0|0|0|0|0
2025-05-06 20:50:27.713331|1999-01-01 00:00:00|0|c|subassemblies created: ['electrical_system', 'hydraulic_system', 'yaw_system', 'rotor_blades', 'generator', 'supporting_structure', 'drive_train']|windfarm initialization|initialization|c|c|||1.0|1|0|0|na|na|0|0|0|0|0|0
2025-05-06 20:50:27.752302|1999-01-01 00:00:00|0|b|subassemblies created: ['electrical_system', 'hydraulic_system', 'yaw_system', 'rotor_blades', 'generator', 'supporting_structure', 'drive_train']|windfarm initialization|initialization|b|b|||1.0|1|0|0|na|na|0|0|0|0|0|0
2025-05-06 20:50:27.784479|1999-01-01 00:00:00|0|G2|subassemblies created: ['electrical_system', 'hydraulic_system', 'yaw_system', 'rotor_blades', 'generator', 'supporting_structure', 'drive_train']|windfarm initialization|initialization|G2|G2|||1.0|1|0|0|na|na|0|0|0|0|0|0
2025-05-06 20:50:27.820403|1999-01-01 00:00:00|0|OSS|subassemblies created: ['transformer']|windfarm initialization|initialization|OSS|OSS|||1.0|1|0|0|na|na|0|0|0|0|0|0
2025-05-06 20:50:39.412461|1999-01-01 00:00:00|0|Eurkea Port|monthly lease fee|port lease||||||0|0|0|0|na|na|0|0|0|0|2083333.3333333333|2083333.3333333333
2025-05-06 20:50:39.416881|1999-01-01 00:00:00|0|Crew Transfer Vessel 1|delay|work is complete|will return next year|||||0|0|8766|0|na|enroute|0|0|0|0|0|0
2025-05-06 20:50:39.417885|1999-01-01 00:00:00|0|Crew Transfer Vessel 2|delay|work is complete|will return next year|||||0|0|8766|0|na|enroute|0|0|0|0|0|0
2025-05-06 20:50:39.418884|1999-01-01 00:00:00|0|Crew Transfer Vessel 3|delay|work is complete|will return next year|||||0|0|8766|0|na|enroute|0|0|0|0|0|0
2025-05-06 20:50:39.479717|1999-01-03 07:00:43|55.01179938780012|electrical_system|repair request|power electrical system minor repair|severity level 1|A2|A2|electrical_system|electrical_system|1.0|1.0|0|0|RPR00000000|na|0|0|0|0|0|0
2025-05-06 20:50:39.486535|1999-01-04 10:27:55|82.4652749485084|hydraulic_system|repair request|minor pitch system repair|severity level 1|E2|E2|hydraulic_system|hydraulic_system|1.0|1.0|0|0|RPR00000001|na|0|0|0|0|0|0
2025-05-06 20:50:39.487440|1999-01-04 10:51:48|82.86320860549756|electrical_system|repair request|power electrical system minor repair|severity level 1|s1|s1|electrical_system|electrical_system|1.0|1.0|0|0|RPR00000002|na|0|0|0|0|0|0
2025-05-06 20:50:39.522683|1999-01-12 13:06:34|277.10943933507804|electrical_system|repair request|power electrical system minor repair|severity level 1|A2|A2|electrical_system|electrical_system|1.0|1.0|0|0|RPR00000003|na|0|0|0|0|0|0
2025-05-06 20:50:39.525686|1999-01-13 02:18:18|290.3049286687103|generator|repair request|direct drive generator minor repair|severity level 1|d|d|generator|generator|1.0|1.0|0|0|RPR00000004|na|0|0|0|0|0|0
2025-05-06 20:50:39.529776|1999-01-13 22:58:57|310.9822311948687|electrical_system|repair request|power converter minor repair|severity level 1|c|c|electrical_system|electrical_system|1.0|1.0|0|0|RPR00000005|na|0|0|0|0|0|0
2025-05-06 20:50:39.529776|1999-01-14 01:13:14|313.22046811105315|array cable|repair request|array cable major repair|severity level 2|cable::OSS::A7|array cable|cable::OSS::A7|array cable|1.0|1.0|0|0|RPR00000006|na|0|0|0|0|0|0
2025-05-06 20:50:39.531285|1999-01-14 01:13:39|313.22741255549755|Cable Lay Vessel|mobilization|Cable Lay Vessel is being mobilized|mobilization|||||0|0|336|0|na|enroute|0|0|0|0|0|0
2025-05-06 20:50:39.532288|1999-01-14 04:38:06|316.63487618353275|array cable|repair request|array cable major repair|severity level 2|cable::i2::s6|array cable|cable::i2::s6|array cable|1.0|1.0|0|0|RPR00000007|na|0|0|0|0|0|0
2025-05-06 20:50:39.534287|1999-01-14 09:17:26|321.2904115346899|electrical_system|repair request|power converter major repair|severity level 2|z2|z2|electrical_system|electrical_system|1.0|1.0|0|0|RPR00000008|na|0|0|0|0|0|0
2025-05-06 20:50:39.556329|1999-01-14 09:17:46|321.2959670902454|Tugboat 1|traveling|power converter major repair|traveling from port to site|z2|z2|||0|0|0.0|0.0|RPR00000008|enroute|0|0|0.0|0.0|0.0|0.0
2025-05-06 20:50:39.556329|1999-01-14 09:17:46|321.2959670902454|Tugboat 1|complete travel|power converter major repair|arrived at z2|z2|z2|||0|0|0|0|RPR00000008|site|0|0|0|0|0|0
2025-05-06 20:50:39.558229|1999-01-14 09:17:46|321.2959670902454|Tugboat 1|unmooring|power converter major repair|Unmooring z2 to tow to port|z2|z2|||0.0|0|2.0|0|RPR00000008|system|0|0.0|0.0|0.0|0.0|0.0
2025-05-06 20:50:39.558229|1999-01-14 11:17:46|323.2959670902454|Tugboat 1|complete unmooring|power converter major repair|complete|z2|z2|||0.0|0|0|0|RPR00000008|na|0|0|0|0|0|0
2025-05-06 20:50:39.558229|1999-01-14 11:17:46|323.2959670902454|Tugboat 1|towing|towing turbine to port||z2|z2|||0|0|0|0.0|RPR00000008|enroute|0|0.0|0.0|0.0|0.0|0.0
2025-05-06 20:50:39.559235|1999-01-14 11:17:46|323.2959670902454|Tugboat 1|complete towing|towing turbine to port|complete|z2|z2|||0|0|0|0|RPR00000008|port|0|0.0|0.0|0.0|0.0|0.0
2025-05-06 20:50:39.559235|1999-01-14 11:17:46|323.2959670902454|Eurkea Port|requests being moved|||z2|z2|electrical_system|electrical_system|nan|nan|0|0|RPR00000008|na|0|0|0|0|0|0
2025-05-06 20:50:39.559235|1999-01-14 11:17:46|323.2959670902454|Eurkea Port|requests moved to port|at-port repair can now proceed||z2|z2|electrical_system|electrical_system|nan|nan|0|0|RPR00000008|na|0|0|0|0|0|0
2025-05-06 20:50:39.559235|1999-01-14 11:17:46|323.2959670902454|Eurkea Port|repair|power converter major repair|repair|z2|z2|electrical_system|electrical_system|0|0|10.703888888888889|0|RPR00000008|port|0|0.0|0.0|0.0|0.0|0.0
2025-05-06 20:50:39.561233|1999-01-14 22:00:00|333.99985597913434|Eurkea Port|delay|power converter major repair|end of shift; will resume work in the next shift|z2|z2|electrical_system|electrical_system|0|0|8.0|0|RPR00000008|port|0|0.0|0.0|0.0|0.0|0.0
2025-05-06 20:50:39.562738|1999-01-15 06:00:00|341.99985597913434|Eurkea Port|repair|power converter major repair|repair|z2|z2|electrical_system|electrical_system|0|0|16.0|0|RPR00000008|port|0|0.0|0.0|0.0|0.0|0.0
2025-05-06 20:50:39.564744|1999-01-15 16:01:04|352.0176534001307|drive_train|repair request|main shaft minor repair|severity level 1|D5|D5|drive_train|drive_train|1.0|1.0|0|0|RPR00000009|na|0|0|0|0|0|0
2025-05-06 20:50:39.565741|1999-01-15 22:00:00|357.99985597913434|Eurkea Port|delay|power converter major repair|end of shift; will resume work in the next shift|z2|z2|electrical_system|electrical_system|0|0|8.0|0|RPR00000008|port|0|0.0|0.0|0.0|0.0|0.0
2025-05-06 20:50:39.566740|1999-01-16 06:00:00|365.99985597913434|Eurkea Port|repair|power converter major repair|repair|z2|z2|electrical_system|electrical_system|0|0|1.2961111111111094|0|RPR00000008|port|0|0.0|0.0|0.0|0.0|0.0
2025-05-06 20:50:39.567739|1999-01-16 07:17:46|367.2959670902454|Eurkea Port|repair complete|power converter major repair|complete|z2||electrical_system|electrical_system|0|0|0|0|RPR00000008|na|7000.0|0|0|0|0|7000.0
2025-05-06 20:50:39.567739|1999-01-16 07:17:46|367.2959670902454|Tugboat 2|towing|towing turbine back to site||z2|z2|||0|0|0|0.0|RPR00000008|enroute|0|0.0|0.0|0.0|0.0|0.0
2025-05-06 20:50:39.567739|1999-01-16 07:17:46|367.2959670902454|Tugboat 2|complete towing|towing turbine back to site|complete|z2|z2|||0|0|0|0|RPR00000008|site|0|0.0|0.0|0.0|0.0|0.0
2025-05-06 20:50:39.568741|1999-01-16 07:17:46|367.2959670902454|Tugboat 2|delay|power converter major repair|weather delay|z2|z2|||0.0|0|3.703888888888889|0|RPR00000008|site|0|0|0.0|0.0|0.0|0.0
2025-05-06 20:50:39.569744|1999-01-16 11:00:00|370.99985597913434|Tugboat 2|mooring reconnection|power converter major repair|Reconnecting the mooring to z2|z2|z2|||0.0|0|4.0|0|RPR00000008|system|0|0.0|0.0|0.0|0.0|0.0
2025-05-06 20:50:39.569744|1999-01-16 15:00:00|374.99985597913434|Tugboat 2|complete mooring reconnection|power converter major repair|complete|z2|z2|||0.0|0|0|0|RPR00000008|na|0|0|0|0|0|0
2025-05-06 20:50:39.573265|1999-01-16 15:00:00|374.99985597913434|Tugboat 2|traveling|traveling back to port after returning turbine|traveling from site to port|z2|z2|||0|0|0.0|0.0|RPR00000008|enroute|0|0|0.0|0.0|0.0|0.0
2025-05-06 20:50:39.573265|1999-01-16 15:00:00|374.99985597913434|Tugboat 2|complete travel|traveling back to port after returning turbine|arrived at port|z2|z2|||0|0|0|0|RPR00000008|port|0|0|0|0|0|0
2025-05-06 20:50:39.580260|1999-01-17 11:23:07|395.38522674443067|yaw_system|repair request|yaw system minor repair|severity level 1|G7|G7|yaw_system|yaw_system|1.0|1.0|0|0|RPR00000010|na|0|0|0|0|0|0
2025-05-06 20:50:39.581775|1999-01-17 13:55:12|397.91980697584245|electrical_system|repair request|power converter minor repair|severity level 1|E7|E7|electrical_system|electrical_system|1.0|1.0|0|0|RPR00000011|na|0|0|0|0|0|0
2025-05-06 20:50:39.589869|1999-01-18 22:14:06|430.23499214794873|rotor_blades|repair request|blades minor repair|severity level 1|d|d|rotor_blades|rotor_blades|1.0|1.0|0|0|RPR00000012|na|0|0|0|0|0|0
2025-05-06 20:50:39.603087|1999-01-21 01:52:17|481.87113524268193|electrical_system|repair request|power electrical system minor repair|severity level 1|h|h|electrical_system|electrical_system|1.0|1.0|0|0|RPR00000013|na|0|0|0|0|0|0
2025-05-06 20:50:39.615599|1999-01-23 16:45:41|544.7611605174507|electrical_system|repair request|power electrical system major replacement|severity level 3|y4|y4|electrical_system|electrical_system|1.0|1.0|0|0|RPR00000014|na|0|0|0|0|0|0
2025-05-06 20:50:39.617682|1999-01-23 16:46:04|544.7675494063396|Tugboat 1|traveling|power electrical system major replacement|traveling from port to site|y4|y4|||0|0|0.0|0.0|RPR00000014|enroute|0|0|0.0|0.0|0.0|0.0
2025-05-06 20:50:39.617682|1999-01-23 16:46:04|544.7675494063396|Tugboat 1|complete travel|power electrical system major replacement|arrived at y4|y4|y4|||0|0|0|0|RPR00000014|site|0|0|0|0|0|0
2025-05-06 20:50:39.618676|1999-01-23 16:46:04|544.7675494063396|Tugboat 1|delay|power electrical system major replacement|weather delay|y4|y4|||0.0|0|1.2322222222222223|0|RPR00000014|site|0|0|0.0|0.0|0.0|0.0
2025-05-06 20:50:39.618676|1999-01-23 18:00:00|545.9997716285619|Tugboat 1|delay|power electrical system major replacement|weather unsuitable for unmooring|y4|y4|||0.0|0|12.0|0|RPR00000014|site|0|0.0|0.0|0.0|0.0|0.0
2025-05-06 20:50:39.621264|1999-01-24 03:08:30|555.1415508658407|hydraulic_system|repair request|major pitch system repair|severity level 2|B3|B3|hydraulic_system|hydraulic_system|1.0|1.0|0|0|RPR00000015|na|0|0|0|0|0|0
2025-05-06 20:50:39.622291|1999-01-24 06:00:00|557.9997716285619|Tugboat 1|delay|power electrical system major replacement|weather delay|y4|y4|||0.0|0|12.0|0|RPR00000014|site|0|0|0.0|0.0|0.0|0.0
2025-05-06 20:50:39.624274|1999-01-24 13:26:11|565.4361485681624|hydraulic_system|repair request|minor pitch system repair|severity level 1|D2|D2|hydraulic_system|hydraulic_system|1.0|1.0|0|0|RPR00000016|na|0|0|0|0|0|0
2025-05-06 20:50:39.625276|1999-01-24 18:00:00|569.9997716285619|Tugboat 1|delay|power electrical system major replacement|weather unsuitable for unmooring|y4|y4|||0.0|0|12.0|0|RPR00000014|site|0|0.0|0.0|0.0|0.0|0.0
2025-05-06 20:50:39.629275|1999-01-25 06:00:00|581.9997716285619|Tugboat 1|delay|power electrical system major replacement|weather delay|y4|y4|||0.0|0|1.0|0|RPR00000014|site|0|0|0.0|0.0|0.0|0.0
2025-05-06 20:50:39.629275|1999-01-25 07:00:00|582.9997716285619|Tugboat 1|unmooring|power electrical system major replacement|Unmooring y4 to tow to port|y4|y4|||0.0|0|2.0|0|RPR00000014|system|0|0.0|0.0|0.0|0.0|0.0
2025-05-06 20:50:39.629275|1999-01-25 09:00:00|584.9997716285619|Tugboat 1|complete unmooring|power electrical system major replacement|complete|y4|y4|||0.0|0|0|0|RPR00000014|na|0|0|0|0|0|0
2025-05-06 20:50:39.629275|1999-01-25 09:00:00|584.9997716285619|Tugboat 1|towing|towing turbine to port||y4|y4|||0|0|0|0.0|RPR00000014|enroute|0|0.0|0.0|0.0|0.0|0.0
2025-05-06 20:50:39.630271|1999-01-25 09:00:00|584.9997716285619|Tugboat 1|complete towing|towing turbine to port|complete|y4|y4|||0|0|0|0|RPR00000014|port|0|0.0|0.0|0.0|0.0|0.0
2025-05-06 20:50:39.630271|1999-01-25 09:00:00|584.9997716285619|Eurkea Port|requests being moved|||y4|y4|electrical_system|electrical_system|nan|nan|0|0|RPR00000014|na|0|0|0|0|0|0
2025-05-06 20:50:39.630271|1999-01-25 09:00:00|584.9997716285619|Eurkea Port|requests moved to port|at-port repair can now proceed||y4|y4|electrical_system|electrical_system|nan|nan|0|0|RPR00000014|na|0|0|0|0|0|0
2025-05-06 20:50:39.630271|1999-01-25 09:00:00|584.9997716285619|Eurkea Port|repair|power electrical system major replacement|repair|y4|y4|electrical_system|electrical_system|0|0|13.0|0|RPR00000014|port|0|0.0|0.0|0.0|0.0|0.0
2025-05-06 20:50:39.633421|1999-01-25 22:00:00|597.9997716285619|Eurkea Port|delay|power electrical system major replacement|end of shift; will resume work in the next shift|y4|y4|electrical_system|electrical_system|0|0|8.0|0|RPR00000014|port|0|0.0|0.0|0.0|0.0|0.0
2025-05-06 20:50:39.634421|1999-01-26 06:00:00|605.9997716285619|Eurkea Port|repair|power electrical system major replacement|repair|y4|y4|electrical_system|electrical_system|0|0|16.0|0|RPR00000014|port|0|0.0|0.0|0.0|0.0|0.0
2025-05-06 20:50:39.637421|1999-01-26 22:00:00|621.9997716285619|Eurkea Port|delay|power electrical system major replacement|end of shift; will resume work in the next shift|y4|y4|electrical_system|electrical_system|0|0|8.0|0|RPR00000014|port|0|0.0|0.0|0.0|0.0|0.0
2025-05-06 20:50:39.639421|1999-01-27 06:00:00|629.9997716285619|Eurkea Port|repair|power electrical system major replacement|repair|y4|y4|electrical_system|electrical_system|0|0|16.0|0|RPR00000014|port|0|0.0|0.0|0.0|0.0|0.0
2025-05-06 20:50:39.639421|1999-01-27 08:03:12|632.0533206795072|rotor_blades|repair request|blades minor repair|severity level 1|D6|D6|rotor_blades|rotor_blades|1.0|1.0|0|0|RPR00000017|na|0|0|0|0|0|0
2025-05-06 20:50:39.640424|1999-01-27 10:31:53|634.5312356428302|electrical_system|repair request|power converter minor repair|severity level 1|C7|C7|electrical_system|electrical_system|1.0|1.0|0|0|RPR00000018|na|0|0|0|0|0|0
2025-05-06 20:50:39.641925|1999-01-27 14:40:54|638.6816102254179|hydraulic_system|repair request|minor pitch system repair|severity level 1|C1|C1|hydraulic_system|hydraulic_system|1.0|1.0|0|0|RPR00000019|na|0|0|0|0|0|0
2025-05-06 20:50:39.643932|1999-01-27 22:00:00|645.9997716285619|Eurkea Port|delay|power electrical system major replacement|end of shift; will resume work in the next shift|y4|y4|electrical_system|electrical_system|0|0|8.0|0|RPR00000014|port|0|0.0|0.0|0.0|0.0|0.0
2025-05-06 20:50:39.644932|1999-01-28 01:13:39|649.2274125554975|Cable Lay Vessel|mobilization|Cable Lay Vessel has arrived on site|mobilization|||||0|0|0|0|na|site|0|0|0|0|543615.71|543615.71
2025-05-06 20:50:39.644932|1999-01-28 01:13:39|649.2274125554975|Cable Lay Vessel|traveling|array cable major repair|traveling from system to port|cable::OSS::A7|array cable|cable::OSS::A7|array cable|1.0|1.0|0.0|0.0|RPR00000006|enroute|0|0|0.0|0.0|0.0|0.0
2025-05-06 20:50:39.644932|1999-01-28 01:13:39|649.2274125554975|Cable Lay Vessel|complete travel|array cable major repair|arrived at port|cable::OSS::A7|array cable|cable::OSS::A7|array cable|1.0|1.0|0|0|RPR00000006|port|0|0|0|0|0|0
2025-05-06 20:50:39.644932|1999-01-28 01:13:39|649.2274125554975|Cable Lay Vessel|delay|array cable major repair|work shift has ended; waiting for next shift to start|cable::OSS::A7|array cable|cable::OSS::A7|array cable|1.0|1.0|4.7725|0|RPR00000006|port|0|0.0|0.0|0.0|11891.027767708334|11891.027767708334
2025-05-06 20:50:39.645932|1999-01-28 06:00:00|653.9997716285619|Eurkea Port|repair|power electrical system major replacement|repair|y4|y4|electrical_system|electrical_system|0|0|9.0|0|RPR00000014|port|0|0.0|0.0|0.0|0.0|0.0
2025-05-06 20:50:39.645932|1999-01-28 06:00:00|653.9999125554975|Cable Lay Vessel|traveling|array cable major repair|traveling from None to cable::OSS::A7|cable::OSS::A7|array cable|cable::OSS::A7|array cable|1.0|1.0|0.0|0.0|RPR00000006|enroute|0|0|0.0|0.0|0.0|0.0
2025-05-06 20:50:39.646932|1999-01-28 06:00:00|653.9999125554975|Cable Lay Vessel|complete travel|array cable major repair|arrived at cable::OSS::A7|cable::OSS::A7|array cable|cable::OSS::A7|array cable|1.0|1.0|0|0|RPR00000006|system|0|0|0|0|0|0
2025-05-06 20:50:39.646932|1999-01-28 06:00:00|653.9999125554975|Cable Lay Vessel|delay|array cable major repair|weather delay|cable::OSS::A7|array cable|cable::OSS::A7|array cable|1.0|1.0|1.0|0|RPR00000006|system|0|0|0.0|0.0|2491.5720833333335|2491.5720833333335
2025-05-06 20:50:39.646932|1999-01-28 07:00:00|654.9999125554975|Cable Lay Vessel|transferring crew|array cable major repair|transferring crew from Cable Lay Vessel to cable::OSS::A7|cable::OSS::A7|array cable|cable::OSS::A7|array cable|1.0|1.0|0.25|0|RPR00000006|system|0|0.0|0.0|0.0|622.8930208333334|622.8930208333334
2025-05-06 20:50:39.647934|1999-01-28 07:15:00|655.2499125554975|Cable Lay Vessel|complete transfer|array cable major repair|complete|cable::OSS::A7|array cable|cable::OSS::A7|array cable|1.0|1.0|0|0|RPR00000006|system|0|0|0|0|0|0
2025-05-06 20:50:39.649749|1999-01-28 07:15:00|655.2499125554975|Cable Lay Vessel|repair|array cable major repair|repair|cable::OSS::A7|array cable|cable::OSS::A7|array cable|1.0|1.0|14.5|0|RPR00000006|system|0|0.0|0.0|0.0|36127.79520833334|36127.79520833334
2025-05-06 20:50:39.651346|1999-01-28 15:00:00|662.9997716285619|Eurkea Port|repair complete|power electrical system major replacement|complete|y4||electrical_system|electrical_system|0|0|0|0|RPR00000014|na|50000.0|0|0|0|0|50000.0
2025-05-06 20:50:39.652354|1999-01-28 15:00:00|662.9997716285619|Tugboat 2|towing|towing turbine back to site||y4|y4|||0|0|0|0.0|RPR00000014|enroute|0|0.0|0.0|0.0|0.0|0.0
2025-05-06 20:50:39.652354|1999-01-28 15:00:00|662.9997716285619|Tugboat 2|complete towing|towing turbine back to site|complete|y4|y4|||0|0|0|0|RPR00000014|site|0|0.0|0.0|0.0|0.0|0.0
2025-05-06 20:50:39.652354|1999-01-28 15:00:00|662.9997716285619|Tugboat 2|delay|power electrical system major replacement|weather delay|y4|y4|||0.0|0|3.0|0|RPR00000014|site|0|0|0.0|0.0|0.0|0.0
2025-05-06 20:50:39.652354|1999-01-28 18:00:00|665.9997716285619|Tugboat 2|delay|power electrical system major replacement|weather unsuitable for mooring reconnection|y4|y4|||0.0|0|12.0|0|RPR00000014|site|0|0.0|0.0|0.0|0.0|0.0
2025-05-06 20:50:39.654438|1999-01-28 21:45:00|669.7499125554975|Cable Lay Vessel|transferring crew|array cable major repair|transferring crew from cable::OSS::A7 to Cable Lay Vessel|cable::OSS::A7|array cable|cable::OSS::A7|array cable|1.0|1.0|0.25|0|RPR00000006|system|0|0.0|0.0|0.0|622.8930208333334|622.8930208333334
2025-05-06 20:50:39.654438|1999-01-28 22:00:00|669.9999125554975|Cable Lay Vessel|complete transfer|array cable major repair|complete|cable::OSS::A7|array cable|cable::OSS::A7|array cable|1.0|1.0|0|0|RPR00000006|system|0|0|0|0|0|0
2025-05-06 20:50:39.655435|1999-01-28 22:00:00|669.9999125554975|Cable Lay Vessel|traveling|array cable major repair|traveling from site to port|cable::OSS::A7|array cable|cable::OSS::A7|array cable|1.0|1.0|3.043877075358696|53.0|RPR00000006|enroute|0|0|0.0|0.0|7584.03914606204|7584.03914606204
2025-05-06 20:50:39.656437|1999-01-29 01:02:38|673.0437896308563|Cable Lay Vessel|complete travel|array cable major repair|arrived at port|cable::OSS::A7|array cable|cable::OSS::A7|array cable|1.0|1.0|0|0|RPR00000006|port|0|0|0|0|0|0
2025-05-06 20:50:39.656437|1999-01-29 01:02:38|673.0437896308563|Cable Lay Vessel|delay|array cable major repair|work shift has ended; waiting for next shift to start|cable::OSS::A7|array cable|cable::OSS::A7|array cable|1.0|1.0|4.956111111111111|0|RPR00000006|port|0|0.0|0.0|0.0|12348.508086342594|12348.508086342594
2025-05-06 20:50:39.657436|1999-01-29 03:05:21|675.0890083210115|rotor_blades|repair request|blades minor repair|severity level 1|D3|D3|rotor_blades|rotor_blades|1.0|1.0|0|0|RPR00000020|na|0|0|0|0|0|0
2025-05-06 20:50:39.658437|1999-01-29 06:00:00|677.9997716285619|Tugboat 2|delay|power electrical system major replacement|weather delay|y4|y4|||0.0|0|1.0|0|RPR00000014|site|0|0|0.0|0.0|0.0|0.0
2025-05-06 20:50:39.659436|1999-01-29 06:00:00|677.9999007419674|Cable Lay Vessel|traveling|array cable major repair|traveling from port to site|cable::OSS::A7|array cable|cable::OSS::A7|array cable|1.0|1.0|3.0438652618285587|53.0|RPR00000006|enroute|0|0|0.0|0.0|7584.009711800144|7584.009711800144
2025-05-06 20:50:39.659436|1999-01-29 07:00:00|678.9997716285619|Tugboat 2|mooring reconnection|power electrical system major replacement|Reconnecting the mooring to y4|y4|y4|||0.0|0|4.0|0|RPR00000014|system|0|0.0|0.0|0.0|0.0|0.0
2025-05-06 20:50:39.660446|1999-01-29 09:02:38|681.043766003796|Cable Lay Vessel|complete travel|array cable major repair|arrived at cable::OSS::A7|cable::OSS::A7|array cable|cable::OSS::A7|array cable|1.0|1.0|0|0|RPR00000006|site|0|0|0|0|0|0
2025-05-06 20:50:39.660446|1999-01-29 09:02:38|681.043766003796|Cable Lay Vessel|transferring crew|array cable major repair|transferring crew from Cable Lay Vessel to cable::OSS::A7|cable::OSS::A7|array cable|cable::OSS::A7|array cable|1.0|1.0|0.25|0|RPR00000006|system|0|0.0|0.0|0.0|622.8930208333334|622.8930208333334
2025-05-06 20:50:39.660446|1999-01-29 09:17:38|681.293766003796|Cable Lay Vessel|complete transfer|array cable major repair|complete|cable::OSS::A7|array cable|cable::OSS::A7|array cable|1.0|1.0|0|0|RPR00000006|system|0|0|0|0|0|0
2025-05-06 20:50:39.661459|1999-01-29 09:17:38|681.293766003796|Cable Lay Vessel|repair|array cable major repair|repair|cable::OSS::A7|array cable|cable::OSS::A7|array cable|1.0|1.0|12.456111111111111|0|RPR00000006|system|0|0.0|0.0|0.0|31035.2987113426|31035.2987113426
2025-05-06 20:50:39.661459|1999-01-29 11:00:00|682.9997716285619|Tugboat 2|complete mooring reconnection|power electrical system major replacement|complete|y4|y4|||0.0|0|0|0|RPR00000014|na|0|0|0|0|0|0
2025-05-06 20:50:39.664064|1999-01-29 11:00:00|682.9997716285619|Tugboat 2|traveling|traveling back to port after returning turbine|traveling from site to port|y4|y4|||0|0|0.0|0.0|RPR00000014|enroute|0|0|0.0|0.0|0.0|0.0
2025-05-06 20:50:39.664064|1999-01-29 11:00:00|682.9997716285619|Tugboat 2|complete travel|traveling back to port after returning turbine|arrived at port|y4|y4|||0|0|0|0|RPR00000014|port|0|0|0|0|0|0
2025-05-06 20:50:39.668061|1999-01-29 21:45:00|693.7498771149071|Cable Lay Vessel|transferring crew|array cable major repair|transferring crew from cable::OSS::A7 to Cable Lay Vessel|cable::OSS::A7|array cable|cable::OSS::A7|array cable|1.0|1.0|0.25|0|RPR00000006|system|0|0.0|0.0|0.0|622.8930208333334|622.8930208333334
2025-05-06 20:50:39.668061|1999-01-29 22:00:00|693.9998771149071|Cable Lay Vessel|complete transfer|array cable major repair|complete|cable::OSS::A7|array cable|cable::OSS::A7|array cable|1.0|1.0|0|0|RPR00000006|system|0|0|0|0|0|0
2025-05-06 20:50:39.669060|1999-01-29 22:00:00|693.9998771149071|Cable Lay Vessel|traveling|array cable major repair|traveling from site to port|cable::OSS::A7|array cable|cable::OSS::A7|array cable|1.0|1.0|3.0438416347682864|53.0|RPR00000006|enroute|0|0|0.0|0.0|7583.950843276359|7583.950843276359
2025-05-06 20:50:39.670136|1999-01-30 01:02:38|697.0437187496755|Cable Lay Vessel|complete travel|array cable major repair|arrived at port|cable::OSS::A7|array cable|cable::OSS::A7|array cable|1.0|1.0|0|0|RPR00000006|port|0|0|0|0|0|0
2025-05-06 20:50:39.670136|1999-01-30 01:02:38|697.0437187496755|Cable Lay Vessel|delay|array cable major repair|work shift has ended; waiting for next shift to start|cable::OSS::A7|array cable|cable::OSS::A7|array cable|1.0|1.0|4.956111111111111|0|RPR00000006|port|0|0.0|0.0|0.0|12348.508086342594|12348.508086342594
2025-05-06 20:50:39.671592|1999-01-30 06:00:00|701.9998298607866|Cable Lay Vessel|traveling|array cable major repair|traveling from port to site|cable::OSS::A7|array cable|cable::OSS::A7|array cable|1.0|1.0|3.043794380647741|53.0|RPR00000006|enroute|0|0|0.0|0.0|7583.833106228785|7583.833106228785
2025-05-06 20:50:39.672680|1999-01-30 09:02:38|705.0436242414344|Cable Lay Vessel|complete travel|array cable major repair|arrived at cable::OSS::A7|cable::OSS::A7|array cable|cable::OSS::A7|array cable|1.0|1.0|0|0|RPR00000006|site|0|0|0|0|0|0
2025-05-06 20:50:39.672680|1999-01-30 09:02:38|705.0436242414344|Cable Lay Vessel|transferring crew|array cable major repair|transferring crew from Cable Lay Vessel to cable::OSS::A7|cable::OSS::A7|array cable|cable::OSS::A7|array cable|1.0|1.0|0.25|0|RPR00000006|system|0|0.0|0.0|0.0|622.8930208333334|622.8930208333334
2025-05-06 20:50:39.673677|1999-01-30 09:03:23|705.0563595871519|electrical_system|repair request|power electrical system major repair|severity level 2|y4|y4|electrical_system|electrical_system|1.0|1.0|0|0|RPR00000021|na|0|0|0|0|0|0
2025-05-06 20:50:39.675685|1999-01-30 09:03:58|705.0660818093742|Tugboat 1|traveling|power electrical system major repair|traveling from port to site|y4|y4|||0|0|0.0|0.0|RPR00000021|enroute|0|0|0.0|0.0|0.0|0.0
2025-05-06 20:50:39.675685|1999-01-30 09:03:58|705.0660818093742|Tugboat 1|complete travel|power electrical system major repair|arrived at y4|y4|y4|||0|0|0|0|RPR00000021|site|0|0|0|0|0|0
2025-05-06 20:50:39.676678|1999-01-30 09:03:58|705.0660818093742|Tugboat 1|unmooring|power electrical system major repair|Unmooring y4 to tow to port|y4|y4|||0.0|0|2.0|0|RPR00000021|system|0|0.0|0.0|0.0|0.0|0.0
2025-05-06 20:50:39.676678|1999-01-30 09:17:38|705.2936242414344|Cable Lay Vessel|complete transfer|array cable major repair|complete|cable::OSS::A7|array cable|cable::OSS::A7|array cable|1.0|1.0|0|0|RPR00000006|system|0|0|0|0|0|0
2025-05-06 20:50:39.677680|1999-01-30 09:17:38|705.2936242414344|Cable Lay Vessel|repair|array cable major repair|repair|cable::OSS::A7|array cable|cable::OSS::A7|array cable|1.0|1.0|12.456111111111111|0|RPR00000006|system|0|0.0|0.0|0.0|31035.2987113426|31035.2987113426
2025-05-06 20:50:39.677680|1999-01-30 11:03:58|707.0660818093742|Tugboat 1|complete unmooring|power electrical system major repair|complete|y4|y4|||0.0|0|0|0|RPR00000021|na|0|0|0|0|0|0
2025-05-06 20:50:39.677680|1999-01-30 11:03:58|707.0660818093742|Tugboat 1|towing|towing turbine to port||y4|y4|||0|0|0|0.0|RPR00000021|enroute|0|0.0|0.0|0.0|0.0|0.0
2025-05-06 20:50:39.677680|1999-01-30 11:03:58|707.0660818093742|Tugboat 1|complete towing|towing turbine to port|complete|y4|y4|||0|0|0|0|RPR00000021|port|0|0.0|0.0|0.0|0.0|0.0
2025-05-06 20:50:39.677680|1999-01-30 11:03:58|707.0660818093742|Eurkea Port|requests being moved|||y4|y4|electrical_system|electrical_system|nan|nan|0|0|RPR00000021|na|0|0|0|0|0|0
2025-05-06 20:50:39.677680|1999-01-30 11:03:58|707.0660818093742|Eurkea Port|requests moved to port|at-port repair can now proceed||y4|y4|electrical_system|electrical_system|nan|nan|0|0|RPR00000021|na|0|0|0|0|0|0
2025-05-06 20:50:39.678678|1999-01-30 11:03:58|707.0660818093742|Eurkea Port|repair|power electrical system major repair|repair|y4|y4|electrical_system|electrical_system|0|0|10.93388888888889|0|RPR00000021|port|0|0.0|0.0|0.0|0.0|0.0
2025-05-06 20:50:39.681231|1999-01-30 21:45:00|717.7497353525455|Cable Lay Vessel|transferring crew|array cable major repair|transferring crew from cable::OSS::A7 to Cable Lay Vessel|cable::OSS::A7|array cable|cable::OSS::A7|array cable|1.0|1.0|0.25|0|RPR00000006|system|0|0.0|0.0|0.0|622.8930208333334|622.8930208333334
2025-05-06 20:50:39.681231|1999-01-30 22:00:00|717.9997353525455|Cable Lay Vessel|complete transfer|array cable major repair|complete|cable::OSS::A7|array cable|cable::OSS::A7|array cable|1.0|1.0|0|0|RPR00000006|system|0|0|0|0|0|0
2025-05-06 20:50:39.682317|1999-01-30 22:00:00|717.9997353525455|Cable Lay Vessel|traveling|array cable major repair|traveling from site to port|cable::OSS::A7|array cable|cable::OSS::A7|array cable|1.0|1.0|3.0436998724066506|53.0|RPR00000006|enroute|0|0|0.0|0.0|7583.59763213364|7583.59763213364
2025-05-06 20:50:39.682317|1999-01-30 22:00:00|717.999970698263|Eurkea Port|delay|power electrical system major repair|end of shift; will resume work in the next shift|y4|y4|electrical_system|electrical_system|0|0|8.0|0|RPR00000021|port|0|0.0|0.0|0.0|0.0|0.0
2025-05-06 20:50:39.683279|1999-01-30 23:06:08|719.1020807196526|hydraulic_system|repair request|minor pitch system repair|severity level 1|p4|p4|hydraulic_system|hydraulic_system|1.0|1.0|0|0|RPR00000022|na|0|0|0|0|0|0
2025-05-06 20:50:39.684279|1999-01-31 01:02:37|721.0434352249522|Cable Lay Vessel|complete travel|array cable major repair|arrived at port|cable::OSS::A7|array cable|cable::OSS::A7|array cable|1.0|1.0|0|0|RPR00000006|port|0|0|0|0|0|0
2025-05-06 20:50:39.684279|1999-01-31 01:02:37|721.0434352249522|Cable Lay Vessel|delay|array cable major repair|work shift has ended; waiting for next shift to start|cable::OSS::A7|array cable|cable::OSS::A7|array cable|1.0|1.0|4.956388888888889|0|RPR00000006|port|0|0.0|0.0|0.0|12349.200189699075|12349.200189699075
2025-05-06 20:50:39.686318|1999-01-31 06:00:00|725.9998241138411|Cable Lay Vessel|traveling|array cable major repair|traveling from port to site|cable::OSS::A7|array cable|cable::OSS::A7|array cable|1.0|1.0|3.043788633702265|53.0|RPR00000006|enroute|0|0|0.0|0.0|7583.818787299872|7583.818787299872
2025-05-06 20:50:39.686318|1999-01-31 06:00:00|725.999970698263|Eurkea Port|repair|power electrical system major repair|repair|y4|y4|electrical_system|electrical_system|0|0|16.0|0|RPR00000021|port|0|0.0|0.0|0.0|0.0|0.0
2025-05-06 20:50:39.687329|1999-01-31 09:02:38|729.0436127475434|Cable Lay Vessel|complete travel|array cable major repair|arrived at cable::OSS::A7|cable::OSS::A7|array cable|cable::OSS::A7|array cable|1.0|1.0|0|0|RPR00000006|site|0|0|0|0|0|0
2025-05-06 20:50:39.687329|1999-01-31 09:02:38|729.0436127475434|Cable Lay Vessel|transferring crew|array cable major repair|transferring crew from Cable Lay Vessel to cable::OSS::A7|cable::OSS::A7|array cable|cable::OSS::A7|array cable|1.0|1.0|0.25|0|RPR00000006|system|0|0.0|0.0|0.0|622.8930208333334|622.8930208333334
2025-05-06 20:50:39.687329|1999-01-31 09:17:38|729.2936127475434|Cable Lay Vessel|complete transfer|array cable major repair|complete|cable::OSS::A7|array cable|cable::OSS::A7|array cable|1.0|1.0|0|0|RPR00000006|system|0|0|0|0|0|0
2025-05-06 20:50:39.687329|1999-01-31 09:17:38|729.2936127475434|Cable Lay Vessel|repair|array cable major repair|repair|cable::OSS::A7|array cable|cable::OSS::A7|array cable|1.0|1.0|12.456111111111111|0|RPR00000006|system|0|0.0|0.0|0.0|31035.2987113426|31035.2987113426
2025-05-06 20:50:39.691318|1999-01-31 21:45:00|741.7497238586545|Cable Lay Vessel|transferring crew|array cable major repair|transferring crew from cable::OSS::A7 to Cable Lay Vessel|cable::OSS::A7|array cable|cable::OSS::A7|array cable|1.0|1.0|0.25|0|RPR00000006|system|0|0.0|0.0|0.0|622.8930208333334|622.8930208333334
2025-05-06 20:50:39.691318|1999-01-31 22:00:00|741.9997238586545|Cable Lay Vessel|complete transfer|array cable major repair|complete|cable::OSS::A7|array cable|cable::OSS::A7|array cable|1.0|1.0|0|0|RPR00000006|system|0|0|0|0|0|0
2025-05-06 20:50:39.691907|1999-01-31 22:00:00|741.9997238586545|Cable Lay Vessel|traveling|array cable major repair|traveling from site to port|cable::OSS::A7|array cable|cable::OSS::A7|array cable|1.0|1.0|3.0436883785156983|53.0|RPR00000006|enroute|0|0|0.0|0.0|7583.5689942758145|7583.5689942758145
2025-05-06 20:50:39.691907|1999-01-31 22:00:00|741.999970698263|Eurkea Port|delay|power electrical system major repair|end of shift; will resume work in the next shift|y4|y4|electrical_system|electrical_system|0|0|8.0|0|RPR00000021|port|0|0.0|0.0|0.0|0.0|0.0
2025-05-06 20:50:39.691907|1999-02-01 00:00:00|744|Eurkea Port|monthly lease fee|port lease||||||0|0|0|0|na|na|0|0|0|0|2083333.3333333333|2083333.3333333333
2025-05-06 20:50:39.692993|1999-02-01 01:02:37|745.0434122371703|Cable Lay Vessel|complete travel|array cable major repair|arrived at port|cable::OSS::A7|array cable|cable::OSS::A7|array cable|1.0|1.0|0|0|RPR00000006|port|0|0|0|0|0|0
2025-05-06 20:50:39.692993|1999-02-01 01:02:37|745.0434122371703|Cable Lay Vessel|delay|array cable major repair|work shift has ended; waiting for next shift to start|cable::OSS::A7|array cable|cable::OSS::A7|array cable|1.0|1.0|4.956388888888889|0|RPR00000006|port|0|0.0|0.0|0.0|12349.200189699075|12349.200189699075
2025-05-06 20:50:39.694912|1999-02-01 06:00:00|749.9998011260592|Cable Lay Vessel|traveling|array cable major repair|traveling from port to site|cable::OSS::A7|array cable|cable::OSS::A7|array cable|1.0|1.0|3.0437656459203613|53.0|RPR00000006|enroute|0|0|0.0|0.0|7583.7615115842245|7583.7615115842245
2025-05-06 20:50:39.694912|1999-02-01 06:00:00|749.999970698263|Eurkea Port|repair|power electrical system major repair|repair|y4|y4|electrical_system|electrical_system|0|0|1.0661111111111126|0|RPR00000021|port|0|0.0|0.0|0.0|0.0|0.0
2025-05-06 20:50:39.695911|1999-02-01 07:03:58|751.0660818093742|Eurkea Port|repair complete|power electrical system major repair|complete|y4||electrical_system|electrical_system|0|0|0|0|RPR00000021|na|5000.0|0|0|0|0|5000.0
2025-05-06 20:50:39.696916|1999-02-01 07:03:58|751.0660818093742|Tugboat 2|towing|towing turbine back to site||y4|y4|||0|0|0|0.0|RPR00000021|enroute|0|0.0|0.0|0.0|0.0|0.0
2025-05-06 20:50:39.696916|1999-02-01 07:03:58|751.0660818093742|Tugboat 2|complete towing|towing turbine back to site|complete|y4|y4|||0|0|0|0|RPR00000021|site|0|0.0|0.0|0.0|0.0|0.0
2025-05-06 20:50:39.696916|1999-02-01 07:03:58|751.0660818093742|Tugboat 2|mooring reconnection|power electrical system major repair|Reconnecting the mooring to y4|y4|y4|||0.0|0|4.0|0|RPR00000021|system|0|0.0|0.0|0.0|0.0|0.0
2025-05-06 20:50:39.697916|1999-02-01 09:02:37|753.0435667719796|Cable Lay Vessel|complete travel|array cable major repair|arrived at cable::OSS::A7|cable::OSS::A7|array cable|cable::OSS::A7|array cable|1.0|1.0|0|0|RPR00000006|site|0|0|0|0|0|0
2025-05-06 20:50:39.697916|1999-02-01 09:02:37|753.0435667719796|Cable Lay Vessel|transferring crew|array cable major repair|transferring crew from Cable Lay Vessel to cable::OSS::A7|cable::OSS::A7|array cable|cable::OSS::A7|array cable|1.0|1.0|0.25|0|RPR00000006|system|0|0.0|0.0|0.0|622.8930208333334|622.8930208333334
2025-05-06 20:50:39.697916|1999-02-01 09:17:37|753.2935667719796|Cable Lay Vessel|complete transfer|array cable major repair|complete|cable::OSS::A7|array cable|cable::OSS::A7|array cable|1.0|1.0|0|0|RPR00000006|system|0|0|0|0|0|0
2025-05-06 20:50:39.697916|1999-02-01 09:17:37|753.2935667719796|Cable Lay Vessel|repair|array cable major repair|repair|cable::OSS::A7|array cable|cable::OSS::A7|array cable|1.0|1.0|12.456388888888888|0|RPR00000006|system|0|0.0|0.0|0.0|31035.990814699075|31035.990814699075
2025-05-06 20:50:39.698916|1999-02-01 11:03:58|755.0660818093742|Tugboat 2|complete mooring reconnection|power electrical system major repair|complete|y4|y4|||0.0|0|0|0|RPR00000021|na|0|0|0|0|0|0
2025-05-06 20:50:39.701546|1999-02-01 11:03:58|755.0660818093742|Tugboat 2|traveling|traveling back to port after returning turbine|traveling from site to port|y4|y4|||0|0|0.0|0.0|RPR00000021|enroute|0|0|0.0|0.0|0.0|0.0
2025-05-06 20:50:39.701546|1999-02-01 11:03:58|755.0660818093742|Tugboat 2|complete travel|traveling back to port after returning turbine|arrived at port|y4|y4|||0|0|0|0|RPR00000021|port|0|0|0|0|0|0
2025-05-06 20:50:39.706434|1999-02-01 21:45:00|765.7499556608685|Cable Lay Vessel|transferring crew|array cable major repair|transferring crew from cable::OSS::A7 to Cable Lay Vessel|cable::OSS::A7|array cable|cable::OSS::A7|array cable|1.0|1.0|0.25|0|RPR00000006|system|0|0.0|0.0|0.0|622.8930208333334|622.8930208333334
2025-05-06 20:50:39.706434|1999-02-01 22:00:00|765.9999556608685|Cable Lay Vessel|complete transfer|array cable major repair|complete|cable::OSS::A7|array cable|cable::OSS::A7|array cable|1.0|1.0|0|0|RPR00000006|system|0|0|0|0|0|0
2025-05-06 20:50:39.707441|1999-02-01 22:00:00|765.9999556608685|Cable Lay Vessel|traveling|array cable major repair|traveling from site to port|cable::OSS::A7|array cable|cable::OSS::A7|array cable|1.0|1.0|3.0439201807296876|53.0|RPR00000006|enroute|0|0|0.0|0.0|7584.146546201046|7584.146546201046
2025-05-06 20:50:39.708440|1999-02-02 01:02:38|769.0438758415983|Cable Lay Vessel|complete travel|array cable major repair|arrived at port|cable::OSS::A7|array cable|cable::OSS::A7|array cable|1.0|1.0|0|0|RPR00000006|port|0|0|0|0|0|0
2025-05-06 20:50:39.708440|1999-02-02 01:02:38|769.0438758415983|Cable Lay Vessel|delay|array cable major repair|work shift has ended; waiting for next shift to start|cable::OSS::A7|array cable|cable::OSS::A7|array cable|1.0|1.0|4.956111111111111|0|RPR00000006|port|0|0.0|0.0|0.0|12348.508086342594|12348.508086342594
2025-05-06 20:50:39.710436|1999-02-02 06:00:00|773.9999869527094|Cable Lay Vessel|traveling|array cable major repair|traveling from port to site|cable::OSS::A7|array cable|cable::OSS::A7|array cable|1.0|1.0|3.043951472570543|53.0|RPR00000006|enroute|0|0|0.0|0.0|7584.224512078156|7584.224512078156
2025-05-06 20:50:39.711946|1999-02-02 09:02:39|777.04393842528|Cable Lay Vessel|complete travel|array cable major repair|arrived at cable::OSS::A7|cable::OSS::A7|array cable|cable::OSS::A7|array cable|1.0|1.0|0|0|RPR00000006|site|0|0|0|0|0|0
2025-05-06 20:50:39.711946|1999-02-02 09:02:39|777.04393842528|Cable Lay Vessel|transferring crew|array cable major repair|transferring crew from Cable Lay Vessel to cable::OSS::A7|cable::OSS::A7|array cable|cable::OSS::A7|array cable|1.0|1.0|0.25|0|RPR00000006|system|0|0.0|0.0|0.0|622.8930208333334|622.8930208333334
2025-05-06 20:50:39.711946|1999-02-02 09:17:39|777.29393842528|Cable Lay Vessel|complete transfer|array cable major repair|complete|cable::OSS::A7|array cable|cable::OSS::A7|array cable|1.0|1.0|0|0|RPR00000006|system|0|0|0|0|0|0
2025-05-06 20:50:39.711946|1999-02-02 09:17:39|777.29393842528|Cable Lay Vessel|repair|array cable major repair|repair|cable::OSS::A7|array cable|cable::OSS::A7|array cable|1.0|1.0|12.455833333333334|0|RPR00000006|system|0|0.0|0.0|0.0|31034.60660798612|31034.60660798612
2025-05-06 20:50:39.715954|1999-02-02 21:45:00|789.7497717586133|Cable Lay Vessel|transferring crew|array cable major repair|transferring crew from cable::OSS::A7 to Cable Lay Vessel|cable::OSS::A7|array cable|cable::OSS::A7|array cable|1.0|1.0|0.25|0|RPR00000006|system|0|0.0|0.0|0.0|622.8930208333334|622.8930208333334
2025-05-06 20:50:39.715954|1999-02-02 22:00:00|789.9997717586133|Cable Lay Vessel|complete transfer|array cable major repair|complete|cable::OSS::A7|array cable|cable::OSS::A7|array cable|1.0|1.0|0|0|RPR00000006|system|0|0|0|0|0|0
2025-05-06 20:50:39.716957|1999-02-02 22:00:00|789.9997717586133|Cable Lay Vessel|traveling|array cable major repair|traveling from site to port|cable::OSS::A7|array cable|cable::OSS::A7|array cable|1.0|1.0|3.043736278474457|53.0|RPR00000006|enroute|0|0|0.0|0.0|7583.68834047585|7583.68834047585
2025-05-06 20:50:39.717956|1999-02-03 01:02:37|793.0435080370878|Cable Lay Vessel|complete travel|array cable major repair|arrived at port|cable::OSS::A7|array cable|cable::OSS::A7|array cable|1.0|1.0|0|0|RPR00000006|port|0|0|0|0|0|0
2025-05-06 20:50:39.717956|1999-02-03 01:02:37|793.0435080370878|Cable Lay Vessel|delay|array cable major repair|work shift has ended; waiting for next shift to start|cable::OSS::A7|array cable|cable::OSS::A7|array cable|1.0|1.0|4.956388888888889|0|RPR00000006|port|0|0.0|0.0|0.0|12349.200189699075|12349.200189699075
2025-05-06 20:50:39.719956|1999-02-03 06:00:00|797.9998969259767|Cable Lay Vessel|traveling|array cable major repair|traveling from port to site|cable::OSS::A7|array cable|cable::OSS::A7|array cable|1.0|1.0|3.0438614458378783|53.0|RPR00000006|enroute|0|0|0.0|0.0|7584.000203984295|7584.000203984295
2025-05-06 20:50:39.719956|1999-02-03 09:02:38|801.0437583718146|Cable Lay Vessel|complete travel|array cable major repair|arrived at cable::OSS::A7|cable::OSS::A7|array cable|cable::OSS::A7|array cable|1.0|1.0|0|0|RPR00000006|site|0|0|0|0|0|0
2025-05-06 20:50:39.719956|1999-02-03 09:02:38|801.0437583718146|Cable Lay Vessel|transferring crew|array cable major repair|transferring crew from Cable Lay Vessel to cable::OSS::A7|cable::OSS::A7|array cable|cable::OSS::A7|array cable|1.0|1.0|0.25|0|RPR00000006|system|0|0.0|0.0|0.0|622.8930208333334|622.8930208333334
2025-05-06 20:50:39.719956|1999-02-03 09:17:38|801.2937583718146|Cable Lay Vessel|complete transfer|array cable major repair|complete|cable::OSS::A7|array cable|cable::OSS::A7|array cable|1.0|1.0|0|0|RPR00000006|system|0|0|0|0|0|0
2025-05-06 20:50:39.721576|1999-02-03 09:17:38|801.2937583718146|Cable Lay Vessel|repair|array cable major repair|repair|cable::OSS::A7|array cable|cable::OSS::A7|array cable|1.0|1.0|12.456111111111111|0|RPR00000006|system|0|0.0|0.0|0.0|31035.2987113426|31035.2987113426
2025-05-06 20:50:39.721576|1999-02-03 10:26:33|802.442338351829|hydraulic_system|repair request|minor pitch system repair|severity level 1|E6|E6|hydraulic_system|hydraulic_system|1.0|1.0|0|0|RPR00000023|na|0|0|0|0|0|0
2025-05-06 20:50:39.722479|1999-02-03 12:37:15|804.6207060732098|electrical_system|repair request|power electrical system minor repair|severity level 1|G4|G4|electrical_system|electrical_system|1.0|1.0|0|0|RPR00000024|na|0|0|0|0|0|0
2025-05-06 20:50:39.725477|1999-02-03 21:45:00|813.7498694829258|Cable Lay Vessel|transferring crew|array cable major repair|transferring crew from cable::OSS::A7 to Cable Lay Vessel|cable::OSS::A7|array cable|cable::OSS::A7|array cable|1.0|1.0|0.25|0|RPR00000006|system|0|0.0|0.0|0.0|622.8930208333334|622.8930208333334
2025-05-06 20:50:39.725477|1999-02-03 22:00:00|813.9998694829258|Cable Lay Vessel|complete transfer|array cable major repair|complete|cable::OSS::A7|array cable|cable::OSS::A7|array cable|1.0|1.0|0|0|RPR00000006|system|0|0|0|0|0|0
2025-05-06 20:50:39.726479|1999-02-03 22:00:00|813.9998694829258|Cable Lay Vessel|traveling|array cable major repair|traveling from site to port|cable::OSS::A7|array cable|cable::OSS::A7|array cable|1.0|1.0|3.043834002786925|53.0|RPR00000006|enroute|0|0|0.0|0.0|7583.9318276446575|7583.9318276446575
2025-05-06 20:50:39.727479|1999-02-04 01:02:38|817.0437034857127|Cable Lay Vessel|complete travel|array cable major repair|arrived at port|cable::OSS::A7|array cable|cable::OSS::A7|array cable|1.0|1.0|0|0|RPR00000006|port|0|0|0|0|0|0
2025-05-06 20:50:39.727479|1999-02-04 01:02:38|817.0437034857127|Cable Lay Vessel|delay|array cable major repair|work shift has ended; waiting for next shift to start|cable::OSS::A7|array cable|cable::OSS::A7|array cable|1.0|1.0|4.956111111111111|0|RPR00000006|port|0|0.0|0.0|0.0|12348.508086342594|12348.508086342594
2025-05-06 20:50:39.729477|1999-02-04 06:00:00|821.9998145968239|Cable Lay Vessel|traveling|array cable major repair|traveling from port to site|cable::OSS::A7|array cable|cable::OSS::A7|array cable|1.0|1.0|3.043779116685018|53.0|RPR00000006|enroute|0|0|0.0|0.0|7583.795074965384|7583.795074965384
2025-05-06 20:50:39.729477|1999-02-04 09:02:37|825.0435937135089|Cable Lay Vessel|complete travel|array cable major repair|arrived at cable::OSS::A7|cable::OSS::A7|array cable|cable::OSS::A7|array cable|1.0|1.0|0|0|RPR00000006|site|0|0|0|0|0|0
2025-05-06 20:50:39.729477|1999-02-04 09:02:37|825.0435937135089|Cable Lay Vessel|transferring crew|array cable major repair|transferring crew from Cable Lay Vessel to cable::OSS::A7|cable::OSS::A7|array cable|cable::OSS::A7|array cable|1.0|1.0|0.25|0|RPR00000006|system|0|0.0|0.0|0.0|622.8930208333334|622.8930208333334
2025-05-06 20:50:39.729477|1999-02-04 09:17:37|825.2935937135089|Cable Lay Vessel|complete transfer|array cable major repair|complete|cable::OSS::A7|array cable|cable::OSS::A7|array cable|1.0|1.0|0|0|RPR00000006|system|0|0|0|0|0|0
2025-05-06 20:50:39.731100|1999-02-04 09:17:37|825.2935937135089|Cable Lay Vessel|repair|array cable major repair|repair|cable::OSS::A7|array cable|cable::OSS::A7|array cable|1.0|1.0|11.706388888888888|0|RPR00000006|system|0|0.0|0.0|0.0|29167.31175219907|29167.31175219907
2025-05-06 20:50:39.732992|1999-02-04 19:06:09|835.1022676637359|rotor_blades|repair request|blades minor repair|severity level 1|q5|q5|rotor_blades|rotor_blades|1.0|1.0|0|0|RPR00000025|na|0|0|0|0|0|0
2025-05-06 20:50:39.732992|1999-02-04 21:00:00|836.9999826023978|Cable Lay Vessel|delay|array cable major repair|weather delay|cable::OSS::A7|array cable|cable::OSS::A7|array cable|1.0|1.0|2.0|0|RPR00000006|system|0|0|0.0|0.0|4983.144166666667|4983.144166666667
2025-05-06 20:50:39.733993|1999-02-04 23:00:00|838.9999826023978|Cable Lay Vessel|delay|array cable major repair|weather delay|cable::OSS::A7|array cable|cable::OSS::A7|array cable|1.0|1.0|15.0|0|RPR00000006|system|0|0|0.0|0.0|37373.58125|37373.58125
2025-05-06 20:50:39.736991|1999-02-05 14:00:00|853.9999826023978|Cable Lay Vessel|transferring crew|array cable major repair|transferring crew from cable::OSS::A7 to Cable Lay Vessel|cable::OSS::A7|array cable|cable::OSS::A7|array cable|1.0|1.0|0.25|0|RPR00000006|system|0|0.0|0.0|0.0|622.8930208333334|622.8930208333334
2025-05-06 20:50:39.736991|1999-02-05 14:15:00|854.2499826023978|Cable Lay Vessel|complete transfer|array cable major repair|complete|cable::OSS::A7|array cable|cable::OSS::A7|array cable|1.0|1.0|0|0|RPR00000006|system|0|0|0|0|0|0
2025-05-06 20:50:39.736991|1999-02-05 14:15:00|854.2499826023978|Cable Lay Vessel|traveling|array cable major repair|traveling from site to port|cable::OSS::A7|array cable|cable::OSS::A7|array cable|1.0|1.0|2.293947122259001|53.0|RPR00000006|enroute|0|0|0.0|0.0|5715.5346104633645|5715.5346104633645
2025-05-06 20:50:39.737994|1999-02-05 16:32:39|856.5439297246569|Cable Lay Vessel|complete travel|array cable major repair|arrived at port|cable::OSS::A7|array cable|cable::OSS::A7|array cable|1.0|1.0|0|0|RPR00000006|port|0|0|0|0|0|0
2025-05-06 20:50:39.737994|1999-02-05 16:32:39|856.5439297246569|Cable Lay Vessel|delay|array cable major repair|work shift has ended; waiting for next shift to start|cable::OSS::A7|array cable|cable::OSS::A7|array cable|1.0|1.0|13.455833333333334|0|RPR00000006|port|0|0.0|0.0|0.0|33526.17869131945|33526.17869131945
2025-05-06 20:50:39.740994|1999-02-06 06:00:00|869.9997630579902|Cable Lay Vessel|traveling|array cable major repair|traveling from port to site|cable::OSS::A7|array cable|cable::OSS::A7|array cable|1.0|1.0|3.0437275778513726|53.0|RPR00000006|enroute|0|0|0.0|0.0|7583.666662246264|7583.666662246264
2025-05-06 20:50:39.740994|1999-02-06 09:02:37|873.0434906358416|Cable Lay Vessel|complete travel|array cable major repair|arrived at cable::OSS::A7|cable::OSS::A7|array cable|cable::OSS::A7|array cable|1.0|1.0|0|0|RPR00000006|site|0|0|0|0|0|0
2025-05-06 20:50:39.742204|1999-02-06 09:02:37|873.0434906358416|Cable Lay Vessel|transferring crew|array cable major repair|transferring crew from Cable Lay Vessel to cable::OSS::A7|cable::OSS::A7|array cable|cable::OSS::A7|array cable|1.0|1.0|0.25|0|RPR00000006|system|0|0.0|0.0|0.0|622.8930208333334|622.8930208333334
2025-05-06 20:50:39.742204|1999-02-06 09:17:37|873.2934906358416|Cable Lay Vessel|complete transfer|array cable major repair|complete|cable::OSS::A7|array cable|cable::OSS::A7|array cable|1.0|1.0|0|0|RPR00000006|system|0|0|0|0|0|0
2025-05-06 20:50:39.742204|1999-02-06 09:17:37|873.2934906358416|Cable Lay Vessel|repair|array cable major repair|repair|cable::OSS::A7|array cable|cable::OSS::A7|array cable|1.0|1.0|0.7063888888888888|0|RPR00000006|system|0|0.0|0.0|0.0|1760.0188355324074|1760.0188355324074
2025-05-06 20:50:39.742204|1999-02-06 10:00:00|873.9998795247305|Cable Lay Vessel|delay|array cable major repair|weather delay|cable::OSS::A7|array cable|cable::OSS::A7|array cable|1.0|1.0|13.0|0|RPR00000006|system|0|0|0.0|0.0|32390.437083333334|32390.437083333334
2025-05-06 20:50:39.745203|1999-02-06 23:00:00|886.9998795247305|Cable Lay Vessel|traveling|array cable major repair|traveling from site to port|cable::OSS::A7|array cable|cable::OSS::A7|array cable|1.0|1.0|3.0438440445917094|53.0|RPR00000006|enroute|0|0|0.0|0.0|7583.956847525126|7583.956847525126
2025-05-06 20:50:39.746204|1999-02-07 02:00:46|890.0126973249871|electrical_system|repair request|power converter minor repair|severity level 1|A6|A6|electrical_system|electrical_system|1.0|1.0|0|0|RPR00000026|na|0|0|0|0|0|0
2025-05-06 20:50:39.746204|1999-02-07 02:02:38|890.0437235693223|Cable Lay Vessel|complete travel|array cable major repair|arrived at port|cable::OSS::A7|array cable|cable::OSS::A7|array cable|1.0|1.0|0|0|RPR00000006|port|0|0|0|0|0|0
2025-05-06 20:50:39.746204|1999-02-07 02:02:38|890.0437235693223|Cable Lay Vessel|delay|array cable major repair|weather delay|cable::OSS::A7|array cable|cable::OSS::A7|array cable|1.0|1.0|19.956155955408235|0|RPR00000006|port|0|0|0.0|0.0|49722.20106914141|49722.20106914141
2025-05-06 20:50:39.746204|1999-02-07 02:48:27|890.8073698613208|hydraulic_system|repair request|minor pitch system repair|severity level 1|F7|F7|hydraulic_system|hydraulic_system|1.0|1.0|0|0|RPR00000027|na|0|0|0|0|0|0
2025-05-06 20:50:39.748202|1999-02-07 11:01:49|899.0302473534356|hydraulic_system|repair request|minor pitch system repair|severity level 1|A5|A5|hydraulic_system|hydraulic_system|1.0|1.0|0|0|RPR00000028|na|0|0|0|0|0|0
2025-05-06 20:50:39.748202|1999-02-07 12:34:52|900.5810714442619|generator|repair request|direct drive generator minor repair|severity level 1|C2|C2|generator|generator|1.0|1.0|0|0|RPR00000029|na|0|0|0|0|0|0
2025-05-06 20:50:39.749877|1999-02-07 22:00:00|909.9998795247305|Cable Lay Vessel|delay|array cable major repair|weather unsuitable to transfer crew|cable::OSS::A7|array cable|cable::OSS::A7|array cable|1.0|1.0|8.0|0|RPR00000006|port|0|0.0|0.0|0.0|19932.576666666668|19932.576666666668
2025-05-06 20:50:39.752396|1999-02-08 06:00:00|917.9998795247305|Cable Lay Vessel|traveling|array cable major repair|traveling from port to site|cable::OSS::A7|array cable|cable::OSS::A7|array cable|1.0|1.0|3.0438440445917094|53.0|RPR00000006|enroute|0|0|0.0|0.0|7583.956847525126|7583.956847525126
2025-05-06 20:50:39.752396|1999-02-08 08:18:37|920.3101389734873|rotor_blades|repair request|blades minor repair|severity level 1|B5|B5|rotor_blades|rotor_blades|1.0|1.0|0|0|RPR00000030|na|0|0|0|0|0|0
2025-05-06 20:50:39.753397|1999-02-08 09:02:38|921.0437235693223|Cable Lay Vessel|complete travel|array cable major repair|arrived at cable::OSS::A7|cable::OSS::A7|array cable|cable::OSS::A7|array cable|1.0|1.0|0|0|RPR00000006|site|0|0|0|0|0|0
2025-05-06 20:50:39.753397|1999-02-08 09:02:38|921.0437235693223|Cable Lay Vessel|delay|array cable major repair|weather delay|cable::OSS::A7|array cable|cable::OSS::A7|array cable|1.0|1.0|2.9561111111111114|0|RPR00000006|system|0|0|0.0|0.0|7365.363919675927|7365.363919675927
2025-05-06 20:50:39.754397|1999-02-08 12:00:00|923.9998346804334|Cable Lay Vessel|transferring crew|array cable major repair|transferring crew from cable::OSS::A7 to Cable Lay Vessel|cable::OSS::A7|array cable|cable::OSS::A7|array cable|1.0|1.0|0.25|0|RPR00000006|system|0|0.0|0.0|0.0|622.8930208333334|622.8930208333334
2025-05-06 20:50:39.754397|1999-02-08 12:15:00|924.2498346804334|Cable Lay Vessel|complete transfer|array cable major repair|complete|cable::OSS::A7|array cable|cable::OSS::A7|array cable|1.0|1.0|0|0|RPR00000006|system|0|0|0|0|0|0
2025-05-06 20:50:39.754397|1999-02-08 12:15:00|924.2498346804334|Cable Lay Vessel|traveling|array cable major repair|traveling from site to port|cable::OSS::A7|array cable|cable::OSS::A7|array cable|1.0|1.0|2.293799200294588|53.0|RPR00000006|enroute|0|0|0.0|0.0|5715.166052226321|5715.166052226321
2025-05-06 20:50:39.755397|1999-02-08 14:32:38|926.5436338807281|Cable Lay Vessel|complete travel|array cable major repair|arrived at port|cable::OSS::A7|array cable|cable::OSS::A7|array cable|1.0|1.0|0|0|RPR00000006|port|0|0|0|0|0|0
2025-05-06 20:50:39.755397|1999-02-08 14:32:38|926.5436338807281|Cable Lay Vessel|delay|array cable major repair|work shift has ended; waiting for next shift to start|cable::OSS::A7|array cable|cable::OSS::A7|array cable|1.0|1.0|15.456111111111111|0|RPR00000006|port|0|0.0|0.0|0.0|38510.0149613426|38510.0149613426
2025-05-06 20:50:39.758395|1999-02-09 06:00:00|941.9997449918392|Cable Lay Vessel|traveling|array cable major repair|traveling from port to site|cable::OSS::A7|array cable|cable::OSS::A7|array cable|1.0|1.0|3.043709511700344|53.0|RPR00000006|enroute|0|0|0.0|0.0|7583.621649128709|7583.621649128709
2025-05-06 20:50:39.759397|1999-02-09 09:02:37|945.0434545035396|Cable Lay Vessel|complete travel|array cable major repair|arrived at cable::OSS::A7|cable::OSS::A7|array cable|cable::OSS::A7|array cable|1.0|1.0|0|0|RPR00000006|site|0|0|0|0|0|0
2025-05-06 20:50:39.759397|1999-02-09 09:02:37|945.0434545035396|Cable Lay Vessel|transferring crew|array cable major repair|transferring crew from Cable Lay Vessel to cable::OSS::A7|cable::OSS::A7|array cable|cable::OSS::A7|array cable|1.0|1.0|0.25|0|RPR00000006|system|0|0.0|0.0|0.0|622.8930208333334|622.8930208333334
2025-05-06 20:50:39.759397|1999-02-09 09:17:37|945.2934545035396|Cable Lay Vessel|complete transfer|array cable major repair|complete|cable::OSS::A7|array cable|cable::OSS::A7|array cable|1.0|1.0|0|0|RPR00000006|system|0|0|0|0|0|0
2025-05-06 20:50:39.760397|1999-02-09 09:17:37|945.2934545035396|Cable Lay Vessel|repair|array cable major repair|repair|cable::OSS::A7|array cable|cable::OSS::A7|array cable|1.0|1.0|11.706388888888888|0|RPR00000006|system|0|0.0|0.0|0.0|29167.31175219907|29167.31175219907
2025-05-06 20:50:39.760397|1999-02-09 11:11:16|947.187646281656|electrical_system|repair request|power electrical system minor repair|severity level 1|z2|z2|electrical_system|electrical_system|1.0|1.0|0|0|RPR00000031|na|0|0|0|0|0|0
2025-05-06 20:50:39.761904|1999-02-09 21:00:00|956.9998433924285|Cable Lay Vessel|delay|array cable major repair|weather delay|cable::OSS::A7|array cable|cable::OSS::A7|array cable|1.0|1.0|2.0|0|RPR00000006|system|0|0|0.0|0.0|4983.144166666667|4983.144166666667
2025-05-06 20:50:39.762910|1999-02-09 23:00:00|958.9998433924285|Cable Lay Vessel|delay|array cable major repair|weather delay|cable::OSS::A7|array cable|cable::OSS::A7|array cable|1.0|1.0|8.0|0|RPR00000006|system|0|0|0.0|0.0|19932.576666666668|19932.576666666668
2025-05-06 20:50:39.763911|1999-02-10 04:22:06|964.3682555872493|yaw_system|repair request|yaw system minor repair|severity level 1|D5|D5|yaw_system|yaw_system|1.0|1.0|0|0|RPR00000032|na|0|0|0|0|0|0
2025-05-06 20:50:39.764910|1999-02-10 07:00:00|966.9998433924285|Cable Lay Vessel|transferring crew|array cable major repair|transferring crew from cable::OSS::A7 to Cable Lay Vessel|cable::OSS::A7|array cable|cable::OSS::A7|array cable|1.0|1.0|0.25|0|RPR00000006|system|0|0.0|0.0|0.0|622.8930208333334|622.8930208333334
2025-05-06 20:50:39.764910|1999-02-10 07:15:00|967.2498433924285|Cable Lay Vessel|complete transfer|array cable major repair|complete|cable::OSS::A7|array cable|cable::OSS::A7|array cable|1.0|1.0|0|0|RPR00000006|system|0|0|0|0|0|0
2025-05-06 20:50:39.764910|1999-02-10 07:15:00|967.2498433924285|Cable Lay Vessel|traveling|array cable major repair|traveling from site to port|cable::OSS::A7|array cable|cable::OSS::A7|array cable|1.0|1.0|2.293807912289653|53.0|RPR00000006|enroute|0|0|0.0|0.0|5715.187758790015|5715.187758790015
2025-05-06 20:50:39.765912|1999-02-10 09:30:11|969.5030545482281|generator|repair request|direct drive generator minor repair|severity level 1|F7|F7|generator|generator|1.0|1.0|0|0|RPR00000033|na|0|0|0|0|0|0
2025-05-06 20:50:39.765912|1999-02-10 09:32:38|969.5436513047182|Cable Lay Vessel|complete travel|array cable major repair|arrived at port|cable::OSS::A7|array cable|cable::OSS::A7|array cable|1.0|1.0|0|0|RPR00000006|port|0|0|0|0|0|0
2025-05-06 20:50:39.765912|1999-02-10 09:32:38|969.5436513047182|Cable Lay Vessel|delay|array cable major repair|work shift has ended; waiting for next shift to start|cable::OSS::A7|array cable|cable::OSS::A7|array cable|1.0|1.0|20.456111111111113|0|RPR00000006|port|0|0.0|0.0|0.0|50967.87537800927|50967.87537800927
2025-05-06 20:50:39.768909|1999-02-11 04:48:22|988.8060434501456|electrical_system|repair request|power converter minor repair|severity level 1|z2|z2|electrical_system|electrical_system|1.0|1.0|0|0|RPR00000034|na|0|0|0|0|0|0
2025-05-06 20:50:39.769911|1999-02-11 06:00:00|989.9997624158293|Cable Lay Vessel|traveling|array cable major repair|traveling from port to site|cable::OSS::A7|array cable|cable::OSS::A7|array cable|1.0|1.0|3.043726935690474|53.0|RPR00000006|enroute|0|0|0.0|0.0|7583.665062256097|7583.665062256097
2025-05-06 20:50:39.771554|1999-02-11 09:02:37|993.0434893515198|Cable Lay Vessel|complete travel|array cable major repair|arrived at cable::OSS::A7|cable::OSS::A7|array cable|cable::OSS::A7|array cable|1.0|1.0|0|0|RPR00000006|site|0|0|0|0|0|0
2025-05-06 20:50:39.771554|1999-02-11 09:02:37|993.0434893515198|Cable Lay Vessel|transferring crew|array cable major repair|transferring crew from Cable Lay Vessel to cable::OSS::A7|cable::OSS::A7|array cable|cable::OSS::A7|array cable|1.0|1.0|0.25|0|RPR00000006|system|0|0.0|0.0|0.0|622.8930208333334|622.8930208333334
2025-05-06 20:50:39.771554|1999-02-11 09:17:37|993.2934893515198|Cable Lay Vessel|complete transfer|array cable major repair|complete|cable::OSS::A7|array cable|cable::OSS::A7|array cable|1.0|1.0|0|0|RPR00000006|system|0|0|0|0|0|0
2025-05-06 20:50:39.771554|1999-02-11 09:17:37|993.2934893515198|Cable Lay Vessel|repair|array cable major repair|repair|cable::OSS::A7|array cable|cable::OSS::A7|array cable|1.0|1.0|12.456388888888888|0|RPR00000006|system|0|0.0|0.0|0.0|31035.990814699075|31035.990814699075
2025-05-06 20:50:39.774426|1999-02-11 21:45:00|1005.7498782404087|Cable Lay Vessel|transferring crew|array cable major repair|transferring crew from cable::OSS::A7 to Cable Lay Vessel|cable::OSS::A7|array cable|cable::OSS::A7|array cable|1.0|1.0|0.25|0|RPR00000006|system|0|0.0|0.0|0.0|622.8930208333334|622.8930208333334
2025-05-06 20:50:39.774426|1999-02-11 22:00:00|1005.9998782404087|Cable Lay Vessel|complete transfer|array cable major repair|complete|cable::OSS::A7|array cable|cable::OSS::A7|array cable|1.0|1.0|0|0|RPR00000006|system|0|0|0|0|0|0
2025-05-06 20:50:39.775427|1999-02-11 22:00:00|1005.9998782404087|Cable Lay Vessel|traveling|array cable major repair|traveling from site to port|cable::OSS::A7|array cable|cable::OSS::A7|array cable|1.0|1.0|3.0438427602699125|53.0|RPR00000006|enroute|0|0|0.0|0.0|7583.953647544791|7583.953647544791
2025-05-06 20:50:39.775427|1999-02-12 00:26:30|1008.441446594874|hydraulic_system|repair request|minor pitch system repair|severity level 1|C5|C5|hydraulic_system|hydraulic_system|1.0|1.0|0|0|RPR00000035|na|0|0|0|0|0|0
2025-05-06 20:50:39.776504|1999-02-12 01:02:38|1009.0437210006787|Cable Lay Vessel|complete travel|array cable major repair|arrived at port|cable::OSS::A7|array cable|cable::OSS::A7|array cable|1.0|1.0|0|0|RPR00000006|port|0|0|0|0|0|0
2025-05-06 20:50:39.776504|1999-02-12 01:02:38|1009.0437210006787|Cable Lay Vessel|delay|array cable major repair|work shift has ended; waiting for next shift to start|cable::OSS::A7|array cable|cable::OSS::A7|array cable|1.0|1.0|4.956111111111111|0|RPR00000006|port|0|0.0|0.0|0.0|12348.508086342594|12348.508086342594
2025-05-06 20:50:39.776504|1999-02-12 02:28:51|1010.4805777208855|hydraulic_system|repair request|major pitch system repair|severity level 2|i2|i2|hydraulic_system|hydraulic_system|1.0|1.0|0|0|RPR00000036|na|0|0|0|0|0|0
2025-05-06 20:50:39.778517|1999-02-12 06:00:00|1013.9998321117898|Cable Lay Vessel|traveling|array cable major repair|traveling from port to site|cable::OSS::A7|array cable|cable::OSS::A7|array cable|1.0|1.0|3.0437966316509937|53.0|RPR00000006|enroute|0|0|0.0|0.0|7583.838714765649|7583.838714765649
2025-05-06 20:50:39.779518|1999-02-12 09:02:38|1017.0436287434409|Cable Lay Vessel|complete travel|array cable major repair|arrived at cable::OSS::A7|cable::OSS::A7|array cable|cable::OSS::A7|array cable|1.0|1.0|0|0|RPR00000006|site|0|0|0|0|0|0
2025-05-06 20:50:39.779518|1999-02-12 09:02:38|1017.0436287434409|Cable Lay Vessel|transferring crew|array cable major repair|transferring crew from Cable Lay Vessel to cable::OSS::A7|cable::OSS::A7|array cable|cable::OSS::A7|array cable|1.0|1.0|0.25|0|RPR00000006|system|0|0.0|0.0|0.0|622.8930208333334|622.8930208333334
2025-05-06 20:50:39.779518|1999-02-12 09:17:38|1017.2936287434409|Cable Lay Vessel|complete transfer|array cable major repair|complete|cable::OSS::A7|array cable|cable::OSS::A7|array cable|1.0|1.0|0|0|RPR00000006|system|0|0|0|0|0|0
2025-05-06 20:50:39.779518|1999-02-12 09:17:38|1017.2936287434409|Cable Lay Vessel|repair|array cable major repair|repair|cable::OSS::A7|array cable|cable::OSS::A7|array cable|1.0|1.0|10.706111111111111|0|RPR00000006|system|0|0.0|0.0|0.0|26675.047565509263|26675.047565509263
2025-05-06 20:50:39.783029|1999-02-12 20:00:00|1027.999739854552|Cable Lay Vessel|delay|array cable major repair|weather delay|cable::OSS::A7|array cable|cable::OSS::A7|array cable|1.0|1.0|2.0|0|RPR00000006|system|0|0|0.0|0.0|4983.144166666667|4983.144166666667
2025-05-06 20:50:39.784033|1999-02-12 22:00:00|1029.999739854552|Cable Lay Vessel|traveling|array cable major repair|traveling from site to port|cable::OSS::A7|array cable|cable::OSS::A7|array cable|1.0|1.0|3.0437043744131547|53.0|RPR00000006|enroute|0|0|0.0|0.0|7583.608849207365|7583.608849207365
2025-05-06 20:50:39.785035|1999-02-12 23:46:33|1031.7756320779197|electrical_system|repair request|power converter major repair|severity level 2|w3|w3|electrical_system|electrical_system|1.0|1.0|0|0|RPR00000037|na|0|0|0|0|0|0
2025-05-06 20:50:39.787035|1999-02-12 23:46:43|1031.7784098556974|Tugboat 1|delay|power converter major repair|insufficient time to complete travel before end of the shift|w3|w3|||0|0|6.221388888888889|0|RPR00000037|port|0|0.0|0.0|0.0|0.0|0.0
2025-05-06 20:50:39.788034|1999-02-13 01:02:37|1033.0434442289652|Cable Lay Vessel|complete travel|array cable major repair|arrived at port|cable::OSS::A7|array cable|cable::OSS::A7|array cable|1.0|1.0|0|0|RPR00000006|port|0|0|0|0|0|0
2025-05-06 20:50:39.788034|1999-02-13 01:02:37|1033.0434442289652|Cable Lay Vessel|delay|array cable major repair|weather unsuitable to transfer crew|cable::OSS::A7|array cable|cable::OSS::A7|array cable|1.0|1.0|4.956388888888889|0|RPR00000006|port|0|0.0|0.0|0.0|12349.200189699075|12349.200189699075
2025-05-06 20:50:39.791034|1999-02-13 06:00:00|1037.9997987445863|Tugboat 1|traveling|power converter major repair|traveling from port to site|w3|w3|||0|0|0.0|0.0|RPR00000037|enroute|0|0|0.0|0.0|0.0|0.0
2025-05-06 20:50:39.791540|1999-02-13 06:00:00|1037.9997987445863|Tugboat 1|complete travel|power converter major repair|arrived at w3|w3|w3|||0|0|0|0|RPR00000037|site|0|0|0|0|0|0
2025-05-06 20:50:39.792544|1999-02-13 06:00:00|1037.9997987445863|Tugboat 1|delay|power converter major repair|weather delay|w3|w3|||0.0|0|12.0|0|RPR00000037|site|0|0|0.0|0.0|0.0|0.0
2025-05-06 20:50:39.793549|1999-02-13 06:00:00|1037.999833117854|Cable Lay Vessel|traveling|array cable major repair|traveling from port to site|cable::OSS::A7|array cable|cable::OSS::A7|array cable|1.0|1.0|3.0437976377151603|53.0|RPR00000006|enroute|0|0|0.0|0.0|7583.84122144704|7583.84122144704
2025-05-06 20:50:39.794549|1999-02-13 09:02:38|1041.0436307555692|Cable Lay Vessel|complete travel|array cable major repair|arrived at cable::OSS::A7|cable::OSS::A7|array cable|cable::OSS::A7|array cable|1.0|1.0|0|0|RPR00000006|site|0|0|0|0|0|0
2025-05-06 20:50:39.795547|1999-02-13 09:02:38|1041.0436307555692|Cable Lay Vessel|transferring crew|array cable major repair|transferring crew from cable::OSS::A7 to Cable Lay Vessel|cable::OSS::A7|array cable|cable::OSS::A7|array cable|1.0|1.0|0.25|0|RPR00000006|system|0|0.0|0.0|0.0|622.8930208333334|622.8930208333334
2025-05-06 20:50:39.795547|1999-02-13 09:17:38|1041.2936307555692|Cable Lay Vessel|complete transfer|array cable major repair|complete|cable::OSS::A7|array cable|cable::OSS::A7|array cable|1.0|1.0|0|0|RPR00000006|system|0|0|0|0|0|0
2025-05-06 20:50:39.796549|1999-02-13 09:17:38|1041.2936307555692|Cable Lay Vessel|traveling|array cable major repair|traveling from site to port|cable::OSS::A7|array cable|cable::OSS::A7|array cable|1.0|1.0|2.337595275430376|53.0|RPR00000006|enroute|0|0|0.0|0.0|5824.28713039422|5824.28713039422
2025-05-06 20:50:39.796549|1999-02-13 10:39:32|1042.6588716222084|drive_train|repair request|main shaft minor repair|severity level 1|r2|r2|drive_train|drive_train|1.0|1.0|0|0|RPR00000038|na|0|0|0|0|0|0
2025-05-06 20:50:39.797550|1999-02-13 11:37:53|1043.6312260309996|Cable Lay Vessel|complete travel|array cable major repair|arrived at port|cable::OSS::A7|array cable|cable::OSS::A7|array cable|1.0|1.0|0|0|RPR00000006|port|0|0|0|0|0|0
2025-05-06 20:50:39.797550|1999-02-13 11:37:53|1043.6312260309996|Cable Lay Vessel|delay|array cable major repair|work shift has ended; waiting for next shift to start|cable::OSS::A7|array cable|cable::OSS::A7|array cable|1.0|1.0|18.36861111111111|0|RPR00000006|port|0|0.0|0.0|0.0|45766.71865405093|45766.71865405093
2025-05-06 20:50:39.799547|1999-02-13 18:00:00|1049.9997987445863|Tugboat 1|delay|power converter major repair|weather unsuitable for unmooring|w3|w3|||0.0|0|12.0|0|RPR00000037|site|0|0.0|0.0|0.0|0.0|0.0
2025-05-06 20:50:39.803054|1999-02-14 06:00:00|1061.9997987445863|Tugboat 1|delay|power converter major repair|weather delay|w3|w3|||0.0|0|1.0|0|RPR00000037|site|0|0|0.0|0.0|0.0|0.0
2025-05-06 20:50:39.805089|1999-02-14 06:00:00|1061.9998371421107|Cable Lay Vessel|traveling|array cable major repair|traveling from port to site|cable::OSS::A7|array cable|cable::OSS::A7|array cable|1.0|1.0|3.0438016619718287|53.0|RPR00000006|enroute|0|0|0.0|0.0|7583.851248172612|7583.851248172612
2025-05-06 20:50:39.805089|1999-02-14 07:00:00|1062.9997987445863|Tugboat 1|unmooring|power converter major repair|Unmooring w3 to tow to port|w3|w3|||0.0|0|2.0|0|RPR00000037|system|0|0.0|0.0|0.0|0.0|0.0
2025-05-06 20:50:39.806135|1999-02-14 09:00:00|1064.9997987445863|Tugboat 1|complete unmooring|power converter major repair|complete|w3|w3|||0.0|0|0|0|RPR00000037|na|0|0|0|0|0|0
2025-05-06 20:50:39.806135|1999-02-14 09:00:00|1064.9997987445863|Tugboat 1|towing|towing turbine to port||w3|w3|||0|0|0|0.0|RPR00000037|enroute|0|0.0|0.0|0.0|0.0|0.0
2025-05-06 20:50:39.806135|1999-02-14 09:00:00|1064.9997987445863|Tugboat 1|complete towing|towing turbine to port|complete|w3|w3|||0|0|0|0|RPR00000037|port|0|0.0|0.0|0.0|0.0|0.0
2025-05-06 20:50:39.806135|1999-02-14 09:00:00|1064.9997987445863|Eurkea Port|requests being moved|||w3|w3|electrical_system|electrical_system|nan|nan|0|0|RPR00000037|na|0|0|0|0|0|0
2025-05-06 20:50:39.806135|1999-02-14 09:00:00|1064.9997987445863|Eurkea Port|requests moved to port|at-port repair can now proceed||w3|w3|electrical_system|electrical_system|nan|nan|0|0|RPR00000037|na|0|0|0|0|0|0
2025-05-06 20:50:39.806135|1999-02-14 09:00:00|1064.9997987445863|Eurkea Port|repair|power converter major repair|repair|w3|w3|electrical_system|electrical_system|0|0|13.0|0|RPR00000037|port|0|0.0|0.0|0.0|0.0|0.0
2025-05-06 20:50:39.807058|1999-02-14 09:02:38|1065.0436388040825|Cable Lay Vessel|complete travel|array cable major repair|arrived at cable::OSS::A7|cable::OSS::A7|array cable|cable::OSS::A7|array cable|1.0|1.0|0|0|RPR00000006|site|0|0|0|0|0|0
2025-05-06 20:50:39.807058|1999-02-14 09:02:38|1065.0436388040825|Cable Lay Vessel|transferring crew|array cable major repair|transferring crew from Cable Lay Vessel to cable::OSS::A7|cable::OSS::A7|array cable|cable::OSS::A7|array cable|1.0|1.0|0.25|0|RPR00000006|system|0|0.0|0.0|0.0|622.8930208333334|622.8930208333334
2025-05-06 20:50:39.807058|1999-02-14 09:17:38|1065.2936388040825|Cable Lay Vessel|complete transfer|array cable major repair|complete|cable::OSS::A7|array cable|cable::OSS::A7|array cable|1.0|1.0|0|0|RPR00000006|system|0|0|0|0|0|0
2025-05-06 20:50:39.807058|1999-02-14 09:17:38|1065.2936388040825|Cable Lay Vessel|repair|array cable major repair|repair|cable::OSS::A7|array cable|cable::OSS::A7|array cable|1.0|1.0|12.456111111111111|0|RPR00000006|system|0|0.0|0.0|0.0|31035.2987113426|31035.2987113426
2025-05-06 20:50:39.811057|1999-02-14 21:45:00|1077.7497499151937|Cable Lay Vessel|transferring crew|array cable major repair|transferring crew from cable::OSS::A7 to Cable Lay Vessel|cable::OSS::A7|array cable|cable::OSS::A7|array cable|1.0|1.0|0.25|0|RPR00000006|system|0|0.0|0.0|0.0|622.8930208333334|622.8930208333334
2025-05-06 20:50:39.811057|1999-02-14 22:00:00|1077.9997499151937|Cable Lay Vessel|complete transfer|array cable major repair|complete|cable::OSS::A7|array cable|cable::OSS::A7|array cable|1.0|1.0|0|0|RPR00000006|system|0|0|0|0|0|0
2025-05-06 20:50:39.811057|1999-02-14 22:00:00|1077.9997499151937|Cable Lay Vessel|traveling|array cable major repair|traveling from site to port|cable::OSS::A7|array cable|cable::OSS::A7|array cable|1.0|1.0|3.043714435054825|53.0|RPR00000006|enroute|0|0|0.0|0.0|7583.633916021291|7583.633916021291
2025-05-06 20:50:39.811057|1999-02-14 22:00:00|1077.9997987445863|Eurkea Port|delay|power converter major repair|end of shift; will resume work in the next shift|w3|w3|electrical_system|electrical_system|0|0|8.0|0|RPR00000037|port|0|0.0|0.0|0.0|0.0|0.0
2025-05-06 20:50:39.812525|1999-02-15 01:02:37|1081.0434643502485|Cable Lay Vessel|complete travel|array cable major repair|arrived at port|cable::OSS::A7|array cable|cable::OSS::A7|array cable|1.0|1.0|0|0|RPR00000006|port|0|0|0|0|0|0
2025-05-06 20:50:39.812525|1999-02-15 01:02:37|1081.0434643502485|Cable Lay Vessel|delay|array cable major repair|work shift has ended; waiting for next shift to start|cable::OSS::A7|array cable|cable::OSS::A7|array cable|1.0|1.0|4.956388888888889|0|RPR00000006|port|0|0.0|0.0|0.0|12349.200189699075|12349.200189699075
2025-05-06 20:50:39.813526|1999-02-15 06:00:00|1085.9997987445863|Eurkea Port|repair|power converter major repair|repair|w3|w3|electrical_system|electrical_system|0|0|15.0|0|RPR00000037|port|0|0.0|0.0|0.0|0.0|0.0
2025-05-06 20:50:39.814523|1999-02-15 06:00:00|1085.9998532391373|Cable Lay Vessel|traveling|array cable major repair|traveling from port to site|cable::OSS::A7|array cable|cable::OSS::A7|array cable|1.0|1.0|3.0438177589985025|53.0|RPR00000006|enroute|0|0|0.0|0.0|7583.891355074897|7583.891355074897
2025-05-06 20:50:39.815524|1999-02-15 09:02:38|1089.043670998136|Cable Lay Vessel|complete travel|array cable major repair|arrived at cable::OSS::A7|cable::OSS::A7|array cable|cable::OSS::A7|array cable|1.0|1.0|0|0|RPR00000006|site|0|0|0|0|0|0
2025-05-06 20:50:39.816524|1999-02-15 09:02:38|1089.043670998136|Cable Lay Vessel|transferring crew|array cable major repair|transferring crew from Cable Lay Vessel to cable::OSS::A7|cable::OSS::A7|array cable|cable::OSS::A7|array cable|1.0|1.0|0.25|0|RPR00000006|system|0|0.0|0.0|0.0|622.8930208333334|622.8930208333334
2025-05-06 20:50:39.816524|1999-02-15 09:17:38|1089.293670998136|Cable Lay Vessel|complete transfer|array cable major repair|complete|cable::OSS::A7|array cable|cable::OSS::A7|array cable|1.0|1.0|0|0|RPR00000006|system|0|0|0|0|0|0
2025-05-06 20:50:39.816524|1999-02-15 09:17:38|1089.293670998136|Cable Lay Vessel|repair|array cable major repair|repair|cable::OSS::A7|array cable|cable::OSS::A7|array cable|1.0|1.0|12.456111111111111|0|RPR00000006|system|0|0.0|0.0|0.0|31035.2987113426|31035.2987113426
2025-05-06 20:50:39.818524|1999-02-15 21:00:00|1100.9997987445863|Eurkea Port|repair complete|power converter major repair|complete|w3||electrical_system|electrical_system|0|0|0|0|RPR00000037|na|7000.0|0|0|0|0|7000.0
2025-05-06 20:50:39.819526|1999-02-15 21:00:00|1100.9997987445863|Tugboat 2|towing|towing turbine back to site||w3|w3|||0|0|0|0.0|RPR00000037|enroute|0|0.0|0.0|0.0|0.0|0.0
2025-05-06 20:50:39.819526|1999-02-15 21:00:00|1100.9997987445863|Tugboat 2|complete towing|towing turbine back to site|complete|w3|w3|||0|0|0|0|RPR00000037|site|0|0.0|0.0|0.0|0.0|0.0
2025-05-06 20:50:39.819526|1999-02-15 21:00:00|1100.9997987445863|Tugboat 2|delay|power converter major repair|weather delay|w3|w3|||0.0|0|10.0|0|RPR00000037|site|0|0|0.0|0.0|0.0|0.0
2025-05-06 20:50:39.819526|1999-02-15 21:45:00|1101.749782109247|Cable Lay Vessel|transferring crew|array cable major repair|transferring crew from cable::OSS::A7 to Cable Lay Vessel|cable::OSS::A7|array cable|cable::OSS::A7|array cable|1.0|1.0|0.25|0|RPR00000006|system|0|0.0|0.0|0.0|622.8930208333334|622.8930208333334
2025-05-06 20:50:39.819526|1999-02-15 22:00:00|1101.999782109247|Cable Lay Vessel|complete transfer|array cable major repair|complete|cable::OSS::A7|array cable|cable::OSS::A7|array cable|1.0|1.0|0|0|RPR00000006|system|0|0|0|0|0|0
2025-05-06 20:50:39.821030|1999-02-15 22:00:00|1101.999782109247|Cable Lay Vessel|traveling|array cable major repair|traveling from site to port|cable::OSS::A7|array cable|cable::OSS::A7|array cable|1.0|1.0|3.0437466291081727|53.0|RPR00000006|enroute|0|0|0.0|0.0|7583.71412982586|7583.71412982586
2025-05-06 20:50:39.822036|1999-02-16 01:02:37|1105.0435287383552|Cable Lay Vessel|complete travel|array cable major repair|arrived at port|cable::OSS::A7|array cable|cable::OSS::A7|array cable|1.0|1.0|0|0|RPR00000006|port|0|0|0|0|0|0
2025-05-06 20:50:39.822036|1999-02-16 01:02:37|1105.0435287383552|Cable Lay Vessel|delay|array cable major repair|work shift has ended; waiting for next shift to start|cable::OSS::A7|array cable|cable::OSS::A7|array cable|1.0|1.0|4.956388888888889|0|RPR00000006|port|0|0.0|0.0|0.0|12349.200189699075|12349.200189699075
2025-05-06 20:50:39.824078|1999-02-16 06:00:00|1109.999917627244|Cable Lay Vessel|traveling|array cable major repair|traveling from port to site|cable::OSS::A7|array cable|cable::OSS::A7|array cable|1.0|1.0|3.0438821471051956|53.0|RPR00000006|enroute|0|0|0.0|0.0|7584.051782684031|7584.051782684031
2025-05-06 20:50:39.824078|1999-02-16 07:00:00|1110.9997987445863|Tugboat 2|mooring reconnection|power converter major repair|Reconnecting the mooring to w3|w3|w3|||0.0|0|4.0|0|RPR00000037|system|0|0.0|0.0|0.0|0.0|0.0
2025-05-06 20:50:39.824078|1999-02-16 09:02:38|1113.0437997743493|Cable Lay Vessel|complete travel|array cable major repair|arrived at cable::OSS::A7|cable::OSS::A7|array cable|cable::OSS::A7|array cable|1.0|1.0|0|0|RPR00000006|site|0|0|0|0|0|0
2025-05-06 20:50:39.825128|1999-02-16 09:02:38|1113.0437997743493|Cable Lay Vessel|transferring crew|array cable major repair|transferring crew from Cable Lay Vessel to cable::OSS::A7|cable::OSS::A7|array cable|cable::OSS::A7|array cable|1.0|1.0|0.25|0|RPR00000006|system|0|0.0|0.0|0.0|622.8930208333334|622.8930208333334
2025-05-06 20:50:39.825128|1999-02-16 09:17:38|1113.2937997743493|Cable Lay Vessel|complete transfer|array cable major repair|complete|cable::OSS::A7|array cable|cable::OSS::A7|array cable|1.0|1.0|0|0|RPR00000006|system|0|0|0|0|0|0
2025-05-06 20:50:39.825128|1999-02-16 09:17:38|1113.2937997743493|Cable Lay Vessel|repair|array cable major repair|repair|cable::OSS::A7|array cable|cable::OSS::A7|array cable|1.0|1.0|3.7061111111111114|0|RPR00000006|system|0|0.0|0.0|0.0|9234.042982175926|9234.042982175926
2025-05-06 20:50:39.825128|1999-02-16 11:00:00|1114.9997987445863|Tugboat 2|complete mooring reconnection|power converter major repair|complete|w3|w3|||0.0|0|0|0|RPR00000037|na|0|0|0|0|0|0
2025-05-06 20:50:39.827035|1999-02-16 11:00:00|1114.9997987445863|Tugboat 2|traveling|traveling back to port after returning turbine|traveling from site to port|w3|w3|||0|0|0.0|0.0|RPR00000037|enroute|0|0|0.0|0.0|0.0|0.0
2025-05-06 20:50:39.827035|1999-02-16 11:00:00|1114.9997987445863|Tugboat 2|complete travel|traveling back to port after returning turbine|arrived at port|w3|w3|||0|0|0|0|RPR00000037|port|0|0|0|0|0|0
2025-05-06 20:50:39.829035|1999-02-16 13:00:00|1116.9999108854604|Cable Lay Vessel|delay|array cable major repair|weather delay|cable::OSS::A7|array cable|cable::OSS::A7|array cable|1.0|1.0|10.0|0|RPR00000006|system|0|0|0.0|0.0|24915.720833333336|24915.720833333336
2025-05-06 20:50:39.831578|1999-02-16 23:00:00|1126.9999108854604|Cable Lay Vessel|traveling|array cable major repair|traveling from site to port|cable::OSS::A7|array cable|cable::OSS::A7|array cable|1.0|1.0|3.0438754053215593|53.0|RPR00000006|enroute|0|0|0.0|0.0|7584.034985044133|7584.034985044133
2025-05-06 20:50:39.832582|1999-02-17 02:02:38|1130.043786290782|Cable Lay Vessel|complete travel|array cable major repair|arrived at port|cable::OSS::A7|array cable|cable::OSS::A7|array cable|1.0|1.0|0|0|RPR00000006|port|0|0|0|0|0|0
2025-05-06 20:50:39.832582|1999-02-17 02:02:38|1130.043786290782|Cable Lay Vessel|delay|array cable major repair|weather delay|cable::OSS::A7|array cable|cable::OSS::A7|array cable|1.0|1.0|19.956124594678386|0|RPR00000006|port|0|0|0.0|0.0|49722.1229316224|49722.1229316224
2025-05-06 20:50:39.834895|1999-02-17 12:16:03|1140.2673679177806|drive_train|repair request|main shaft minor repair|severity level 1|i2|i2|drive_train|drive_train|1.0|1.0|0|0|RPR00000039|na|0|0|0|0|0|0
2025-05-06 20:50:39.837393|1999-02-17 22:00:00|1149.9999108854604|Cable Lay Vessel|delay|array cable major repair|weather unsuitable to transfer crew|cable::OSS::A7|array cable|cable::OSS::A7|array cable|1.0|1.0|8.0|0|RPR00000006|port|0|0.0|0.0|0.0|19932.576666666668|19932.576666666668
2025-05-06 20:50:39.837393|1999-02-17 23:28:26|1151.4737677620149|electrical_system|repair request|power converter minor repair|severity level 1|F5|F5|electrical_system|electrical_system|1.0|1.0|0|0|RPR00000040|na|0|0|0|0|0|0
2025-05-06 20:50:39.839718|1999-02-18 06:00:00|1157.9999108854604|Cable Lay Vessel|traveling|array cable major repair|traveling from port to site|cable::OSS::A7|array cable|cable::OSS::A7|array cable|1.0|1.0|3.0438754053215593|53.0|RPR00000006|enroute|0|0|0.0|0.0|7584.034985044133|7584.034985044133
2025-05-06 20:50:39.841029|1999-02-18 09:02:38|1161.043786290782|Cable Lay Vessel|complete travel|array cable major repair|arrived at cable::OSS::A7|cable::OSS::A7|array cable|cable::OSS::A7|array cable|1.0|1.0|0|0|RPR00000006|site|0|0|0|0|0|0
2025-05-06 20:50:39.842033|1999-02-18 09:02:38|1161.043786290782|Cable Lay Vessel|delay|array cable major repair|weather delay|cable::OSS::A7|array cable|cable::OSS::A7|array cable|1.0|1.0|2.9561111111111114|0|RPR00000006|system|0|0|0.0|0.0|7365.363919675927|7365.363919675927
2025-05-06 20:50:39.842033|1999-02-18 12:00:00|1163.9998974018931|Cable Lay Vessel|transferring crew|array cable major repair|transferring crew from cable::OSS::A7 to Cable Lay Vessel|cable::OSS::A7|array cable|cable::OSS::A7|array cable|1.0|1.0|0.25|0|RPR00000006|system|0|0.0|0.0|0.0|622.8930208333334|622.8930208333334
2025-05-06 20:50:39.842033|1999-02-18 12:15:00|1164.2498974018931|Cable Lay Vessel|complete transfer|array cable major repair|complete|cable::OSS::A7|array cable|cable::OSS::A7|array cable|1.0|1.0|0|0|RPR00000006|system|0|0|0|0|0|0
2025-05-06 20:50:39.843033|1999-02-18 12:15:00|1164.2498974018931|Cable Lay Vessel|traveling|array cable major repair|traveling from site to port|cable::OSS::A7|array cable|cable::OSS::A7|array cable|1.0|1.0|2.293861921754287|53.0|RPR00000006|enroute|0|0|0.0|0.0|5715.322327264333|5715.322327264333
2025-05-06 20:50:39.844037|1999-02-18 14:32:38|1166.5437593236475|Cable Lay Vessel|complete travel|array cable major repair|arrived at port|cable::OSS::A7|array cable|cable::OSS::A7|array cable|1.0|1.0|0|0|RPR00000006|port|0|0|0|0|0|0
2025-05-06 20:50:39.844037|1999-02-18 14:32:38|1166.5437593236475|Cable Lay Vessel|delay|array cable major repair|work shift has ended; waiting for next shift to start|cable::OSS::A7|array cable|cable::OSS::A7|array cable|1.0|1.0|15.456111111111111|0|RPR00000006|port|0|0.0|0.0|0.0|38510.0149613426|38510.0149613426
2025-05-06 20:50:39.846036|1999-02-19 03:56:19|1179.938606263097|electrical_system|repair request|power converter major repair|severity level 2|G1|G1|electrical_system|electrical_system|1.0|1.0|0|0|RPR00000041|na|0|0|0|0|0|0
2025-05-06 20:50:39.848037|1999-02-19 03:56:42|1179.944995151986|Tugboat 1|delay|power converter major repair|insufficient time to complete travel before end of the shift|G1|G1|||0|0|2.055|0|RPR00000041|port|0|0.0|0.0|0.0|0.0|0.0
2025-05-06 20:50:39.848037|1999-02-19 06:00:00|1181.9998704347586|Cable Lay Vessel|traveling|array cable major repair|traveling from port to site|cable::OSS::A7|array cable|cable::OSS::A7|array cable|1.0|1.0|3.043834954619742|53.0|RPR00000006|enroute|0|0|0.0|0.0|7583.934199204733|7583.934199204733
2025-05-06 20:50:39.849616|1999-02-19 06:00:00|1181.999995151986|Tugboat 1|traveling|power converter major repair|traveling from port to site|G1|G1|||0|0|0.0|0.0|RPR00000041|enroute|0|0|0.0|0.0|0.0|0.0
2025-05-06 20:50:39.849616|1999-02-19 06:00:00|1181.999995151986|Tugboat 1|complete travel|power converter major repair|arrived at G1|G1|G1|||0|0|0|0|RPR00000041|site|0|0|0|0|0|0
2025-05-06 20:50:39.852058|1999-02-19 06:00:00|1181.999995151986|Tugboat 1|delay|power converter major repair|weather delay|G1|G1|||0.0|0|12.0|0|RPR00000041|site|0|0|0.0|0.0|0.0|0.0
2025-05-06 20:50:39.852058|1999-02-19 09:02:38|1185.0437053893784|Cable Lay Vessel|complete travel|array cable major repair|arrived at cable::OSS::A7|cable::OSS::A7|array cable|cable::OSS::A7|array cable|1.0|1.0|0|0|RPR00000006|site|0|0|0|0|0|0
2025-05-06 20:50:39.853058|1999-02-19 09:02:38|1185.0437053893784|Cable Lay Vessel|delay|array cable major repair|weather delay|cable::OSS::A7|array cable|cable::OSS::A7|array cable|1.0|1.0|10.956111111111111|0|RPR00000006|system|0|0|0.0|0.0|27297.940586342593|27297.940586342593
2025-05-06 20:50:39.854057|1999-02-19 18:00:00|1193.999995151986|Tugboat 1|delay|power converter major repair|weather unsuitable for unmooring|G1|G1|||0.0|0|12.0|0|RPR00000041|site|0|0.0|0.0|0.0|0.0|0.0
2025-05-06 20:50:39.854057|1999-02-19 20:00:00|1195.9998165004895|Cable Lay Vessel|transferring crew|array cable major repair|transferring crew from Cable Lay Vessel to cable::OSS::A7|cable::OSS::A7|array cable|cable::OSS::A7|array cable|1.0|1.0|0.25|0|RPR00000006|system|0|0.0|0.0|0.0|622.8930208333334|622.8930208333334
2025-05-06 20:50:39.855056|1999-02-19 20:15:00|1196.2498165004895|Cable Lay Vessel|complete transfer|array cable major repair|complete|cable::OSS::A7|array cable|cable::OSS::A7|array cable|1.0|1.0|0|0|RPR00000006|system|0|0|0|0|0|0
2025-05-06 20:50:39.855056|1999-02-19 20:15:00|1196.2498165004895|Cable Lay Vessel|repair|array cable major repair|repair|cable::OSS::A7|array cable|cable::OSS::A7|array cable|1.0|1.0|1.5|0|RPR00000006|system|0|0.0|0.0|0.0|3737.358125|3737.358125
2025-05-06 20:50:39.855056|1999-02-19 21:45:00|1197.7498165004895|Cable Lay Vessel|transferring crew|array cable major repair|transferring crew from cable::OSS::A7 to Cable Lay Vessel|cable::OSS::A7|array cable|cable::OSS::A7|array cable|1.0|1.0|0.25|0|RPR00000006|system|0|0.0|0.0|0.0|622.8930208333334|622.8930208333334
2025-05-06 20:50:39.855056|1999-02-19 22:00:00|1197.9998165004895|Cable Lay Vessel|complete transfer|array cable major repair|complete|cable::OSS::A7|array cable|cable::OSS::A7|array cable|1.0|1.0|0|0|RPR00000006|system|0|0|0|0|0|0
2025-05-06 20:50:39.856059|1999-02-19 22:00:00|1197.9998165004895|Cable Lay Vessel|traveling|array cable major repair|traveling from site to port|cable::OSS::A7|array cable|cable::OSS::A7|array cable|1.0|1.0|3.0437810203506523|53.0|RPR00000006|enroute|0|0|0.0|0.0|7583.799818085535|7583.799818085535
2025-05-06 20:50:39.857059|1999-02-20 01:02:37|1201.0435975208402|Cable Lay Vessel|complete travel|array cable major repair|arrived at port|cable::OSS::A7|array cable|cable::OSS::A7|array cable|1.0|1.0|0|0|RPR00000006|port|0|0|0|0|0|0
2025-05-06 20:50:39.857059|1999-02-20 01:02:37|1201.0435975208402|Cable Lay Vessel|delay|array cable major repair|work shift has ended; waiting for next shift to start|cable::OSS::A7|array cable|cable::OSS::A7|array cable|1.0|1.0|4.956388888888889|0|RPR00000006|port|0|0.0|0.0|0.0|12349.200189699075|12349.200189699075
2025-05-06 20:50:39.858056|1999-02-20 06:00:00|1205.999986409729|Cable Lay Vessel|traveling|array cable major repair|traveling from port to site|cable::OSS::A7|array cable|cable::OSS::A7|array cable|1.0|1.0|3.0439509295901543|53.0|RPR00000006|enroute|0|0|0.0|0.0|7584.223159203378|7584.223159203378
2025-05-06 20:50:39.859059|1999-02-20 06:00:00|1205.999995151986|Tugboat 1|delay|power converter major repair|weather delay|G1|G1|||0.0|0|1.0|0|RPR00000041|site|0|0|0.0|0.0|0.0|0.0
2025-05-06 20:50:39.859059|1999-02-20 07:00:00|1206.999995151986|Tugboat 1|unmooring|power converter major repair|Unmooring G1 to tow to port|G1|G1|||0.0|0|2.0|0|RPR00000041|system|0|0.0|0.0|0.0|0.0|0.0
2025-05-06 20:50:39.859059|1999-02-20 09:00:00|1208.999995151986|Tugboat 1|complete unmooring|power converter major repair|complete|G1|G1|||0.0|0|0|0|RPR00000041|na|0|0|0|0|0|0
2025-05-06 20:50:39.859059|1999-02-20 09:00:00|1208.999995151986|Tugboat 1|towing|towing turbine to port||G1|G1|||0|0|0|0.0|RPR00000041|enroute|0|0.0|0.0|0.0|0.0|0.0
2025-05-06 20:50:39.859059|1999-02-20 09:00:00|1208.999995151986|Tugboat 1|complete towing|towing turbine to port|complete|G1|G1|||0|0|0|0|RPR00000041|port|0|0.0|0.0|0.0|0.0|0.0
2025-05-06 20:50:39.859059|1999-02-20 09:00:00|1208.999995151986|Eurkea Port|requests being moved|||G1|G1|electrical_system|electrical_system|nan|nan|0|0|RPR00000041|na|0|0|0|0|0|0
2025-05-06 20:50:39.860059|1999-02-20 09:00:00|1208.999995151986|Eurkea Port|requests moved to port|at-port repair can now proceed||G1|G1|electrical_system|electrical_system|nan|nan|0|0|RPR00000041|na|0|0|0|0|0|0
2025-05-06 20:50:39.860059|1999-02-20 09:00:00|1208.999995151986|Eurkea Port|repair|power converter major repair|repair|G1|G1|electrical_system|electrical_system|0|0|13.0|0|RPR00000041|port|0|0.0|0.0|0.0|0.0|0.0
2025-05-06 20:50:39.860059|1999-02-20 09:02:39|1209.0439373393192|Cable Lay Vessel|complete travel|array cable major repair|arrived at cable::OSS::A7|cable::OSS::A7|array cable|cable::OSS::A7|array cable|1.0|1.0|0|0|RPR00000006|site|0|0|0|0|0|0
2025-05-06 20:50:39.860059|1999-02-20 09:02:39|1209.0439373393192|Cable Lay Vessel|transferring crew|array cable major repair|transferring crew from Cable Lay Vessel to cable::OSS::A7|cable::OSS::A7|array cable|cable::OSS::A7|array cable|1.0|1.0|0.25|0|RPR00000006|system|0|0.0|0.0|0.0|622.8930208333334|622.8930208333334
2025-05-06 20:50:39.860059|1999-02-20 09:17:39|1209.2939373393192|Cable Lay Vessel|complete transfer|array cable major repair|complete|cable::OSS::A7|array cable|cable::OSS::A7|array cable|1.0|1.0|0|0|RPR00000006|system|0|0|0|0|0|0
2025-05-06 20:50:39.860059|1999-02-20 09:17:39|1209.2939373393192|Cable Lay Vessel|repair|array cable major repair|repair|cable::OSS::A7|array cable|cable::OSS::A7|array cable|1.0|1.0|12.455833333333334|0|RPR00000006|system|0|0.0|0.0|0.0|31034.60660798612|31034.60660798612
2025-05-06 20:50:39.862574|1999-02-20 21:45:00|1221.7497706726526|Cable Lay Vessel|transferring crew|array cable major repair|transferring crew from cable::OSS::A7 to Cable Lay Vessel|cable::OSS::A7|array cable|cable::OSS::A7|array cable|1.0|1.0|0.25|0|RPR00000006|system|0|0.0|0.0|0.0|622.8930208333334|622.8930208333334
2025-05-06 20:50:39.862574|1999-02-20 22:00:00|1221.9997706726526|Cable Lay Vessel|complete transfer|array cable major repair|complete|cable::OSS::A7|array cable|cable::OSS::A7|array cable|1.0|1.0|0|0|RPR00000006|system|0|0|0|0|0|0
2025-05-06 20:50:39.863574|1999-02-20 22:00:00|1221.9997706726526|Cable Lay Vessel|traveling|array cable major repair|traveling from site to port|cable::OSS::A7|array cable|cable::OSS::A7|array cable|1.0|1.0|3.043735192513795|53.0|RPR00000006|enroute|0|0|0.0|0.0|7583.685634726581|7583.685634726581
2025-05-06 20:50:39.863574|1999-02-20 22:00:00|1221.999995151986|Eurkea Port|delay|power converter major repair|end of shift; will resume work in the next shift|G1|G1|electrical_system|electrical_system|0|0|8.0|0|RPR00000041|port|0|0.0|0.0|0.0|0.0|0.0
2025-05-06 20:50:39.864575|1999-02-20 23:57:44|1223.9620444626346|hydraulic_system|repair request|minor pitch system repair|severity level 1|A7|A7|hydraulic_system|hydraulic_system|1.0|1.0|0|0|RPR00000042|na|0|0|0|0|0|0
2025-05-06 20:50:39.864575|1999-02-21 01:02:37|1225.0435058651665|Cable Lay Vessel|complete travel|array cable major repair|arrived at port|cable::OSS::A7|array cable|cable::OSS::A7|array cable|1.0|1.0|0|0|RPR00000006|port|0|0|0|0|0|0
2025-05-06 20:50:39.864575|1999-02-21 01:02:37|1225.0435058651665|Cable Lay Vessel|delay|array cable major repair|work shift has ended; waiting for next shift to start|cable::OSS::A7|array cable|cable::OSS::A7|array cable|1.0|1.0|4.956388888888889|0|RPR00000006|port|0|0.0|0.0|0.0|12349.200189699075|12349.200189699075
2025-05-06 20:50:39.866575|1999-02-21 06:00:00|1229.9998947540553|Cable Lay Vessel|traveling|array cable major repair|traveling from port to site|cable::OSS::A7|array cable|cable::OSS::A7|array cable|1.0|1.0|3.0438592739164405|53.0|RPR00000006|enroute|0|0|0.0|0.0|7583.994792485473|7583.994792485473
2025-05-06 20:50:39.866575|1999-02-21 06:00:00|1229.999995151986|Eurkea Port|repair|power converter major repair|repair|G1|G1|electrical_system|electrical_system|0|0|15.0|0|RPR00000041|port|0|0.0|0.0|0.0|0.0|0.0
2025-05-06 20:50:39.866575|1999-02-21 09:02:38|1233.0437540279718|Cable Lay Vessel|complete travel|array cable major repair|arrived at cable::OSS::A7|cable::OSS::A7|array cable|cable::OSS::A7|array cable|1.0|1.0|0|0|RPR00000006|site|0|0|0|0|0|0
2025-05-06 20:50:39.867574|1999-02-21 09:02:38|1233.0437540279718|Cable Lay Vessel|traveling|array cable major repair|traveling from site to port|cable::OSS::A7|array cable|cable::OSS::A7|array cable|1.0|1.0|2.0877185478329374|53.0|RPR00000006|enroute|0|0|0.0|0.0|5201.701251637754|5201.701251637754
2025-05-06 20:50:39.868575|1999-02-21 11:07:54|1235.1314725758048|Cable Lay Vessel|complete travel|array cable major repair|arrived at port|cable::OSS::A7|array cable|cable::OSS::A7|array cable|1.0|1.0|0|0|RPR00000006|port|0|0|0|0|0|0
2025-05-06 20:50:39.868575|1999-02-21 11:07:54|1235.1314725758048|Cable Lay Vessel|delay|array cable major repair|weather delay|cable::OSS::A7|array cable|cable::OSS::A7|array cable|1.0|1.0|10.86839256327812|0|RPR00000006|port|0|0|0.0|0.0|27079.383501371372|27079.383501371372
2025-05-06 20:50:39.869573|1999-02-21 21:00:00|1244.999995151986|Eurkea Port|repair complete|power converter major repair|complete|G1||electrical_system|electrical_system|0|0|0|0|RPR00000041|na|7000.0|0|0|0|0|7000.0
2025-05-06 20:50:39.869573|1999-02-21 21:00:00|1244.999995151986|Tugboat 2|towing|towing turbine back to site||G1|G1|||0|0|0|0.0|RPR00000041|enroute|0|0.0|0.0|0.0|0.0|0.0
2025-05-06 20:50:39.869573|1999-02-21 21:00:00|1244.999995151986|Tugboat 2|complete towing|towing turbine back to site|complete|G1|G1|||0|0|0|0|RPR00000041|site|0|0.0|0.0|0.0|0.0|0.0
2025-05-06 20:50:39.869573|1999-02-21 21:00:00|1244.999995151986|Tugboat 2|delay|power converter major repair|weather delay|G1|G1|||0.0|0|21.0|0|RPR00000041|site|0|0|0.0|0.0|0.0|0.0
2025-05-06 20:50:39.871240|1999-02-21 21:25:22|1245.4227320960488|supporting_structure|repair request|major anchor repair|severity level 1|G6|G6|supporting_structure|supporting_structure|1.0|1.0|0|0|RPR00000043|na|0|0|0|0|0|0
2025-05-06 20:50:39.872088|1999-02-21 21:26:15|1245.437454318271|Anchor Handling Tug|mobilization|Anchor Handling Tug is being mobilized|mobilization|||||0|0|336|0|na|enroute|0|0|0|0|0|0
2025-05-06 20:50:39.872088|1999-02-21 22:00:00|1245.9998651390829|Cable Lay Vessel|delay|array cable major repair|weather unsuitable to transfer crew|cable::OSS::A7|array cable|cable::OSS::A7|array cable|1.0|1.0|8.0|0|RPR00000006|port|0|0.0|0.0|0.0|19932.576666666668|19932.576666666668
2025-05-06 20:50:39.872088|1999-02-21 23:38:26|1247.6403592209722|electrical_system|repair request|power converter minor repair|severity level 1|a|a|electrical_system|electrical_system|1.0|1.0|0|0|RPR00000044|na|0|0|0|0|0|0
2025-05-06 20:50:39.874087|1999-02-22 06:00:00|1253.9998651390829|Cable Lay Vessel|traveling|array cable major repair|traveling from port to site|cable::OSS::A7|array cable|cable::OSS::A7|array cable|1.0|1.0|3.04382965894405|53.0|RPR00000006|enroute|0|0|0.0|0.0|7583.921004647016|7583.921004647016
2025-05-06 20:50:39.875088|1999-02-22 09:02:38|1257.043694798027|Cable Lay Vessel|complete travel|array cable major repair|arrived at cable::OSS::A7|cable::OSS::A7|array cable|cable::OSS::A7|array cable|1.0|1.0|0|0|RPR00000006|site|0|0|0|0|0|0
2025-05-06 20:50:39.875088|1999-02-22 09:02:38|1257.043694798027|Cable Lay Vessel|transferring crew|array cable major repair|transferring crew from Cable Lay Vessel to cable::OSS::A7|cable::OSS::A7|array cable|cable::OSS::A7|array cable|1.0|1.0|0.25|0|RPR00000006|system|0|0.0|0.0|0.0|622.8930208333334|622.8930208333334
2025-05-06 20:50:39.875088|1999-02-22 09:17:38|1257.293694798027|Cable Lay Vessel|complete transfer|array cable major repair|complete|cable::OSS::A7|array cable|cable::OSS::A7|array cable|1.0|1.0|0|0|RPR00000006|system|0|0|0|0|0|0
2025-05-06 20:50:39.876087|1999-02-22 09:17:38|1257.293694798027|Cable Lay Vessel|repair|array cable major repair|repair|cable::OSS::A7|array cable|cable::OSS::A7|array cable|1.0|1.0|12.456111111111111|0|RPR00000006|system|0|0.0|0.0|0.0|31035.2987113426|31035.2987113426
2025-05-06 20:50:39.877087|1999-02-22 18:00:00|1265.999995151986|Tugboat 2|delay|power converter major repair|weather unsuitable for mooring reconnection|G1|G1|||0.0|0|12.0|0|RPR00000041|site|0|0.0|0.0|0.0|0.0|0.0
2025-05-06 20:50:39.878086|1999-02-22 21:45:00|1269.749805909138|Cable Lay Vessel|transferring crew|array cable major repair|transferring crew from cable::OSS::A7 to Cable Lay Vessel|cable::OSS::A7|array cable|cable::OSS::A7|array cable|1.0|1.0|0.25|0|RPR00000006|system|0|0.0|0.0|0.0|622.8930208333334|622.8930208333334
2025-05-06 20:50:39.878086|1999-02-22 22:00:00|1269.999805909138|Cable Lay Vessel|complete transfer|array cable major repair|complete|cable::OSS::A7|array cable|cable::OSS::A7|array cable|1.0|1.0|0|0|RPR00000006|system|0|0|0|0|0|0
2025-05-06 20:50:39.879088|1999-02-22 22:00:00|1269.999805909138|Cable Lay Vessel|traveling|array cable major repair|traveling from site to port|cable::OSS::A7|array cable|cable::OSS::A7|array cable|1.0|1.0|3.0437704289992684|53.0|RPR00000006|enroute|0|0|0.0|0.0|7583.773428970101|7583.773428970101
2025-05-06 20:50:39.879088|1999-02-22 22:51:07|1270.8519185630992|hydraulic_system|repair request|minor pitch system repair|severity level 1|E4|E4|hydraulic_system|hydraulic_system|1.0|1.0|0|0|RPR00000045|na|0|0|0|0|0|0
2025-05-06 20:50:39.880088|1999-02-23 01:02:37|1273.0435763381374|Cable Lay Vessel|complete travel|array cable major repair|arrived at port|cable::OSS::A7|array cable|cable::OSS::A7|array cable|1.0|1.0|0|0|RPR00000006|port|0|0|0|0|0|0
2025-05-06 20:50:39.880088|1999-02-23 01:02:37|1273.0435763381374|Cable Lay Vessel|delay|array cable major repair|work shift has ended; waiting for next shift to start|cable::OSS::A7|array cable|cable::OSS::A7|array cable|1.0|1.0|4.956388888888889|0|RPR00000006|port|0|0.0|0.0|0.0|12349.200189699075|12349.200189699075
2025-05-06 20:50:39.881594|1999-02-23 06:00:00|1277.9999652270262|Cable Lay Vessel|traveling|array cable major repair|traveling from port to site|cable::OSS::A7|array cable|cable::OSS::A7|array cable|1.0|1.0|3.043929746887388|53.0|RPR00000006|enroute|0|0|0.0|0.0|7584.170380972515|7584.170380972515
2025-05-06 20:50:39.881594|1999-02-23 06:00:00|1277.999995151986|Tugboat 2|delay|power converter major repair|weather delay|G1|G1|||0.0|0|12.0|0|RPR00000041|site|0|0|0.0|0.0|0.0|0.0
2025-05-06 20:50:39.882598|1999-02-23 09:02:39|1281.0438949739137|Cable Lay Vessel|complete travel|array cable major repair|arrived at cable::OSS::A7|cable::OSS::A7|array cable|cable::OSS::A7|array cable|1.0|1.0|0|0|RPR00000006|site|0|0|0|0|0|0
2025-05-06 20:50:39.883600|1999-02-23 09:02:39|1281.0438949739137|Cable Lay Vessel|transferring crew|array cable major repair|transferring crew from Cable Lay Vessel to cable::OSS::A7|cable::OSS::A7|array cable|cable::OSS::A7|array cable|1.0|1.0|0.25|0|RPR00000006|system|0|0.0|0.0|0.0|622.8930208333334|622.8930208333334
2025-05-06 20:50:39.883600|1999-02-23 09:17:39|1281.2938949739137|Cable Lay Vessel|complete transfer|array cable major repair|complete|cable::OSS::A7|array cable|cable::OSS::A7|array cable|1.0|1.0|0|0|RPR00000006|system|0|0|0|0|0|0
2025-05-06 20:50:39.883600|1999-02-23 09:17:39|1281.2938949739137|Cable Lay Vessel|repair|array cable major repair|repair|cable::OSS::A7|array cable|cable::OSS::A7|array cable|1.0|1.0|12.455833333333334|0|RPR00000006|system|0|0.0|0.0|0.0|31034.60660798612|31034.60660798612
2025-05-06 20:50:39.885687|1999-02-23 18:00:00|1289.999995151986|Tugboat 2|delay|power converter major repair|weather unsuitable for mooring reconnection|G1|G1|||0.0|0|12.0|0|RPR00000041|site|0|0.0|0.0|0.0|0.0|0.0
2025-05-06 20:50:39.886694|1999-02-23 21:45:00|1293.749728307247|Cable Lay Vessel|transferring crew|array cable major repair|transferring crew from cable::OSS::A7 to Cable Lay Vessel|cable::OSS::A7|array cable|cable::OSS::A7|array cable|1.0|1.0|0.25|0|RPR00000006|system|0|0.0|0.0|0.0|622.8930208333334|622.8930208333334
2025-05-06 20:50:39.886694|1999-02-23 22:00:00|1293.999728307247|Cable Lay Vessel|complete transfer|array cable major repair|complete|cable::OSS::A7|array cable|cable::OSS::A7|array cable|1.0|1.0|0|0|RPR00000006|system|0|0|0|0|0|0
2025-05-06 20:50:39.887679|1999-02-23 22:00:00|1293.999728307247|Cable Lay Vessel|traveling|array cable major repair|traveling from site to port|cable::OSS::A7|array cable|cable::OSS::A7|array cable|1.0|1.0|3.0436928271082615|53.0|RPR00000006|enroute|0|0|0.0|0.0|7583.580078264854|7583.580078264854
2025-05-06 20:50:39.888680|1999-02-24 01:02:37|1297.0434211343554|Cable Lay Vessel|complete travel|array cable major repair|arrived at port|cable::OSS::A7|array cable|cable::OSS::A7|array cable|1.0|1.0|0|0|RPR00000006|port|0|0|0|0|0|0
2025-05-06 20:50:39.888680|1999-02-24 01:02:37|1297.0434211343554|Cable Lay Vessel|delay|array cable major repair|work shift has ended; waiting for next shift to start|cable::OSS::A7|array cable|cable::OSS::A7|array cable|1.0|1.0|4.956388888888889|0|RPR00000006|port|0|0.0|0.0|0.0|12349.200189699075|12349.200189699075
2025-05-06 20:50:39.889684|1999-02-24 06:00:00|1301.9998100232442|Cable Lay Vessel|traveling|array cable major repair|traveling from port to site|cable::OSS::A7|array cable|cable::OSS::A7|array cable|1.0|1.0|3.043774543105373|53.0|RPR00000006|enroute|0|0|0.0|0.0|7583.783679562019|7583.783679562019
2025-05-06 20:50:39.889684|1999-02-24 06:00:00|1301.999995151986|Tugboat 2|delay|power converter major repair|weather delay|G1|G1|||0.0|0|1.0|0|RPR00000041|site|0|0|0.0|0.0|0.0|0.0
2025-05-06 20:50:39.891270|1999-02-24 07:00:00|1302.999995151986|Tugboat 2|mooring reconnection|power converter major repair|Reconnecting the mooring to G1|G1|G1|||0.0|0|4.0|0|RPR00000041|system|0|0.0|0.0|0.0|0.0|0.0
2025-05-06 20:50:39.891270|1999-02-24 09:02:37|1305.0435845663496|Cable Lay Vessel|complete travel|array cable major repair|arrived at cable::OSS::A7|cable::OSS::A7|array cable|cable::OSS::A7|array cable|1.0|1.0|0|0|RPR00000006|site|0|0|0|0|0|0
2025-05-06 20:50:39.892297|1999-02-24 09:02:37|1305.0435845663496|Cable Lay Vessel|transferring crew|array cable major repair|transferring crew from Cable Lay Vessel to cable::OSS::A7|cable::OSS::A7|array cable|cable::OSS::A7|array cable|1.0|1.0|0.25|0|RPR00000006|system|0|0.0|0.0|0.0|622.8930208333334|622.8930208333334
2025-05-06 20:50:39.892297|1999-02-24 09:17:37|1305.2935845663496|Cable Lay Vessel|complete transfer|array cable major repair|complete|cable::OSS::A7|array cable|cable::OSS::A7|array cable|1.0|1.0|0|0|RPR00000006|system|0|0|0|0|0|0
2025-05-06 20:50:39.892297|1999-02-24 09:17:37|1305.2935845663496|Cable Lay Vessel|repair|array cable major repair|repair|cable::OSS::A7|array cable|cable::OSS::A7|array cable|1.0|1.0|12.456388888888888|0|RPR00000006|system|0|0.0|0.0|0.0|31035.990814699075|31035.990814699075
2025-05-06 20:50:39.892297|1999-02-24 11:00:00|1306.999995151986|Tugboat 2|complete mooring reconnection|power converter major repair|complete|G1|G1|||0.0|0|0|0|RPR00000041|na|0|0|0|0|0|0
2025-05-06 20:50:39.895363|1999-02-24 11:00:00|1306.999995151986|Tugboat 2|traveling|traveling back to port after returning turbine|traveling from site to port|G1|G1|||0|0|0.0|0.0|RPR00000041|enroute|0|0|0.0|0.0|0.0|0.0
2025-05-06 20:50:39.895363|1999-02-24 11:00:00|1306.999995151986|Tugboat 2|complete travel|traveling back to port after returning turbine|arrived at port|G1|G1|||0|0|0|0|RPR00000041|port|0|0|0|0|0|0
2025-05-06 20:50:39.899371|1999-02-24 21:45:00|1317.7499734552384|Cable Lay Vessel|delay|array cable major repair|weather delay|cable::OSS::A7|array cable|cable::OSS::A7|array cable|1.0|1.0|0.25|0|RPR00000006|system|0|0|0.0|0.0|622.8930208333334|622.8930208333334
2025-05-06 20:50:39.900368|1999-02-24 22:00:00|1317.9999734552384|Cable Lay Vessel|traveling|array cable major repair|traveling from site to port|cable::OSS::A7|array cable|cable::OSS::A7|array cable|1.0|1.0|3.043937975099597|53.0|RPR00000006|enroute|0|0|0.0|0.0|7584.190882156352|7584.190882156352
2025-05-06 20:50:39.901964|1999-02-25 00:40:28|1320.6744008562741|drive_train|repair request|main shaft minor repair|severity level 1|F6|F6|drive_train|drive_train|1.0|1.0|0|0|RPR00000046|na|0|0|0|0|0|0
2025-05-06 20:50:39.901964|1999-02-25 01:02:39|1321.043911430338|Cable Lay Vessel|complete travel|array cable major repair|arrived at port|cable::OSS::A7|array cable|cable::OSS::A7|array cable|1.0|1.0|0|0|RPR00000006|port|0|0|0|0|0|0
2025-05-06 20:50:39.901964|1999-02-25 01:02:39|1321.043911430338|Cable Lay Vessel|delay|array cable major repair|weather unsuitable to transfer crew|cable::OSS::A7|array cable|cable::OSS::A7|array cable|1.0|1.0|4.9558333333333335|0|RPR00000006|port|0|0.0|0.0|0.0|12347.815982986112|12347.815982986112
2025-05-06 20:50:39.904054|1999-02-25 06:00:00|1325.9997447636715|Cable Lay Vessel|traveling|array cable major repair|traveling from port to site|cable::OSS::A7|array cable|cable::OSS::A7|array cable|1.0|1.0|3.0437092835326793|53.0|RPR00000006|enroute|0|0|0.0|0.0|7583.621080632525|7583.621080632525
2025-05-06 20:50:39.905050|1999-02-25 09:02:37|1329.0434540472042|Cable Lay Vessel|complete travel|array cable major repair|arrived at cable::OSS::A7|cable::OSS::A7|array cable|cable::OSS::A7|array cable|1.0|1.0|0|0|RPR00000006|site|0|0|0|0|0|0
2025-05-06 20:50:39.906049|1999-02-25 09:02:37|1329.0434540472042|Cable Lay Vessel|traveling|array cable major repair|traveling from site to port|cable::OSS::A7|array cable|cable::OSS::A7|array cable|1.0|1.0|2.087418567065415|53.0|RPR00000006|enroute|0|0|0.0|0.0|5200.953827931858|5200.953827931858
2025-05-06 20:50:39.906971|1999-02-25 11:07:52|1331.1308726142697|Cable Lay Vessel|complete travel|array cable major repair|arrived at port|cable::OSS::A7|array cable|cable::OSS::A7|array cable|1.0|1.0|0|0|RPR00000006|port|0|0|0|0|0|0
2025-05-06 20:50:39.906971|1999-02-25 11:07:52|1331.1308726142697|Cable Lay Vessel|delay|array cable major repair|weather delay|cable::OSS::A7|array cable|cable::OSS::A7|array cable|1.0|1.0|10.868970321823419|0|RPR00000006|port|0|0|0.0|0.0|27080.823028433748|27080.823028433748
2025-05-06 20:50:39.908975|1999-02-25 22:00:00|1341.999842936093|Cable Lay Vessel|delay|array cable major repair|weather unsuitable to transfer crew|cable::OSS::A7|array cable|cable::OSS::A7|array cable|1.0|1.0|8.0|0|RPR00000006|port|0|0.0|0.0|0.0|19932.576666666668|19932.576666666668
2025-05-06 20:50:39.911556|1999-02-26 06:00:00|1349.999842936093|Cable Lay Vessel|traveling|array cable major repair|traveling from port to site|cable::OSS::A7|array cable|cable::OSS::A7|array cable|1.0|1.0|3.0438074559542105|53.0|RPR00000006|enroute|0|0|0.0|0.0|7583.865684297366|7583.865684297366
2025-05-06 20:50:39.913569|1999-02-26 09:02:38|1353.0436503920473|Cable Lay Vessel|complete travel|array cable major repair|arrived at cable::OSS::A7|cable::OSS::A7|array cable|cable::OSS::A7|array cable|1.0|1.0|0|0|RPR00000006|site|0|0|0|0|0|0
2025-05-06 20:50:39.913569|1999-02-26 09:02:38|1353.0436503920473|Cable Lay Vessel|delay|array cable major repair|weather delay|cable::OSS::A7|array cable|cable::OSS::A7|array cable|1.0|1.0|6.956111111111111|0|RPR00000006|system|0|0|0.0|0.0|17331.652253009262|17331.652253009262
2025-05-06 20:50:39.915567|1999-02-26 16:00:00|1359.9997615031584|Cable Lay Vessel|transferring crew|array cable major repair|transferring crew from cable::OSS::A7 to Cable Lay Vessel|cable::OSS::A7|array cable|cable::OSS::A7|array cable|1.0|1.0|0.25|0|RPR00000006|system|0|0.0|0.0|0.0|622.8930208333334|622.8930208333334
2025-05-06 20:50:39.915567|1999-02-26 16:15:00|1360.2497615031584|Cable Lay Vessel|complete transfer|array cable major repair|complete|cable::OSS::A7|array cable|cable::OSS::A7|array cable|1.0|1.0|0|0|RPR00000006|system|0|0|0|0|0|0
2025-05-06 20:50:39.916568|1999-02-26 16:15:00|1360.2497615031584|Cable Lay Vessel|traveling|array cable major repair|traveling from site to port|cable::OSS::A7|array cable|cable::OSS::A7|array cable|1.0|1.0|2.293726023019589|53.0|RPR00000006|enroute|0|0|0.0|0.0|5714.983725770799|5714.983725770799
2025-05-06 20:50:39.916568|1999-02-26 18:32:37|1362.543487526178|Cable Lay Vessel|complete travel|array cable major repair|arrived at port|cable::OSS::A7|array cable|cable::OSS::A7|array cable|1.0|1.0|0|0|RPR00000006|port|0|0|0|0|0|0
2025-05-06 20:50:39.916568|1999-02-26 18:32:37|1362.543487526178|Cable Lay Vessel|delay|array cable major repair|work shift has ended; waiting for next shift to start|cable::OSS::A7|array cable|cable::OSS::A7|array cable|1.0|1.0|11.456388888888888|0|RPR00000006|port|0|0.0|0.0|0.0|28544.418731365742|28544.418731365742
2025-05-06 20:50:39.919567|1999-02-27 06:00:00|1373.9998764150669|Cable Lay Vessel|traveling|array cable major repair|traveling from port to site|cable::OSS::A7|array cable|cable::OSS::A7|array cable|1.0|1.0|3.0438409349280295|53.0|RPR00000006|enroute|0|0|0.0|0.0|7583.9490995739125|7583.9490995739125
2025-05-06 20:50:39.921200|1999-02-27 09:02:38|1377.043717349995|Cable Lay Vessel|complete travel|array cable major repair|arrived at cable::OSS::A7|cable::OSS::A7|array cable|cable::OSS::A7|array cable|1.0|1.0|0|0|RPR00000006|site|0|0|0|0|0|0
2025-05-06 20:50:39.921200|1999-02-27 09:02:38|1377.043717349995|Cable Lay Vessel|transferring crew|array cable major repair|transferring crew from Cable Lay Vessel to cable::OSS::A7|cable::OSS::A7|array cable|cable::OSS::A7|array cable|1.0|1.0|0.25|0|RPR00000006|system|0|0.0|0.0|0.0|622.8930208333334|622.8930208333334
2025-05-06 20:50:39.921200|1999-02-27 09:17:38|1377.293717349995|Cable Lay Vessel|complete transfer|array cable major repair|complete|cable::OSS::A7|array cable|cable::OSS::A7|array cable|1.0|1.0|0|0|RPR00000006|system|0|0|0|0|0|0
2025-05-06 20:50:39.921200|1999-02-27 09:17:38|1377.293717349995|Cable Lay Vessel|repair|array cable major repair|repair|cable::OSS::A7|array cable|cable::OSS::A7|array cable|1.0|1.0|12.456111111111111|0|RPR00000006|system|0|0.0|0.0|0.0|31035.2987113426|31035.2987113426
2025-05-06 20:50:39.924087|1999-02-27 18:22:29|1386.3747182149198|rotor_blades|repair request|blades minor repair|severity level 1|H4|H4|rotor_blades|rotor_blades|1.0|1.0|0|0|RPR00000047|na|0|0|0|0|0|0
2025-05-06 20:50:39.925085|1999-02-27 21:45:00|1389.749828461106|Cable Lay Vessel|transferring crew|array cable major repair|transferring crew from cable::OSS::A7 to Cable Lay Vessel|cable::OSS::A7|array cable|cable::OSS::A7|array cable|1.0|1.0|0.25|0|RPR00000006|system|0|0.0|0.0|0.0|622.8930208333334|622.8930208333334
2025-05-06 20:50:39.925085|1999-02-27 22:00:00|1389.999828461106|Cable Lay Vessel|complete transfer|array cable major repair|complete|cable::OSS::A7|array cable|cable::OSS::A7|array cable|1.0|1.0|0|0|RPR00000006|system|0|0|0|0|0|0
2025-05-06 20:50:39.926086|1999-02-27 22:00:00|1389.999828461106|Cable Lay Vessel|traveling|array cable major repair|traveling from site to port|cable::OSS::A7|array cable|cable::OSS::A7|array cable|1.0|1.0|3.0437929809672273|53.0|RPR00000006|enroute|0|0|0.0|0.0|7583.829618823893|7583.829618823893
2025-05-06 20:50:39.926086|1999-02-28 01:02:38|1393.0436214420733|Cable Lay Vessel|complete travel|array cable major repair|arrived at port|cable::OSS::A7|array cable|cable::OSS::A7|array cable|1.0|1.0|0|0|RPR00000006|port|0|0|0|0|0|0
2025-05-06 20:50:39.926086|1999-02-28 01:02:38|1393.0436214420733|Cable Lay Vessel|delay|array cable major repair|work shift has ended; waiting for next shift to start|cable::OSS::A7|array cable|cable::OSS::A7|array cable|1.0|1.0|4.956111111111111|0|RPR00000006|port|0|0.0|0.0|0.0|12348.508086342594|12348.508086342594
2025-05-06 20:50:39.927086|1999-02-28 04:19:34|1396.3259361360763|hydraulic_system|repair request|major pitch system repair|severity level 2|B7|B7|hydraulic_system|hydraulic_system|1.0|1.0|0|0|RPR00000048|na|0|0|0|0|0|0
2025-05-06 20:50:39.929086|1999-02-28 06:00:00|1397.9997325531845|Cable Lay Vessel|traveling|array cable major repair|traveling from port to site|cable::OSS::A7|array cable|cable::OSS::A7|array cable|1.0|1.0|3.0436970730456228|53.0|RPR00000006|enroute|0|0|0.0|0.0|7583.590657323852|7583.590657323852
2025-05-06 20:50:39.929086|1999-02-28 09:02:37|1401.0434296262301|Cable Lay Vessel|complete travel|array cable major repair|arrived at cable::OSS::A7|cable::OSS::A7|array cable|cable::OSS::A7|array cable|1.0|1.0|0|0|RPR00000006|site|0|0|0|0|0|0
2025-05-06 20:50:39.930086|1999-02-28 09:02:37|1401.0434296262301|Cable Lay Vessel|transferring crew|array cable major repair|transferring crew from Cable Lay Vessel to cable::OSS::A7|cable::OSS::A7|array cable|cable::OSS::A7|array cable|1.0|1.0|0.25|0|RPR00000006|system|0|0.0|0.0|0.0|622.8930208333334|622.8930208333334
2025-05-06 20:50:39.930086|1999-02-28 09:17:37|1401.2934296262301|Cable Lay Vessel|complete transfer|array cable major repair|complete|cable::OSS::A7|array cable|cable::OSS::A7|array cable|1.0|1.0|0|0|RPR00000006|system|0|0|0|0|0|0
2025-05-06 20:50:39.930086|1999-02-28 09:17:37|1401.2934296262301|Cable Lay Vessel|repair|array cable major repair|repair|cable::OSS::A7|array cable|cable::OSS::A7|array cable|1.0|1.0|11.083055555555518|0|RPR00000006|system|0|0.0|0.0|0.0|27614.23182025454|27614.23182025454
2025-05-06 20:50:39.931594|1999-02-28 20:19:00|1412.3163968324486|rotor_blades|repair request|blades minor repair|severity level 1|D1|D1|rotor_blades|rotor_blades|1.0|1.0|0|0|RPR00000049|na|0|0|0|0|0|0
2025-05-06 20:50:39.932601|1999-02-28 20:22:36|1412.3764851817857|Cable Lay Vessel|transferring crew|array cable major repair|transferring crew from cable::OSS::A7 to Cable Lay Vessel|cable::OSS::A7|array cable|cable::OSS::A7|array cable|1.0|1.0|0.25|0|RPR00000006|system|0|0.0|0.0|0.0|622.8930208333334|622.8930208333334
2025-05-06 20:50:39.932601|1999-02-28 20:37:36|1412.6264851817857|Cable Lay Vessel|complete transfer|array cable major repair|complete|cable::OSS::A7|array cable|cable::OSS::A7|array cable|1.0|1.0|0|0|RPR00000006|system|0|0|0|0|0|0
2025-05-06 20:50:39.932601|1999-02-28 20:37:36|1412.6264851817857|Cable Lay Vessel|repair complete|array cable major repair|complete|cable::OSS::A7|array cable|cable::OSS::A7|array cable|1.0|1.0|0|0|RPR00000006|system|30000.0|0|0|0|0|30000.0
2025-05-06 20:50:39.933613|1999-02-28 20:37:36|1412.6264851817857|Cable Lay Vessel|traveling|array cable major repair|traveling from cable::OSS::A7 to cable::i2::s6|cable::i2::s6|array cable|cable::i2::s6|array cable|1.0|1.0|0.49785026565088525|12.909257388327454|RPR00000007|enroute|0|0|0.0|0.0|1240.4298235758297|1240.4298235758297
2025-05-06 20:50:39.933613|1999-02-28 21:07:28|1413.1243354474366|Cable Lay Vessel|complete travel|array cable major repair|arrived at cable::i2::s6|cable::i2::s6|array cable|cable::i2::s6|array cable|1.0|1.0|0|0|RPR00000007|system|0|0|0|0|0|0
2025-05-06 20:50:39.934602|1999-02-28 21:07:28|1413.1243354474366|Cable Lay Vessel|transferring crew|array cable major repair|transferring crew from Cable Lay Vessel to cable::i2::s6|cable::i2::s6|array cable|cable::i2::s6|array cable|1.0|1.0|0.25|0|RPR00000007|system|0|0.0|0.0|0.0|622.8930208333334|622.8930208333334
2025-05-06 20:50:39.934602|1999-02-28 21:22:28|1413.3743354474366|Cable Lay Vessel|complete transfer|array cable major repair|complete|cable::i2::s6|array cable|cable::i2::s6|array cable|1.0|1.0|0|0|RPR00000007|system|0|0|0|0|0|0
2025-05-06 20:50:39.934602|1999-02-28 21:22:28|1413.3743354474366|Cable Lay Vessel|repair|array cable major repair|repair|cable::i2::s6|array cable|cable::i2::s6|array cable|1.0|1.0|0.37555555555555553|0|RPR00000007|system|0|0.0|0.0|0.0|935.7237379629629|935.7237379629629
2025-05-06 20:50:39.934602|1999-02-28 21:45:00|1413.7498910029922|Cable Lay Vessel|transferring crew|array cable major repair|transferring crew from cable::i2::s6 to Cable Lay Vessel|cable::i2::s6|array cable|cable::i2::s6|array cable|1.0|1.0|0.25|0|RPR00000007|system|0|0.0|0.0|0.0|622.8930208333334|622.8930208333334
2025-05-06 20:50:39.934602|1999-02-28 22:00:00|1413.9998910029922|Cable Lay Vessel|complete transfer|array cable major repair|complete|cable::i2::s6|array cable|cable::i2::s6|array cable|1.0|1.0|0|0|RPR00000007|system|0|0|0|0|0|0
2025-05-06 20:50:39.935601|1999-02-28 22:00:00|1413.9998910029922|Cable Lay Vessel|traveling|array cable major repair|traveling from site to port|cable::i2::s6|array cable|cable::i2::s6|array cable|1.0|1.0|3.043855522853336|53.0|RPR00000007|enroute|0|0|0.0|0.0|7583.98544644136|7583.98544644136
2025-05-06 20:50:39.935601|1999-03-01 00:00:00|1416|Eurkea Port|monthly lease fee|port lease||||||0|0|0|0|na|na|0|0|0|0|2083333.3333333333|2083333.3333333333
2025-05-06 20:50:39.936602|1999-03-01 01:02:38|1417.0437465258456|Cable Lay Vessel|complete travel|array cable major repair|arrived at port|cable::i2::s6|array cable|cable::i2::s6|array cable|1.0|1.0|0|0|RPR00000007|port|0|0|0|0|0|0
2025-05-06 20:50:39.936602|1999-03-01 01:02:38|1417.0437465258456|Cable Lay Vessel|delay|array cable major repair|work shift has ended; waiting for next shift to start|cable::i2::s6|array cable|cable::i2::s6|array cable|1.0|1.0|4.956111111111111|0|RPR00000007|port|0|0.0|0.0|0.0|12348.508086342594|12348.508086342594
2025-05-06 20:50:39.937600|1999-03-01 06:00:00|1421.9998576369567|Cable Lay Vessel|traveling|array cable major repair|traveling from port to site|cable::i2::s6|array cable|cable::i2::s6|array cable|1.0|1.0|3.043822156817841|53.0|RPR00000007|enroute|0|0|0.0|0.0|7583.902312558788|7583.902312558788
2025-05-06 20:50:39.938602|1999-03-01 08:29:42|1424.4948665720333|hydraulic_system|repair request|major pitch system repair|severity level 2|B4|B4|hydraulic_system|hydraulic_system|1.0|1.0|0|0|RPR00000050|na|0|0|0|0|0|0
2025-05-06 20:50:39.938602|1999-03-01 09:02:38|1425.0436797937746|Cable Lay Vessel|complete travel|array cable major repair|arrived at cable::i2::s6|cable::i2::s6|array cable|cable::i2::s6|array cable|1.0|1.0|0|0|RPR00000007|site|0|0|0|0|0|0
2025-05-06 20:50:39.939610|1999-03-01 09:02:38|1425.0436797937746|Cable Lay Vessel|traveling|array cable major repair|traveling from site to port|cable::i2::s6|array cable|cable::i2::s6|array cable|1.0|1.0|2.087644313635737|53.0|RPR00000007|enroute|0|0|0.0|0.0|5201.516291784381|5201.516291784381
2025-05-06 20:50:39.939610|1999-03-01 11:07:53|1427.1313241074104|Cable Lay Vessel|complete travel|array cable major repair|arrived at port|cable::i2::s6|array cable|cable::i2::s6|array cable|1.0|1.0|0|0|RPR00000007|port|0|0|0|0|0|0
2025-05-06 20:50:39.939610|1999-03-01 11:07:53|1427.1313241074104|Cable Lay Vessel|delay|array cable major repair|weather delay|cable::i2::s6|array cable|cable::i2::s6|array cable|1.0|1.0|10.86846679747532|0|RPR00000007|port|0|0|0.0|0.0|27079.568461224746|27079.568461224746
2025-05-06 20:50:39.942123|1999-03-01 22:00:00|1437.9997909048857|Cable Lay Vessel|delay|array cable major repair|weather unsuitable to transfer crew|cable::i2::s6|array cable|cable::i2::s6|array cable|1.0|1.0|8.0|0|RPR00000007|port|0|0.0|0.0|0.0|19932.576666666668|19932.576666666668
2025-05-06 20:50:39.945121|1999-03-02 06:00:00|1445.9997909048857|Cable Lay Vessel|traveling|array cable major repair|traveling from port to site|cable::i2::s6|array cable|cable::i2::s6|array cable|1.0|1.0|3.04375542474685|53.0|RPR00000007|enroute|0|0|0.0|0.0|7583.736044793644|7583.736044793644
2025-05-06 20:50:39.946125|1999-03-02 09:02:37|1449.0435463296326|Cable Lay Vessel|complete travel|array cable major repair|arrived at cable::i2::s6|cable::i2::s6|array cable|cable::i2::s6|array cable|1.0|1.0|0|0|RPR00000007|site|0|0|0|0|0|0
2025-05-06 20:50:39.946125|1999-03-02 09:02:37|1449.0435463296326|Cable Lay Vessel|transferring crew|array cable major repair|transferring crew from Cable Lay Vessel to cable::i2::s6|cable::i2::s6|array cable|cable::i2::s6|array cable|1.0|1.0|0.25|0|RPR00000007|system|0|0.0|0.0|0.0|622.8930208333334|622.8930208333334
2025-05-06 20:50:39.946125|1999-03-02 09:17:37|1449.2935463296326|Cable Lay Vessel|complete transfer|array cable major repair|complete|cable::i2::s6|array cable|cable::i2::s6|array cable|1.0|1.0|0|0|RPR00000007|system|0|0|0|0|0|0
2025-05-06 20:50:39.946125|1999-03-02 09:17:37|1449.2935463296326|Cable Lay Vessel|repair|array cable major repair|repair|cable::i2::s6|array cable|cable::i2::s6|array cable|1.0|1.0|12.456388888888888|0|RPR00000007|system|0|0.0|0.0|0.0|31035.990814699075|31035.990814699075
2025-05-06 20:50:39.948124|1999-03-02 21:45:00|1461.7499352185214|Cable Lay Vessel|transferring crew|array cable major repair|transferring crew from cable::i2::s6 to Cable Lay Vessel|cable::i2::s6|array cable|cable::i2::s6|array cable|1.0|1.0|0.25|0|RPR00000007|system|0|0.0|0.0|0.0|622.8930208333334|622.8930208333334
2025-05-06 20:50:39.948124|1999-03-02 22:00:00|1461.9999352185214|Cable Lay Vessel|complete transfer|array cable major repair|complete|cable::i2::s6|array cable|cable::i2::s6|array cable|1.0|1.0|0|0|RPR00000007|system|0|0|0|0|0|0
2025-05-06 20:50:39.949739|1999-03-02 22:00:00|1461.9999352185214|Cable Lay Vessel|traveling|array cable major repair|traveling from site to port|cable::i2::s6|array cable|cable::i2::s6|array cable|1.0|1.0|3.0438997383825512|53.0|RPR00000007|enroute|0|0|0.0|0.0|7584.095612619602|7584.095612619602
2025-05-06 20:50:39.949739|1999-03-03 01:02:38|1465.043834956904|Cable Lay Vessel|complete travel|array cable major repair|arrived at port|cable::i2::s6|array cable|cable::i2::s6|array cable|1.0|1.0|0|0|RPR00000007|port|0|0|0|0|0|0
2025-05-06 20:50:39.949739|1999-03-03 01:02:38|1465.043834956904|Cable Lay Vessel|delay|array cable major repair|work shift has ended; waiting for next shift to start|cable::i2::s6|array cable|cable::i2::s6|array cable|1.0|1.0|4.956111111111111|0|RPR00000007|port|0|0.0|0.0|0.0|12348.508086342594|12348.508086342594
2025-05-06 20:50:39.951366|1999-03-03 06:00:00|1469.999946068015|Cable Lay Vessel|traveling|array cable major repair|traveling from port to site|cable::i2::s6|array cable|cable::i2::s6|array cable|1.0|1.0|3.0439105878762702|53.0|RPR00000007|enroute|0|0|0.0|0.0|7584.12264491527|7584.12264491527
2025-05-06 20:50:39.952253|1999-03-03 09:02:38|1473.0438566558914|Cable Lay Vessel|complete travel|array cable major repair|arrived at cable::i2::s6|cable::i2::s6|array cable|cable::i2::s6|array cable|1.0|1.0|0|0|RPR00000007|site|0|0|0|0|0|0
2025-05-06 20:50:39.953253|1999-03-03 09:02:38|1473.0438566558914|Cable Lay Vessel|traveling|array cable major repair|traveling from site to port|cable::i2::s6|array cable|cable::i2::s6|array cable|1.0|1.0|2.0878211757525964|53.0|RPR00000007|enroute|0|0|0.0|0.0|5201.956956497346|5201.956956497346
2025-05-06 20:50:39.954254|1999-03-03 11:07:55|1475.131677831644|Cable Lay Vessel|complete travel|array cable major repair|arrived at port|cable::i2::s6|array cable|cable::i2::s6|array cable|1.0|1.0|0|0|RPR00000007|port|0|0|0|0|0|0
2025-05-06 20:50:39.954254|1999-03-03 11:07:55|1475.131677831644|Cable Lay Vessel|delay|array cable major repair|weather delay|cable::i2::s6|array cable|cable::i2::s6|array cable|1.0|1.0|10.86828993535846|0|RPR00000007|port|0|0|0.0|0.0|27079.127796511777|27079.127796511777
2025-05-06 20:50:39.954254|1999-03-03 11:19:08|1475.3188710476522|rotor_blades|repair request|blades minor repair|severity level 1|F4|F4|rotor_blades|rotor_blades|1.0|1.0|0|0|RPR00000051|na|0|0|0|0|0|0
2025-05-06 20:50:39.956253|1999-03-03 22:00:00|1485.9999677670025|Cable Lay Vessel|delay|array cable major repair|weather unsuitable to transfer crew|cable::i2::s6|array cable|cable::i2::s6|array cable|1.0|1.0|8.0|0|RPR00000007|port|0|0.0|0.0|0.0|19932.576666666668|19932.576666666668
2025-05-06 20:50:39.958252|1999-03-04 06:00:00|1493.9999677670025|Cable Lay Vessel|traveling|array cable major repair|traveling from port to site|cable::i2::s6|array cable|cable::i2::s6|array cable|1.0|1.0|3.0439322868637095|53.0|RPR00000007|enroute|0|0|0.0|0.0|7584.176709506612|7584.176709506612
2025-05-06 20:50:39.959329|1999-03-04 09:02:39|1497.0439000538663|Cable Lay Vessel|complete travel|array cable major repair|arrived at cable::i2::s6|cable::i2::s6|array cable|cable::i2::s6|array cable|1.0|1.0|0|0|RPR00000007|site|0|0|0|0|0|0
2025-05-06 20:50:39.959329|1999-03-04 09:02:39|1497.0439000538663|Cable Lay Vessel|transferring crew|array cable major repair|transferring crew from Cable Lay Vessel to cable::i2::s6|cable::i2::s6|array cable|cable::i2::s6|array cable|1.0|1.0|0.25|0|RPR00000007|system|0|0.0|0.0|0.0|622.8930208333334|622.8930208333334
2025-05-06 20:50:39.960333|1999-03-04 09:17:39|1497.2939000538663|Cable Lay Vessel|complete transfer|array cable major repair|complete|cable::i2::s6|array cable|cable::i2::s6|array cable|1.0|1.0|0|0|RPR00000007|system|0|0|0|0|0|0
2025-05-06 20:50:39.960333|1999-03-04 09:17:39|1497.2939000538663|Cable Lay Vessel|repair|array cable major repair|repair|cable::i2::s6|array cable|cable::i2::s6|array cable|1.0|1.0|12.455833333333334|0|RPR00000007|system|0|0.0|0.0|0.0|31034.60660798612|31034.60660798612
2025-05-06 20:50:39.960333|1999-03-04 09:17:39|1497.2940483236675|supporting_structure|repair request|marine growth removal|severity level 1|D6|D6|supporting_structure|supporting_structure|1.0|1.0|0|0|RPR00000052|na|0|0|0|0|0|0
2025-05-06 20:50:39.962894|1999-03-04 18:12:22|1506.2060287800884|rotor_blades|repair request|blades minor repair|severity level 1|E2|E2|rotor_blades|rotor_blades|1.0|1.0|0|0|RPR00000053|na|0|0|0|0|0|0
2025-05-06 20:50:39.964895|1999-03-04 21:45:00|1509.7497333871997|Cable Lay Vessel|transferring crew|array cable major repair|transferring crew from cable::i2::s6 to Cable Lay Vessel|cable::i2::s6|array cable|cable::i2::s6|array cable|1.0|1.0|0.25|0|RPR00000007|system|0|0.0|0.0|0.0|622.8930208333334|622.8930208333334
2025-05-06 20:50:39.964895|1999-03-04 22:00:00|1509.9997333871997|Cable Lay Vessel|complete transfer|array cable major repair|complete|cable::i2::s6|array cable|cable::i2::s6|array cable|1.0|1.0|0|0|RPR00000007|system|0|0|0|0|0|0
2025-05-06 20:50:39.965988|1999-03-04 22:00:00|1509.9997333871997|Cable Lay Vessel|traveling|array cable major repair|traveling from site to port|cable::i2::s6|array cable|cable::i2::s6|array cable|1.0|1.0|3.0436979070609045|53.0|RPR00000007|enroute|0|0|0.0|0.0|7583.592735333044|7583.592735333044
2025-05-06 20:50:39.966934|1999-03-05 01:02:37|1513.0434312942607|Cable Lay Vessel|complete travel|array cable major repair|arrived at port|cable::i2::s6|array cable|cable::i2::s6|array cable|1.0|1.0|0|0|RPR00000007|port|0|0|0|0|0|0
2025-05-06 20:50:39.966934|1999-03-05 01:02:37|1513.0434312942607|Cable Lay Vessel|delay|array cable major repair|work shift has ended; waiting for next shift to start|cable::i2::s6|array cable|cable::i2::s6|array cable|1.0|1.0|4.956388888888889|0|RPR00000007|port|0|0.0|0.0|0.0|12349.200189699075|12349.200189699075
2025-05-06 20:50:39.968894|1999-03-05 06:00:00|1517.9998201831495|Cable Lay Vessel|traveling|array cable major repair|traveling from port to site|cable::i2::s6|array cable|cable::i2::s6|array cable|1.0|1.0|3.04378470301066|53.0|RPR00000007|enroute|0|0|0.0|0.0|7583.8089936984015|7583.8089936984015
2025-05-06 20:50:39.969974|1999-03-05 09:02:37|1521.0436048861602|Cable Lay Vessel|complete travel|array cable major repair|arrived at cable::i2::s6|cable::i2::s6|array cable|cable::i2::s6|array cable|1.0|1.0|0|0|RPR00000007|site|0|0|0|0|0|0
2025-05-06 20:50:39.969974|1999-03-05 09:02:37|1521.0436048861602|Cable Lay Vessel|transferring crew|array cable major repair|transferring crew from Cable Lay Vessel to cable::i2::s6|cable::i2::s6|array cable|cable::i2::s6|array cable|1.0|1.0|0.25|0|RPR00000007|system|0|0.0|0.0|0.0|622.8930208333334|622.8930208333334
2025-05-06 20:50:39.969974|1999-03-05 09:17:37|1521.2936048861602|Cable Lay Vessel|complete transfer|array cable major repair|complete|cable::i2::s6|array cable|cable::i2::s6|array cable|1.0|1.0|0|0|RPR00000007|system|0|0|0|0|0|0
2025-05-06 20:50:39.971482|1999-03-05 09:17:37|1521.2936048861602|Cable Lay Vessel|repair|array cable major repair|repair|cable::i2::s6|array cable|cable::i2::s6|array cable|1.0|1.0|12.456388888888888|0|RPR00000007|system|0|0.0|0.0|0.0|31035.990814699075|31035.990814699075
2025-05-06 20:50:39.974484|1999-03-05 21:45:00|1533.749993775049|Cable Lay Vessel|transferring crew|array cable major repair|transferring crew from cable::i2::s6 to Cable Lay Vessel|cable::i2::s6|array cable|cable::i2::s6|array cable|1.0|1.0|0.25|0|RPR00000007|system|0|0.0|0.0|0.0|622.8930208333334|622.8930208333334
2025-05-06 20:50:39.974484|1999-03-05 22:00:00|1533.999993775049|Cable Lay Vessel|complete transfer|array cable major repair|complete|cable::i2::s6|array cable|cable::i2::s6|array cable|1.0|1.0|0|0|RPR00000007|system|0|0|0|0|0|0
2025-05-06 20:50:39.975488|1999-03-05 22:00:00|1533.999993775049|Cable Lay Vessel|traveling|array cable major repair|traveling from site to port|cable::i2::s6|array cable|cable::i2::s6|array cable|1.0|1.0|3.043958294910171|53.0|RPR00000007|enroute|0|0|0.0|0.0|7584.241510429116|7584.241510429116
2025-05-06 20:50:39.976488|1999-03-06 01:02:39|1537.0439520699592|Cable Lay Vessel|complete travel|array cable major repair|arrived at port|cable::i2::s6|array cable|cable::i2::s6|array cable|1.0|1.0|0|0|RPR00000007|port|0|0|0|0|0|0
2025-05-06 20:50:39.976488|1999-03-06 01:02:39|1537.0439520699592|Cable Lay Vessel|delay|array cable major repair|work shift has ended; waiting for next shift to start|cable::i2::s6|array cable|cable::i2::s6|array cable|1.0|1.0|4.9558333333333335|0|RPR00000007|port|0|0.0|0.0|0.0|12347.815982986112|12347.815982986112
2025-05-06 20:50:39.978489|1999-03-06 06:00:00|1541.9997854032927|Cable Lay Vessel|traveling|array cable major repair|traveling from port to site|cable::i2::s6|array cable|cable::i2::s6|array cable|1.0|1.0|3.0437499231538276|53.0|RPR00000007|enroute|0|0|0.0|0.0|7583.722337178056|7583.722337178056
2025-05-06 20:50:39.978489|1999-03-06 09:02:37|1545.0435353264465|Cable Lay Vessel|complete travel|array cable major repair|arrived at cable::i2::s6|cable::i2::s6|array cable|cable::i2::s6|array cable|1.0|1.0|0|0|RPR00000007|site|0|0|0|0|0|0
2025-05-06 20:50:39.979487|1999-03-06 09:02:37|1545.0435353264465|Cable Lay Vessel|transferring crew|array cable major repair|transferring crew from Cable Lay Vessel to cable::i2::s6|cable::i2::s6|array cable|cable::i2::s6|array cable|1.0|1.0|0.25|0|RPR00000007|system|0|0.0|0.0|0.0|622.8930208333334|622.8930208333334
2025-05-06 20:50:39.979487|1999-03-06 09:17:37|1545.2935353264465|Cable Lay Vessel|complete transfer|array cable major repair|complete|cable::i2::s6|array cable|cable::i2::s6|array cable|1.0|1.0|0|0|RPR00000007|system|0|0|0|0|0|0
2025-05-06 20:50:39.979487|1999-03-06 09:17:37|1545.2935353264465|Cable Lay Vessel|repair|array cable major repair|repair|cable::i2::s6|array cable|cable::i2::s6|array cable|1.0|1.0|12.456388888888888|0|RPR00000007|system|0|0.0|0.0|0.0|31035.990814699075|31035.990814699075
2025-05-06 20:50:39.982541|1999-03-06 21:45:00|1557.7499242153353|Cable Lay Vessel|transferring crew|array cable major repair|transferring crew from cable::i2::s6 to Cable Lay Vessel|cable::i2::s6|array cable|cable::i2::s6|array cable|1.0|1.0|0.25|0|RPR00000007|system|0|0.0|0.0|0.0|622.8930208333334|622.8930208333334
2025-05-06 20:50:39.982541|1999-03-06 22:00:00|1557.9999242153353|Cable Lay Vessel|complete transfer|array cable major repair|complete|cable::i2::s6|array cable|cable::i2::s6|array cable|1.0|1.0|0|0|RPR00000007|system|0|0|0|0|0|0
2025-05-06 20:50:39.982541|1999-03-06 22:00:00|1557.9999242153353|Cable Lay Vessel|traveling|array cable major repair|traveling from site to port|cable::i2::s6|array cable|cable::i2::s6|array cable|1.0|1.0|3.0438887351965054|53.0|RPR00000007|enroute|0|0|0.0|0.0|7584.068197388422|7584.068197388422
2025-05-06 20:50:39.983547|1999-03-07 01:02:38|1561.043812950532|Cable Lay Vessel|complete travel|array cable major repair|arrived at port|cable::i2::s6|array cable|cable::i2::s6|array cable|1.0|1.0|0|0|RPR00000007|port|0|0|0|0|0|0
2025-05-06 20:50:39.983547|1999-03-07 01:02:38|1561.043812950532|Cable Lay Vessel|delay|array cable major repair|work shift has ended; waiting for next shift to start|cable::i2::s6|array cable|cable::i2::s6|array cable|1.0|1.0|4.956111111111111|0|RPR00000007|port|0|0.0|0.0|0.0|12348.508086342594|12348.508086342594
2025-05-06 20:50:39.983547|1999-03-07 02:56:21|1562.9391484950202|electrical_system|repair request|power electrical system minor repair|severity level 1|F4|F4|electrical_system|electrical_system|1.0|1.0|0|0|RPR00000054|na|0|0|0|0|0|0
2025-05-06 20:50:39.985552|1999-03-07 06:00:00|1565.999924061643|Cable Lay Vessel|traveling|array cable major repair|traveling from port to site|cable::i2::s6|array cable|cable::i2::s6|array cable|1.0|1.0|3.0438885815041785|53.0|RPR00000007|enroute|0|0|0.0|0.0|7584.067814452911|7584.067814452911
2025-05-06 20:50:39.986547|1999-03-07 09:02:38|1569.0438126431472|Cable Lay Vessel|complete travel|array cable major repair|arrived at cable::i2::s6|cable::i2::s6|array cable|cable::i2::s6|array cable|1.0|1.0|0|0|RPR00000007|site|0|0|0|0|0|0
2025-05-06 20:50:39.986547|1999-03-07 09:02:38|1569.0438126431472|Cable Lay Vessel|transferring crew|array cable major repair|transferring crew from Cable Lay Vessel to cable::i2::s6|cable::i2::s6|array cable|cable::i2::s6|array cable|1.0|1.0|0.25|0|RPR00000007|system|0|0.0|0.0|0.0|622.8930208333334|622.8930208333334
2025-05-06 20:50:39.986547|1999-03-07 09:17:38|1569.2938126431472|Cable Lay Vessel|complete transfer|array cable major repair|complete|cable::i2::s6|array cable|cable::i2::s6|array cable|1.0|1.0|0|0|RPR00000007|system|0|0|0|0|0|0
2025-05-06 20:50:39.986547|1999-03-07 09:17:38|1569.2938126431472|Cable Lay Vessel|repair|array cable major repair|repair|cable::i2::s6|array cable|cable::i2::s6|array cable|1.0|1.0|12.456111111111111|0|RPR00000007|system|0|0.0|0.0|0.0|31035.2987113426|31035.2987113426
2025-05-06 20:50:39.988546|1999-03-07 18:28:46|1578.479173603706|supporting_structure|repair request|marine growth removal|severity level 1|G2|G2|supporting_structure|supporting_structure|1.0|1.0|0|0|RPR00000055|na|0|0|0|0|0|0
2025-05-06 20:50:39.989547|1999-03-07 21:26:15|1581.437454318271|Anchor Handling Tug|mobilization|Anchor Handling Tug has arrived on site|mobilization|||||0|0|0|0|na|site|0|0|0|0|325000.0|325000.0
2025-05-06 20:50:39.989547|1999-03-07 21:26:15|1581.437454318271|Anchor Handling Tug|traveling|major anchor repair|traveling from None to G6|G6|G6|supporting_structure|supporting_structure|1.0|1.0|0.0|0.0|RPR00000043|enroute|0|0|0.0|0.0|0.0|0.0
2025-05-06 20:50:39.989547|1999-03-07 21:26:15|1581.437454318271|Anchor Handling Tug|complete travel|major anchor repair|arrived at G6|G6|G6|supporting_structure|supporting_structure|1.0|1.0|0|0|RPR00000043|system|0|0|0|0|0|0
2025-05-06 20:50:39.991050|1999-03-07 21:26:15|1581.437454318271|Anchor Handling Tug|transferring crew|major anchor repair|transferring crew from Anchor Handling Tug to G6|G6|G6|supporting_structure|supporting_structure|0.0|1.0|0.25|0|RPR00000043|system|0|0.0|0.0|0.0|437.5|437.5
2025-05-06 20:50:39.991050|1999-03-07 21:41:15|1581.687454318271|Anchor Handling Tug|complete transfer|major anchor repair|complete|G6|G6|supporting_structure|supporting_structure|0.0|1.0|0|0|RPR00000043|system|0|0|0|0|0|0
2025-05-06 20:50:39.992054|1999-03-07 21:41:15|1581.687454318271|Anchor Handling Tug|repair|major anchor repair|repair|G6|G6|supporting_structure|supporting_structure|0.0|1.0|38.3125|0|RPR00000043|system|0|0.0|0.0|0.0|67046.875|67046.875
2025-05-06 20:50:39.992054|1999-03-07 21:45:00|1581.7499237542584|Cable Lay Vessel|transferring crew|array cable major repair|transferring crew from cable::i2::s6 to Cable Lay Vessel|cable::i2::s6|array cable|cable::i2::s6|array cable|1.0|1.0|0.25|0|RPR00000007|system|0|0.0|0.0|0.0|622.8930208333334|622.8930208333334
2025-05-06 20:50:39.992054|1999-03-07 22:00:00|1581.9999237542584|Cable Lay Vessel|complete transfer|array cable major repair|complete|cable::i2::s6|array cable|cable::i2::s6|array cable|1.0|1.0|0|0|RPR00000007|system|0|0|0|0|0|0
2025-05-06 20:50:39.993054|1999-03-07 22:00:00|1581.9999237542584|Cable Lay Vessel|traveling|array cable major repair|traveling from site to port|cable::i2::s6|array cable|cable::i2::s6|array cable|1.0|1.0|3.043888274119526|53.0|RPR00000007|enroute|0|0|0.0|0.0|7584.067048581892|7584.067048581892
2025-05-06 20:50:39.994058|1999-03-08 01:02:38|1585.043812028378|Cable Lay Vessel|complete travel|array cable major repair|arrived at port|cable::i2::s6|array cable|cable::i2::s6|array cable|1.0|1.0|0|0|RPR00000007|port|0|0|0|0|0|0
2025-05-06 20:50:39.994058|1999-03-08 01:02:38|1585.043812028378|Cable Lay Vessel|delay|array cable major repair|work shift has ended; waiting for next shift to start|cable::i2::s6|array cable|cable::i2::s6|array cable|1.0|1.0|4.956111111111111|0|RPR00000007|port|0|0.0|0.0|0.0|12348.508086342594|12348.508086342594
2025-05-06 20:50:39.995058|1999-03-08 06:00:00|1589.999923139489|Cable Lay Vessel|traveling|array cable major repair|traveling from port to site|cable::i2::s6|array cable|cable::i2::s6|array cable|1.0|1.0|3.0438876593502204|53.0|RPR00000007|enroute|0|0|0.0|0.0|7584.0655168398525|7584.0655168398525
2025-05-06 20:50:39.996058|1999-03-08 09:02:38|1593.0438107988393|Cable Lay Vessel|complete travel|array cable major repair|arrived at cable::i2::s6|cable::i2::s6|array cable|cable::i2::s6|array cable|1.0|1.0|0|0|RPR00000007|site|0|0|0|0|0|0
2025-05-06 20:50:39.996058|1999-03-08 09:02:38|1593.0438107988393|Cable Lay Vessel|transferring crew|array cable major repair|transferring crew from Cable Lay Vessel to cable::i2::s6|cable::i2::s6|array cable|cable::i2::s6|array cable|1.0|1.0|0.25|0|RPR00000007|system|0|0.0|0.0|0.0|622.8930208333334|622.8930208333334
2025-05-06 20:50:39.996058|1999-03-08 09:17:38|1593.2938107988393|Cable Lay Vessel|complete transfer|array cable major repair|complete|cable::i2::s6|array cable|cable::i2::s6|array cable|1.0|1.0|0|0|RPR00000007|system|0|0|0|0|0|0
2025-05-06 20:50:39.996058|1999-03-08 09:17:38|1593.2938107988393|Cable Lay Vessel|repair|array cable major repair|repair|cable::i2::s6|array cable|cable::i2::s6|array cable|1.0|1.0|12.456111111111111|0|RPR00000007|system|0|0.0|0.0|0.0|31035.2987113426|31035.2987113426
2025-05-06 20:50:39.999058|1999-03-08 21:45:00|1605.7499219099504|Cable Lay Vessel|transferring crew|array cable major repair|transferring crew from cable::i2::s6 to Cable Lay Vessel|cable::i2::s6|array cable|cable::i2::s6|array cable|1.0|1.0|0.25|0|RPR00000007|system|0|0.0|0.0|0.0|622.8930208333334|622.8930208333334
2025-05-06 20:50:39.999058|1999-03-08 22:00:00|1605.9999219099504|Cable Lay Vessel|complete transfer|array cable major repair|complete|cable::i2::s6|array cable|cable::i2::s6|array cable|1.0|1.0|0|0|RPR00000007|system|0|0|0|0|0|0
2025-05-06 20:50:39.999058|1999-03-08 22:00:00|1605.9999219099504|Cable Lay Vessel|traveling|array cable major repair|traveling from site to port|cable::i2::s6|array cable|cable::i2::s6|array cable|1.0|1.0|3.043886429811609|53.0|RPR00000007|enroute|0|0|0.0|0.0|7584.062453355773|7584.062453355773
2025-05-06 20:50:40.000059|1999-03-09 01:02:38|1609.043808339762|Cable Lay Vessel|complete travel|array cable major repair|arrived at port|cable::i2::s6|array cable|cable::i2::s6|array cable|1.0|1.0|0|0|RPR00000007|port|0|0|0|0|0|0
2025-05-06 20:50:40.000059|1999-03-09 01:02:38|1609.043808339762|Cable Lay Vessel|delay|array cable major repair|work shift has ended; waiting for next shift to start|cable::i2::s6|array cable|cable::i2::s6|array cable|1.0|1.0|4.956111111111111|0|RPR00000007|port|0|0.0|0.0|0.0|12348.508086342594|12348.508086342594
2025-05-06 20:50:40.001561|1999-03-09 06:00:00|1613.9999194508732|Cable Lay Vessel|traveling|array cable major repair|traveling from port to site|cable::i2::s6|array cable|cable::i2::s6|array cable|1.0|1.0|3.0438839707343863|53.0|RPR00000007|enroute|0|0|0.0|0.0|7584.056326387615|7584.056326387615
2025-05-06 20:50:40.002578|1999-03-09 09:02:38|1617.0438034216077|Cable Lay Vessel|complete travel|array cable major repair|arrived at cable::i2::s6|cable::i2::s6|array cable|cable::i2::s6|array cable|1.0|1.0|0|0|RPR00000007|site|0|0|0|0|0|0
2025-05-06 20:50:40.004582|1999-03-09 09:02:38|1617.0438034216077|Cable Lay Vessel|transferring crew|array cable major repair|transferring crew from Cable Lay Vessel to cable::i2::s6|cable::i2::s6|array cable|cable::i2::s6|array cable|1.0|1.0|0.25|0|RPR00000007|system|0|0.0|0.0|0.0|622.8930208333334|622.8930208333334
2025-05-06 20:50:40.005582|1999-03-09 09:17:38|1617.2938034216077|Cable Lay Vessel|complete transfer|array cable major repair|complete|cable::i2::s6|array cable|cable::i2::s6|array cable|1.0|1.0|0|0|RPR00000007|system|0|0|0|0|0|0
2025-05-06 20:50:40.005582|1999-03-09 09:17:38|1617.2938034216077|Cable Lay Vessel|repair|array cable major repair|repair|cable::i2::s6|array cable|cable::i2::s6|array cable|1.0|1.0|12.456111111111111|0|RPR00000007|system|0|0.0|0.0|0.0|31035.2987113426|31035.2987113426
2025-05-06 20:50:40.005582|1999-03-09 09:48:40|1617.8108441237205|electrical_system|repair request|power converter minor repair|severity level 1|B6|B6|electrical_system|electrical_system|1.0|1.0|0|0|RPR00000056|na|0|0|0|0|0|0
2025-05-06 20:50:40.006596|1999-03-09 12:00:00|1619.999954318271|Anchor Handling Tug|delay|major anchor repair|weather delay|G6|G6|supporting_structure|supporting_structure|0.0|1.0|23.0|0|RPR00000043|system|0|0|0.0|0.0|40250.0|40250.0
2025-05-06 20:50:40.009660|1999-03-09 21:45:00|1629.7499145327188|Cable Lay Vessel|transferring crew|array cable major repair|transferring crew from cable::i2::s6 to Cable Lay Vessel|cable::i2::s6|array cable|cable::i2::s6|array cable|1.0|1.0|0.25|0|RPR00000007|system|0|0.0|0.0|0.0|622.8930208333334|622.8930208333334
2025-05-06 20:50:40.009660|1999-03-09 22:00:00|1629.9999145327188|Cable Lay Vessel|complete transfer|array cable major repair|complete|cable::i2::s6|array cable|cable::i2::s6|array cable|1.0|1.0|0|0|RPR00000007|system|0|0|0|0|0|0
2025-05-06 20:50:40.011251|1999-03-09 22:00:00|1629.9999145327188|Cable Lay Vessel|traveling|array cable major repair|traveling from site to port|cable::i2::s6|array cable|cable::i2::s6|array cable|1.0|1.0|3.0438790525799404|53.0|RPR00000007|enroute|0|0|0.0|0.0|7584.0440724512955|7584.0440724512955
2025-05-06 20:50:40.012365|1999-03-10 01:02:38|1633.0437935852988|Cable Lay Vessel|complete travel|array cable major repair|arrived at port|cable::i2::s6|array cable|cable::i2::s6|array cable|1.0|1.0|0|0|RPR00000007|port|0|0|0|0|0|0
2025-05-06 20:50:40.012365|1999-03-10 01:02:38|1633.0437935852988|Cable Lay Vessel|delay|array cable major repair|work shift has ended; waiting for next shift to start|cable::i2::s6|array cable|cable::i2::s6|array cable|1.0|1.0|4.956111111111111|0|RPR00000007|port|0|0.0|0.0|0.0|12348.508086342594|12348.508086342594
2025-05-06 20:50:40.014341|1999-03-10 06:00:00|1637.9999046964099|Cable Lay Vessel|traveling|array cable major repair|traveling from port to site|cable::i2::s6|array cable|cable::i2::s6|array cable|1.0|1.0|3.04386921627105|53.0|RPR00000007|enroute|0|0|0.0|0.0|7584.019564578661|7584.019564578661
2025-05-06 20:50:40.015288|1999-03-10 09:02:38|1641.043773912681|Cable Lay Vessel|complete travel|array cable major repair|arrived at cable::i2::s6|cable::i2::s6|array cable|cable::i2::s6|array cable|1.0|1.0|0|0|RPR00000007|site|0|0|0|0|0|0
2025-05-06 20:50:40.016261|1999-03-10 09:02:38|1641.043773912681|Cable Lay Vessel|transferring crew|array cable major repair|transferring crew from Cable Lay Vessel to cable::i2::s6|cable::i2::s6|array cable|cable::i2::s6|array cable|1.0|1.0|0.25|0|RPR00000007|system|0|0.0|0.0|0.0|622.8930208333334|622.8930208333334
2025-05-06 20:50:40.016261|1999-03-10 09:17:38|1641.293773912681|Cable Lay Vessel|complete transfer|array cable major repair|complete|cable::i2::s6|array cable|cable::i2::s6|array cable|1.0|1.0|0|0|RPR00000007|system|0|0|0|0|0|0
2025-05-06 20:50:40.016261|1999-03-10 09:17:38|1641.293773912681|Cable Lay Vessel|repair|array cable major repair|repair|cable::i2::s6|array cable|cable::i2::s6|array cable|1.0|1.0|12.456111111111111|0|RPR00000007|system|0|0.0|0.0|0.0|31035.2987113426|31035.2987113426
2025-05-06 20:50:40.016261|1999-03-10 11:00:00|1642.999954318271|Anchor Handling Tug|repair|major anchor repair|repair|G6|G6|supporting_structure|supporting_structure|0.0|1.0|201.6875|0|RPR00000043|system|0|0.0|0.0|0.0|352953.125|352953.125
2025-05-06 20:50:40.020353|1999-03-10 21:45:00|1653.749885023792|Cable Lay Vessel|transferring crew|array cable major repair|transferring crew from cable::i2::s6 to Cable Lay Vessel|cable::i2::s6|array cable|cable::i2::s6|array cable|1.0|1.0|0.25|0|RPR00000007|system|0|0.0|0.0|0.0|622.8930208333334|622.8930208333334
2025-05-06 20:50:40.020353|1999-03-10 22:00:00|1653.999885023792|Cable Lay Vessel|complete transfer|array cable major repair|complete|cable::i2::s6|array cable|cable::i2::s6|array cable|1.0|1.0|0|0|RPR00000007|system|0|0|0|0|0|0
2025-05-06 20:50:40.021851|1999-03-10 22:00:00|1653.999885023792|Cable Lay Vessel|traveling|array cable major repair|traveling from site to port|cable::i2::s6|array cable|cable::i2::s6|array cable|1.0|1.0|3.0438495436532675|53.0|RPR00000007|enroute|0|0|0.0|0.0|7583.970548833388|7583.970548833388
2025-05-06 20:50:40.021851|1999-03-11 01:02:38|1657.0437345674454|Cable Lay Vessel|complete travel|array cable major repair|arrived at port|cable::i2::s6|array cable|cable::i2::s6|array cable|1.0|1.0|0|0|RPR00000007|port|0|0|0|0|0|0
2025-05-06 20:50:40.021851|1999-03-11 01:02:38|1657.0437345674454|Cable Lay Vessel|delay|array cable major repair|work shift has ended; waiting for next shift to start|cable::i2::s6|array cable|cable::i2::s6|array cable|1.0|1.0|4.956111111111111|0|RPR00000007|port|0|0.0|0.0|0.0|12348.508086342594|12348.508086342594
2025-05-06 20:50:40.023937|1999-03-11 06:00:00|1661.9998456785565|Cable Lay Vessel|traveling|array cable major repair|traveling from port to site|cable::i2::s6|array cable|cable::i2::s6|array cable|1.0|1.0|3.043810198417704|53.0|RPR00000007|enroute|0|0|0.0|0.0|7583.872517342847|7583.872517342847
2025-05-06 20:50:40.025942|1999-03-11 09:02:38|1665.0436558769743|Cable Lay Vessel|complete travel|array cable major repair|arrived at cable::i2::s6|cable::i2::s6|array cable|cable::i2::s6|array cable|1.0|1.0|0|0|RPR00000007|site|0|0|0|0|0|0
2025-05-06 20:50:40.025942|1999-03-11 09:02:38|1665.0436558769743|Cable Lay Vessel|transferring crew|array cable major repair|transferring crew from Cable Lay Vessel to cable::i2::s6|cable::i2::s6|array cable|cable::i2::s6|array cable|1.0|1.0|0.25|0|RPR00000007|system|0|0.0|0.0|0.0|622.8930208333334|622.8930208333334
2025-05-06 20:50:40.025942|1999-03-11 09:17:38|1665.2936558769743|Cable Lay Vessel|complete transfer|array cable major repair|complete|cable::i2::s6|array cable|cable::i2::s6|array cable|1.0|1.0|0|0|RPR00000007|system|0|0|0|0|0|0
2025-05-06 20:50:40.025942|1999-03-11 09:17:38|1665.2936558769743|Cable Lay Vessel|repair|array cable major repair|repair|cable::i2::s6|array cable|cable::i2::s6|array cable|1.0|1.0|12.456111111111111|0|RPR00000007|system|0|0.0|0.0|0.0|31035.2987113426|31035.2987113426
2025-05-06 20:50:40.029946|1999-03-11 21:45:00|1677.7497669880854|Cable Lay Vessel|transferring crew|array cable major repair|transferring crew from cable::i2::s6 to Cable Lay Vessel|cable::i2::s6|array cable|cable::i2::s6|array cable|1.0|1.0|0.25|0|RPR00000007|system|0|0.0|0.0|0.0|622.8930208333334|622.8930208333334
2025-05-06 20:50:40.029946|1999-03-11 22:00:00|1677.9997669880854|Cable Lay Vessel|complete transfer|array cable major repair|complete|cable::i2::s6|array cable|cable::i2::s6|array cable|1.0|1.0|0|0|RPR00000007|system|0|0|0|0|0|0
2025-05-06 20:50:40.029946|1999-03-11 22:00:00|1677.9997669880854|Cable Lay Vessel|traveling|array cable major repair|traveling from site to port|cable::i2::s6|array cable|cable::i2::s6|array cable|1.0|1.0|3.0437315079465765|53.0|RPR00000007|enroute|0|0|0.0|0.0|7583.67645436176|7583.67645436176
2025-05-06 20:50:40.031526|1999-03-12 01:02:37|1681.043498496032|Cable Lay Vessel|complete travel|array cable major repair|arrived at port|cable::i2::s6|array cable|cable::i2::s6|array cable|1.0|1.0|0|0|RPR00000007|port|0|0|0|0|0|0
2025-05-06 20:50:40.031526|1999-03-12 01:02:37|1681.043498496032|Cable Lay Vessel|delay|array cable major repair|work shift has ended; waiting for next shift to start|cable::i2::s6|array cable|cable::i2::s6|array cable|1.0|1.0|4.956388888888889|0|RPR00000007|port|0|0.0|0.0|0.0|12349.200189699075|12349.200189699075
2025-05-06 20:50:40.033543|1999-03-12 06:00:00|1685.9998873849208|Cable Lay Vessel|traveling|array cable major repair|traveling from port to site|cable::i2::s6|array cable|cable::i2::s6|array cable|1.0|1.0|3.043851904782004|53.0|RPR00000007|enroute|0|0|0.0|0.0|7583.976431755834|7583.976431755834
2025-05-06 20:50:40.034545|1999-03-12 09:02:38|1689.043739289703|Cable Lay Vessel|complete travel|array cable major repair|arrived at cable::i2::s6|cable::i2::s6|array cable|cable::i2::s6|array cable|1.0|1.0|0|0|RPR00000007|site|0|0|0|0|0|0
2025-05-06 20:50:40.034545|1999-03-12 09:02:38|1689.043739289703|Cable Lay Vessel|transferring crew|array cable major repair|transferring crew from Cable Lay Vessel to cable::i2::s6|cable::i2::s6|array cable|cable::i2::s6|array cable|1.0|1.0|0.25|0|RPR00000007|system|0|0.0|0.0|0.0|622.8930208333334|622.8930208333334
2025-05-06 20:50:40.034545|1999-03-12 09:17:38|1689.293739289703|Cable Lay Vessel|complete transfer|array cable major repair|complete|cable::i2::s6|array cable|cable::i2::s6|array cable|1.0|1.0|0|0|RPR00000007|system|0|0|0|0|0|0
2025-05-06 20:50:40.034545|1999-03-12 09:17:38|1689.293739289703|Cable Lay Vessel|repair|array cable major repair|repair|cable::i2::s6|array cable|cable::i2::s6|array cable|1.0|1.0|12.456111111111111|0|RPR00000007|system|0|0.0|0.0|0.0|31035.2987113426|31035.2987113426
2025-05-06 20:50:40.038543|1999-03-12 21:45:00|1701.749850400814|Cable Lay Vessel|transferring crew|array cable major repair|transferring crew from cable::i2::s6 to Cable Lay Vessel|cable::i2::s6|array cable|cable::i2::s6|array cable|1.0|1.0|0.25|0|RPR00000007|system|0|0.0|0.0|0.0|622.8930208333334|622.8930208333334
2025-05-06 20:50:40.038543|1999-03-12 22:00:00|1701.999850400814|Cable Lay Vessel|complete transfer|array cable major repair|complete|cable::i2::s6|array cable|cable::i2::s6|array cable|1.0|1.0|0|0|RPR00000007|system|0|0|0|0|0|0
2025-05-06 20:50:40.039541|1999-03-12 22:00:00|1701.999850400814|Cable Lay Vessel|traveling|array cable major repair|traveling from site to port|cable::i2::s6|array cable|cable::i2::s6|array cable|1.0|1.0|3.043814920675176|53.0|RPR00000007|enroute|0|0|0.0|0.0|7583.884283187733|7583.884283187733
2025-05-06 20:50:40.041131|1999-03-13 01:02:38|1705.0436653214892|Cable Lay Vessel|complete travel|array cable major repair|arrived at port|cable::i2::s6|array cable|cable::i2::s6|array cable|1.0|1.0|0|0|RPR00000007|port|0|0|0|0|0|0
2025-05-06 20:50:40.041131|1999-03-13 01:02:38|1705.0436653214892|Cable Lay Vessel|delay|array cable major repair|work shift has ended; waiting for next shift to start|cable::i2::s6|array cable|cable::i2::s6|array cable|1.0|1.0|4.956111111111111|0|RPR00000007|port|0|0.0|0.0|0.0|12348.508086342594|12348.508086342594
2025-05-06 20:50:40.041131|1999-03-13 04:19:16|1708.3210532641986|hydraulic_system|repair request|minor pitch system repair|severity level 1|D6|D6|hydraulic_system|hydraulic_system|1.0|1.0|0|0|RPR00000057|na|0|0|0|0|0|0
2025-05-06 20:50:40.043227|1999-03-13 06:00:00|1709.9997764326004|Cable Lay Vessel|traveling|array cable major repair|traveling from port to site|cable::i2::s6|array cable|cable::i2::s6|array cable|1.0|1.0|3.043740952461521|53.0|RPR00000007|enroute|0|0|0.0|0.0|7583.699986051537|7583.699986051537
2025-05-06 20:50:40.044222|1999-03-13 09:02:37|1713.043517385062|Cable Lay Vessel|complete travel|array cable major repair|arrived at cable::i2::s6|cable::i2::s6|array cable|cable::i2::s6|array cable|1.0|1.0|0|0|RPR00000007|site|0|0|0|0|0|0
2025-05-06 20:50:40.044222|1999-03-13 09:02:37|1713.043517385062|Cable Lay Vessel|transferring crew|array cable major repair|transferring crew from Cable Lay Vessel to cable::i2::s6|cable::i2::s6|array cable|cable::i2::s6|array cable|1.0|1.0|0.25|0|RPR00000007|system|0|0.0|0.0|0.0|622.8930208333334|622.8930208333334
2025-05-06 20:50:40.044222|1999-03-13 09:17:37|1713.293517385062|Cable Lay Vessel|complete transfer|array cable major repair|complete|cable::i2::s6|array cable|cable::i2::s6|array cable|1.0|1.0|0|0|RPR00000007|system|0|0|0|0|0|0
2025-05-06 20:50:40.045219|1999-03-13 09:17:37|1713.293517385062|Cable Lay Vessel|repair|array cable major repair|repair|cable::i2::s6|array cable|cable::i2::s6|array cable|1.0|1.0|12.456388888888888|0|RPR00000007|system|0|0.0|0.0|0.0|31035.990814699075|31035.990814699075
2025-05-06 20:50:40.048140|1999-03-13 21:45:00|1725.7499062739507|Cable Lay Vessel|transferring crew|array cable major repair|transferring crew from cable::i2::s6 to Cable Lay Vessel|cable::i2::s6|array cable|cable::i2::s6|array cable|1.0|1.0|0.25|0|RPR00000007|system|0|0.0|0.0|0.0|622.8930208333334|622.8930208333334
2025-05-06 20:50:40.048140|1999-03-13 22:00:00|1725.9999062739507|Cable Lay Vessel|complete transfer|array cable major repair|complete|cable::i2::s6|array cable|cable::i2::s6|array cable|1.0|1.0|0|0|RPR00000007|system|0|0|0|0|0|0
2025-05-06 20:50:40.048140|1999-03-13 22:00:00|1725.9999062739507|Cable Lay Vessel|traveling|array cable major repair|traveling from site to port|cable::i2::s6|array cable|cable::i2::s6|array cable|1.0|1.0|3.0438707938118927|53.0|RPR00000007|enroute|0|0|0.0|0.0|7584.023495135384|7584.023495135384
2025-05-06 20:50:40.049724|1999-03-14 01:02:38|1729.0437770677627|Cable Lay Vessel|complete travel|array cable major repair|arrived at port|cable::i2::s6|array cable|cable::i2::s6|array cable|1.0|1.0|0|0|RPR00000007|port|0|0|0|0|0|0
2025-05-06 20:50:40.049724|1999-03-14 01:02:38|1729.0437770677627|Cable Lay Vessel|delay|array cable major repair|work shift has ended; waiting for next shift to start|cable::i2::s6|array cable|cable::i2::s6|array cable|1.0|1.0|4.956111111111111|0|RPR00000007|port|0|0.0|0.0|0.0|12348.508086342594|12348.508086342594
2025-05-06 20:50:40.052257|1999-03-14 06:00:00|1733.9998881788738|Cable Lay Vessel|traveling|array cable major repair|traveling from port to site|cable::i2::s6|array cable|cable::i2::s6|array cable|1.0|1.0|3.043852698734954|53.0|RPR00000007|enroute|0|0|0.0|0.0|7583.97840994684|7583.97840994684
2025-05-06 20:50:40.054267|1999-03-14 09:02:38|1737.0437408776088|Cable Lay Vessel|complete travel|array cable major repair|arrived at cable::i2::s6|cable::i2::s6|array cable|cable::i2::s6|array cable|1.0|1.0|0|0|RPR00000007|site|0|0|0|0|0|0
2025-05-06 20:50:40.054267|1999-03-14 09:02:38|1737.0437408776088|Cable Lay Vessel|transferring crew|array cable major repair|transferring crew from Cable Lay Vessel to cable::i2::s6|cable::i2::s6|array cable|cable::i2::s6|array cable|1.0|1.0|0.25|0|RPR00000007|system|0|0.0|0.0|0.0|622.8930208333334|622.8930208333334
2025-05-06 20:50:40.054267|1999-03-14 09:17:38|1737.2937408776088|Cable Lay Vessel|complete transfer|array cable major repair|complete|cable::i2::s6|array cable|cable::i2::s6|array cable|1.0|1.0|0|0|RPR00000007|system|0|0|0|0|0|0
2025-05-06 20:50:40.055265|1999-03-14 09:17:38|1737.2937408776088|Cable Lay Vessel|repair|array cable major repair|repair|cable::i2::s6|array cable|cable::i2::s6|array cable|1.0|1.0|12.456111111111111|0|RPR00000007|system|0|0.0|0.0|0.0|31035.2987113426|31035.2987113426
2025-05-06 20:50:40.058351|1999-03-14 21:45:00|1749.74985198872|Cable Lay Vessel|transferring crew|array cable major repair|transferring crew from cable::i2::s6 to Cable Lay Vessel|cable::i2::s6|array cable|cable::i2::s6|array cable|1.0|1.0|0.25|0|RPR00000007|system|0|0.0|0.0|0.0|622.8930208333334|622.8930208333334
2025-05-06 20:50:40.058351|1999-03-14 22:00:00|1749.99985198872|Cable Lay Vessel|complete transfer|array cable major repair|complete|cable::i2::s6|array cable|cable::i2::s6|array cable|1.0|1.0|0|0|RPR00000007|system|0|0|0|0|0|0
2025-05-06 20:50:40.059261|1999-03-14 22:00:00|1749.99985198872|Cable Lay Vessel|traveling|array cable major repair|traveling from site to port|cable::i2::s6|array cable|cable::i2::s6|array cable|1.0|1.0|3.043816508581075|53.0|RPR00000007|enroute|0|0|0.0|0.0|7583.888239569743|7583.888239569743
2025-05-06 20:50:40.060335|1999-03-15 01:02:38|1753.043668497301|Cable Lay Vessel|complete travel|array cable major repair|arrived at port|cable::i2::s6|array cable|cable::i2::s6|array cable|1.0|1.0|0|0|RPR00000007|port|0|0|0|0|0|0
2025-05-06 20:50:40.060335|1999-03-15 01:02:38|1753.043668497301|Cable Lay Vessel|delay|array cable major repair|work shift has ended; waiting for next shift to start|cable::i2::s6|array cable|cable::i2::s6|array cable|1.0|1.0|4.956111111111111|0|RPR00000007|port|0|0.0|0.0|0.0|12348.508086342594|12348.508086342594
2025-05-06 20:50:40.061943|1999-03-15 06:00:00|1757.9997796084122|Cable Lay Vessel|traveling|array cable major repair|traveling from port to site|cable::i2::s6|array cable|cable::i2::s6|array cable|1.0|1.0|3.0437441282733193|53.0|RPR00000007|enroute|0|0|0.0|0.0|7583.707898815555|7583.707898815555
2025-05-06 20:50:40.062999|1999-03-15 09:02:37|1761.0435237366855|Cable Lay Vessel|complete travel|array cable major repair|arrived at cable::i2::s6|cable::i2::s6|array cable|cable::i2::s6|array cable|1.0|1.0|0|0|RPR00000007|site|0|0|0|0|0|0
2025-05-06 20:50:40.062999|1999-03-15 09:02:37|1761.0435237366855|Cable Lay Vessel|transferring crew|array cable major repair|transferring crew from Cable Lay Vessel to cable::i2::s6|cable::i2::s6|array cable|cable::i2::s6|array cable|1.0|1.0|0.25|0|RPR00000007|system|0|0.0|0.0|0.0|622.8930208333334|622.8930208333334
2025-05-06 20:50:40.062999|1999-03-15 09:17:37|1761.2935237366855|Cable Lay Vessel|complete transfer|array cable major repair|complete|cable::i2::s6|array cable|cable::i2::s6|array cable|1.0|1.0|0|0|RPR00000007|system|0|0|0|0|0|0
2025-05-06 20:50:40.064029|1999-03-15 09:17:37|1761.2935237366855|Cable Lay Vessel|repair|array cable major repair|repair|cable::i2::s6|array cable|cable::i2::s6|array cable|1.0|1.0|12.456388888888888|0|RPR00000007|system|0|0.0|0.0|0.0|31035.990814699075|31035.990814699075
2025-05-06 20:50:40.064029|1999-03-15 10:26:36|1762.4430814010734|supporting_structure|repair request|marine growth removal|severity level 1|B1|B1|supporting_structure|supporting_structure|1.0|1.0|0|0|RPR00000058|na|0|0|0|0|0|0
2025-05-06 20:50:40.068030|1999-03-15 21:45:00|1773.7499126255743|Cable Lay Vessel|transferring crew|array cable major repair|transferring crew from cable::i2::s6 to Cable Lay Vessel|cable::i2::s6|array cable|cable::i2::s6|array cable|1.0|1.0|0.25|0|RPR00000007|system|0|0.0|0.0|0.0|622.8930208333334|622.8930208333334
2025-05-06 20:50:40.068030|1999-03-15 22:00:00|1773.9999126255743|Cable Lay Vessel|complete transfer|array cable major repair|complete|cable::i2::s6|array cable|cable::i2::s6|array cable|1.0|1.0|0|0|RPR00000007|system|0|0|0|0|0|0
2025-05-06 20:50:40.068952|1999-03-15 22:00:00|1773.9999126255743|Cable Lay Vessel|traveling|array cable major repair|traveling from site to port|cable::i2::s6|array cable|cable::i2::s6|array cable|1.0|1.0|3.0438771454354896|53.0|RPR00000007|enroute|0|0|0.0|0.0|7584.039320663423|7584.039320663423
2025-05-06 20:50:40.071038|1999-03-16 01:02:38|1777.0437897710099|Cable Lay Vessel|complete travel|array cable major repair|arrived at port|cable::i2::s6|array cable|cable::i2::s6|array cable|1.0|1.0|0|0|RPR00000007|port|0|0|0|0|0|0
2025-05-06 20:50:40.071038|1999-03-16 01:02:38|1777.0437897710099|Cable Lay Vessel|delay|array cable major repair|work shift has ended; waiting for next shift to start|cable::i2::s6|array cable|cable::i2::s6|array cable|1.0|1.0|4.956111111111111|0|RPR00000007|port|0|0.0|0.0|0.0|12348.508086342594|12348.508086342594
2025-05-06 20:50:40.072708|1999-03-16 06:00:00|1781.999900882121|Cable Lay Vessel|traveling|array cable major repair|traveling from port to site|cable::i2::s6|array cable|cable::i2::s6|array cable|1.0|1.0|3.0438654019821474|53.0|RPR00000007|enroute|0|0|0.0|0.0|7584.010061002913|7584.010061002913
2025-05-06 20:50:40.073716|1999-03-16 09:02:38|1785.0437662841032|Cable Lay Vessel|complete travel|array cable major repair|arrived at cable::i2::s6|cable::i2::s6|array cable|cable::i2::s6|array cable|1.0|1.0|0|0|RPR00000007|site|0|0|0|0|0|0
2025-05-06 20:50:40.073716|1999-03-16 09:02:38|1785.0437662841032|Cable Lay Vessel|transferring crew|array cable major repair|transferring crew from Cable Lay Vessel to cable::i2::s6|cable::i2::s6|array cable|cable::i2::s6|array cable|1.0|1.0|0.25|0|RPR00000007|system|0|0.0|0.0|0.0|622.8930208333334|622.8930208333334
2025-05-06 20:50:40.073716|1999-03-16 09:17:38|1785.2937662841032|Cable Lay Vessel|complete transfer|array cable major repair|complete|cable::i2::s6|array cable|cable::i2::s6|array cable|1.0|1.0|0|0|RPR00000007|system|0|0|0|0|0|0
2025-05-06 20:50:40.074710|1999-03-16 09:17:38|1785.2937662841032|Cable Lay Vessel|repair|array cable major repair|repair|cable::i2::s6|array cable|cable::i2::s6|array cable|1.0|1.0|12.456111111111111|0|RPR00000007|system|0|0.0|0.0|0.0|31035.2987113426|31035.2987113426
2025-05-06 20:50:40.076653|1999-03-16 16:13:51|1792.2306767125992|generator|repair request|direct drive generator minor repair|severity level 1|B5|B5|generator|generator|1.0|1.0|0|0|RPR00000059|na|0|0|0|0|0|0
2025-05-06 20:50:40.077632|1999-03-16 21:45:00|1797.7498773952143|Cable Lay Vessel|transferring crew|array cable major repair|transferring crew from cable::i2::s6 to Cable Lay Vessel|cable::i2::s6|array cable|cable::i2::s6|array cable|1.0|1.0|0.25|0|RPR00000007|system|0|0.0|0.0|0.0|622.8930208333334|622.8930208333334
2025-05-06 20:50:40.077632|1999-03-16 22:00:00|1797.9998773952143|Cable Lay Vessel|complete transfer|array cable major repair|complete|cable::i2::s6|array cable|cable::i2::s6|array cable|1.0|1.0|0|0|RPR00000007|system|0|0|0|0|0|0
2025-05-06 20:50:40.078722|1999-03-16 22:00:00|1797.9998773952143|Cable Lay Vessel|traveling|array cable major repair|traveling from site to port|cable::i2::s6|array cable|cable::i2::s6|array cable|1.0|1.0|3.0438419150754634|53.0|RPR00000007|enroute|0|0|0.0|0.0|7583.951541681897|7583.951541681897
2025-05-06 20:50:40.078722|1999-03-17 01:02:38|1801.0437193102898|Cable Lay Vessel|complete travel|array cable major repair|arrived at port|cable::i2::s6|array cable|cable::i2::s6|array cable|1.0|1.0|0|0|RPR00000007|port|0|0|0|0|0|0
2025-05-06 20:50:40.078722|1999-03-17 01:02:38|1801.0437193102898|Cable Lay Vessel|delay|array cable major repair|work shift has ended; waiting for next shift to start|cable::i2::s6|array cable|cable::i2::s6|array cable|1.0|1.0|4.956111111111111|0|RPR00000007|port|0|0.0|0.0|0.0|12348.508086342594|12348.508086342594
2025-05-06 20:50:40.079712|1999-03-17 06:00:00|1805.999830421401|Cable Lay Vessel|traveling|array cable major repair|traveling from port to site|cable::i2::s6|array cable|cable::i2::s6|array cable|1.0|1.0|3.0437949412620946|53.0|RPR00000007|enroute|0|0|0.0|0.0|7583.834503039859|7583.834503039859
2025-05-06 20:50:40.081303|1999-03-17 09:02:38|1809.043625362663|Cable Lay Vessel|complete travel|array cable major repair|arrived at cable::i2::s6|cable::i2::s6|array cable|cable::i2::s6|array cable|1.0|1.0|0|0|RPR00000007|site|0|0|0|0|0|0
2025-05-06 20:50:40.081303|1999-03-17 09:02:38|1809.043625362663|Cable Lay Vessel|transferring crew|array cable major repair|transferring crew from Cable Lay Vessel to cable::i2::s6|cable::i2::s6|array cable|cable::i2::s6|array cable|1.0|1.0|0.25|0|RPR00000007|system|0|0.0|0.0|0.0|622.8930208333334|622.8930208333334
2025-05-06 20:50:40.081303|1999-03-17 09:17:38|1809.293625362663|Cable Lay Vessel|complete transfer|array cable major repair|complete|cable::i2::s6|array cable|cable::i2::s6|array cable|1.0|1.0|0|0|RPR00000007|system|0|0|0|0|0|0
2025-05-06 20:50:40.081303|1999-03-17 09:17:38|1809.293625362663|Cable Lay Vessel|repair|array cable major repair|repair|cable::i2::s6|array cable|cable::i2::s6|array cable|1.0|1.0|12.456111111111111|0|RPR00000007|system|0|0.0|0.0|0.0|31035.2987113426|31035.2987113426
2025-05-06 20:50:40.082399|1999-03-17 10:58:51|1810.9807641946295|rotor_blades|repair request|blades minor repair|severity level 1|H4|H4|rotor_blades|rotor_blades|1.0|1.0|0|0|RPR00000060|na|0|0|0|0|0|0
2025-05-06 20:50:40.084398|1999-03-17 21:45:00|1821.7497364737742|Cable Lay Vessel|transferring crew|array cable major repair|transferring crew from cable::i2::s6 to Cable Lay Vessel|cable::i2::s6|array cable|cable::i2::s6|array cable|1.0|1.0|0.25|0|RPR00000007|system|0|0.0|0.0|0.0|622.8930208333334|622.8930208333334
2025-05-06 20:50:40.085386|1999-03-17 22:00:00|1821.9997364737742|Cable Lay Vessel|complete transfer|array cable major repair|complete|cable::i2::s6|array cable|cable::i2::s6|array cable|1.0|1.0|0|0|RPR00000007|system|0|0|0|0|0|0
2025-05-06 20:50:40.085386|1999-03-17 22:00:00|1821.9997364737742|Cable Lay Vessel|traveling|array cable major repair|traveling from site to port|cable::i2::s6|array cable|cable::i2::s6|array cable|1.0|1.0|3.043700993635357|53.0|RPR00000007|enroute|0|0|0.0|0.0|7583.600425755784|7583.600425755784
2025-05-06 20:50:40.087400|1999-03-18 01:02:37|1825.0434374674096|Cable Lay Vessel|complete travel|array cable major repair|arrived at port|cable::i2::s6|array cable|cable::i2::s6|array cable|1.0|1.0|0|0|RPR00000007|port|0|0|0|0|0|0
2025-05-06 20:50:40.087400|1999-03-18 01:02:37|1825.0434374674096|Cable Lay Vessel|delay|array cable major repair|work shift has ended; waiting for next shift to start|cable::i2::s6|array cable|cable::i2::s6|array cable|1.0|1.0|4.956388888888889|0|RPR00000007|port|0|0.0|0.0|0.0|12349.200189699075|12349.200189699075
2025-05-06 20:50:40.089398|1999-03-18 06:00:00|1829.9998263562984|Cable Lay Vessel|traveling|array cable major repair|traveling from port to site|cable::i2::s6|array cable|cable::i2::s6|array cable|1.0|1.0|3.0437908761595636|53.0|RPR00000007|enroute|0|0|0.0|0.0|7583.824374543876|7583.824374543876
2025-05-06 20:50:40.090390|1999-03-18 09:02:38|1833.043617232458|Cable Lay Vessel|complete travel|array cable major repair|arrived at cable::i2::s6|cable::i2::s6|array cable|cable::i2::s6|array cable|1.0|1.0|0|0|RPR00000007|site|0|0|0|0|0|0
2025-05-06 20:50:40.090390|1999-03-18 09:02:38|1833.043617232458|Cable Lay Vessel|transferring crew|array cable major repair|transferring crew from Cable Lay Vessel to cable::i2::s6|cable::i2::s6|array cable|cable::i2::s6|array cable|1.0|1.0|0.25|0|RPR00000007|system|0|0.0|0.0|0.0|622.8930208333334|622.8930208333334
2025-05-06 20:50:40.090390|1999-03-18 09:17:38|1833.293617232458|Cable Lay Vessel|complete transfer|array cable major repair|complete|cable::i2::s6|array cable|cable::i2::s6|array cable|1.0|1.0|0|0|RPR00000007|system|0|0|0|0|0|0
2025-05-06 20:50:40.091307|1999-03-18 09:17:38|1833.293617232458|Cable Lay Vessel|repair|array cable major repair|repair|cable::i2::s6|array cable|cable::i2::s6|array cable|1.0|1.0|12.456111111111111|0|RPR00000007|system|0|0.0|0.0|0.0|31035.2987113426|31035.2987113426
2025-05-06 20:50:40.092833|1999-03-18 18:49:46|1842.8293520205293|electrical_system|repair request|power converter minor repair|severity level 1|G7|G7|electrical_system|electrical_system|1.0|1.0|0|0|RPR00000061|na|0|0|0|0|0|0
2025-05-06 20:50:40.094876|1999-03-18 20:41:15|1844.687454318271|Anchor Handling Tug|transferring crew|major anchor repair|transferring crew from G6 to Anchor Handling Tug|G6|G6|supporting_structure|supporting_structure|0.0|1.0|0.25|0|RPR00000043|system|0|0.0|0.0|0.0|437.5|437.5
2025-05-06 20:50:40.094876|1999-03-18 20:56:15|1844.937454318271|Anchor Handling Tug|complete transfer|major anchor repair|complete|G6|G6|supporting_structure|supporting_structure|0.0|1.0|0|0|RPR00000043|system|0|0|0|0|0|0
2025-05-06 20:50:40.094876|1999-03-18 20:56:15|1844.937454318271|Anchor Handling Tug|repair complete|major anchor repair|complete|G6|G6|supporting_structure|supporting_structure|1.0|1.0|0|0|RPR00000043|system|75000.0|0|0|0|0|75000.0
2025-05-06 20:50:40.096876|1999-03-18 20:56:15|1844.937454318271|Anchor Handling Tug|delay|no requests|no work requests submitted by start of shift|||||0|0|3.0625|0|na|port|0|0.0|0.0|0.0|5359.375|5359.375
2025-05-06 20:50:40.099797|1999-03-18 21:45:00|1845.7497283435691|Cable Lay Vessel|transferring crew|array cable major repair|transferring crew from cable::i2::s6 to Cable Lay Vessel|cable::i2::s6|array cable|cable::i2::s6|array cable|1.0|1.0|0.25|0|RPR00000007|system|0|0.0|0.0|0.0|622.8930208333334|622.8930208333334
2025-05-06 20:50:40.099797|1999-03-18 22:00:00|1845.9997283435691|Cable Lay Vessel|complete transfer|array cable major repair|complete|cable::i2::s6|array cable|cable::i2::s6|array cable|1.0|1.0|0|0|RPR00000007|system|0|0|0|0|0|0
2025-05-06 20:50:40.099797|1999-03-18 22:00:00|1845.9997283435691|Cable Lay Vessel|traveling|array cable major repair|traveling from site to port|cable::i2::s6|array cable|cable::i2::s6|array cable|1.0|1.0|3.043692863430296|53.0|RPR00000007|enroute|0|0|0.0|0.0|7583.580168763822|7583.580168763822
2025-05-06 20:50:40.101304|1999-03-19 00:00:00|1847.999954318271|Anchor Handling Tug|leaving site|charter period has ended||||||0|0|0|0|na|na|0|0|0|0|0|0
2025-05-06 20:50:40.101304|1999-03-19 01:02:37|1849.0434212069995|Cable Lay Vessel|complete travel|array cable major repair|arrived at port|cable::i2::s6|array cable|cable::i2::s6|array cable|1.0|1.0|0|0|RPR00000007|port|0|0|0|0|0|0
2025-05-06 20:50:40.101304|1999-03-19 01:02:37|1849.0434212069995|Cable Lay Vessel|delay|array cable major repair|work shift has ended; waiting for next shift to start|cable::i2::s6|array cable|cable::i2::s6|array cable|1.0|1.0|4.956388888888889|0|RPR00000007|port|0|0.0|0.0|0.0|12349.200189699075|12349.200189699075
2025-05-06 20:50:40.103312|1999-03-19 06:00:00|1853.9998100958883|Cable Lay Vessel|traveling|array cable major repair|traveling from port to site|cable::i2::s6|array cable|cable::i2::s6|array cable|1.0|1.0|3.043774615749444|53.0|RPR00000007|enroute|0|0|0.0|0.0|7583.783860559958|7583.783860559958
2025-05-06 20:50:40.104311|1999-03-19 07:46:20|1855.7721125636733|supporting_structure|repair request|anchor replacement|severity level 2|D5|D5|supporting_structure|supporting_structure|1.0|1.0|0|0|RPR00000062|na|0|0|0|0|0|0
2025-05-06 20:50:40.106317|1999-03-19 07:47:16|1855.787668119229|Anchor Handling Tug|mobilization|Anchor Handling Tug is being mobilized|mobilization|||||0|0|336|0|na|enroute|0|0|0|0|0|0
2025-05-06 20:50:40.107307|1999-03-19 09:02:37|1857.0435847116378|Cable Lay Vessel|complete travel|array cable major repair|arrived at cable::i2::s6|cable::i2::s6|array cable|cable::i2::s6|array cable|1.0|1.0|0|0|RPR00000007|site|0|0|0|0|0|0
2025-05-06 20:50:40.107307|1999-03-19 09:02:37|1857.0435847116378|Cable Lay Vessel|transferring crew|array cable major repair|transferring crew from Cable Lay Vessel to cable::i2::s6|cable::i2::s6|array cable|cable::i2::s6|array cable|1.0|1.0|0.25|0|RPR00000007|system|0|0.0|0.0|0.0|622.8930208333334|622.8930208333334
2025-05-06 20:50:40.107307|1999-03-19 09:17:37|1857.2935847116378|Cable Lay Vessel|complete transfer|array cable major repair|complete|cable::i2::s6|array cable|cable::i2::s6|array cable|1.0|1.0|0|0|RPR00000007|system|0|0|0|0|0|0
2025-05-06 20:50:40.107307|1999-03-19 09:17:37|1857.2935847116378|Cable Lay Vessel|repair|array cable major repair|repair|cable::i2::s6|array cable|cable::i2::s6|array cable|1.0|1.0|12.456388888888888|0|RPR00000007|system|0|0.0|0.0|0.0|31035.990814699075|31035.990814699075
2025-05-06 20:50:40.111318|1999-03-19 21:45:00|1869.7499736005266|Cable Lay Vessel|transferring crew|array cable major repair|transferring crew from cable::i2::s6 to Cable Lay Vessel|cable::i2::s6|array cable|cable::i2::s6|array cable|1.0|1.0|0.25|0|RPR00000007|system|0|0.0|0.0|0.0|622.8930208333334|622.8930208333334
2025-05-06 20:50:40.111318|1999-03-19 22:00:00|1869.9999736005266|Cable Lay Vessel|complete transfer|array cable major repair|complete|cable::i2::s6|array cable|cable::i2::s6|array cable|1.0|1.0|0|0|RPR00000007|system|0|0|0|0|0|0
2025-05-06 20:50:40.111843|1999-03-19 22:00:00|1869.9999736005266|Cable Lay Vessel|traveling|array cable major repair|traveling from site to port|cable::i2::s6|array cable|cable::i2::s6|array cable|1.0|1.0|3.043938120387738|53.0|RPR00000007|enroute|0|0|0.0|0.0|7584.191244152226|7584.191244152226
2025-05-06 20:50:40.112867|1999-03-20 00:02:53|1872.0480154353818|electrical_system|repair request|power converter minor repair|severity level 1|f|f|electrical_system|electrical_system|1.0|1.0|0|0|RPR00000063|na|0|0|0|0|0|0
2025-05-06 20:50:40.113863|1999-03-20 01:02:39|1873.0439117209144|Cable Lay Vessel|complete travel|array cable major repair|arrived at port|cable::i2::s6|array cable|cable::i2::s6|array cable|1.0|1.0|0|0|RPR00000007|port|0|0|0|0|0|0
2025-05-06 20:50:40.113863|1999-03-20 01:02:39|1873.0439117209144|Cable Lay Vessel|delay|array cable major repair|work shift has ended; waiting for next shift to start|cable::i2::s6|array cable|cable::i2::s6|array cable|1.0|1.0|4.9558333333333335|0|RPR00000007|port|0|0.0|0.0|0.0|12347.815982986112|12347.815982986112
2025-05-06 20:50:40.116385|1999-03-20 06:00:00|1877.9997450542478|Cable Lay Vessel|traveling|array cable major repair|traveling from port to site|cable::i2::s6|array cable|cable::i2::s6|array cable|1.0|1.0|3.0437095741089606|53.0|RPR00000007|enroute|0|0|0.0|0.0|7583.621804624277|7583.621804624277
2025-05-06 20:50:40.117484|1999-03-20 09:02:37|1881.0434546283568|Cable Lay Vessel|complete travel|array cable major repair|arrived at cable::i2::s6|cable::i2::s6|array cable|cable::i2::s6|array cable|1.0|1.0|0|0|RPR00000007|site|0|0|0|0|0|0
2025-05-06 20:50:40.117484|1999-03-20 09:02:37|1881.0434546283568|Cable Lay Vessel|transferring crew|array cable major repair|transferring crew from Cable Lay Vessel to cable::i2::s6|cable::i2::s6|array cable|cable::i2::s6|array cable|1.0|1.0|0.25|0|RPR00000007|system|0|0.0|0.0|0.0|622.8930208333334|622.8930208333334
2025-05-06 20:50:40.118468|1999-03-20 09:17:37|1881.2934546283568|Cable Lay Vessel|complete transfer|array cable major repair|complete|cable::i2::s6|array cable|cable::i2::s6|array cable|1.0|1.0|0|0|RPR00000007|system|0|0|0|0|0|0
2025-05-06 20:50:40.118468|1999-03-20 09:17:37|1881.2934546283568|Cable Lay Vessel|repair|array cable major repair|repair|cable::i2::s6|array cable|cable::i2::s6|array cable|1.0|1.0|12.456388888888888|0|RPR00000007|system|0|0.0|0.0|0.0|31035.990814699075|31035.990814699075
2025-05-06 20:50:40.120468|1999-03-20 18:50:39|1890.8438932974846|hydraulic_system|repair request|minor pitch system repair|severity level 1|c|c|hydraulic_system|hydraulic_system|1.0|1.0|0|0|RPR00000064|na|0|0|0|0|0|0
2025-05-06 20:50:40.122066|1999-03-20 21:33:21|1893.5556994910582|hydraulic_system|repair request|minor pitch system repair|severity level 1|G4|G4|hydraulic_system|hydraulic_system|1.0|1.0|0|0|RPR00000065|na|0|0|0|0|0|0
2025-05-06 20:50:40.123072|1999-03-20 21:45:00|1893.7498435172456|Cable Lay Vessel|transferring crew|array cable major repair|transferring crew from cable::i2::s6 to Cable Lay Vessel|cable::i2::s6|array cable|cable::i2::s6|array cable|1.0|1.0|0.25|0|RPR00000007|system|0|0.0|0.0|0.0|622.8930208333334|622.8930208333334
2025-05-06 20:50:40.123072|1999-03-20 22:00:00|1893.9998435172456|Cable Lay Vessel|complete transfer|array cable major repair|complete|cable::i2::s6|array cable|cable::i2::s6|array cable|1.0|1.0|0|0|RPR00000007|system|0|0|0|0|0|0
2025-05-06 20:50:40.124073|1999-03-20 22:00:00|1893.9998435172456|Cable Lay Vessel|traveling|array cable major repair|traveling from site to port|cable::i2::s6|array cable|cable::i2::s6|array cable|1.0|1.0|3.0438080371067735|53.0|RPR00000007|enroute|0|0|0.0|0.0|7583.867132280868|7583.867132280868
2025-05-06 20:50:40.125078|1999-03-21 01:02:38|1897.0436515543524|Cable Lay Vessel|complete travel|array cable major repair|arrived at port|cable::i2::s6|array cable|cable::i2::s6|array cable|1.0|1.0|0|0|RPR00000007|port|0|0|0|0|0|0
2025-05-06 20:50:40.125078|1999-03-21 01:02:38|1897.0436515543524|Cable Lay Vessel|delay|array cable major repair|work shift has ended; waiting for next shift to start|cable::i2::s6|array cable|cable::i2::s6|array cable|1.0|1.0|4.956111111111111|0|RPR00000007|port|0|0.0|0.0|0.0|12348.508086342594|12348.508086342594
2025-05-06 20:50:40.126146|1999-03-21 06:00:00|1901.9997626654635|Cable Lay Vessel|traveling|array cable major repair|traveling from port to site|cable::i2::s6|array cable|cable::i2::s6|array cable|1.0|1.0|3.0437271853247143|53.0|RPR00000007|enroute|0|0|0.0|0.0|7583.665684237802|7583.665684237802
2025-05-06 20:50:40.127150|1999-03-21 09:02:37|1905.0434898507883|Cable Lay Vessel|complete travel|array cable major repair|arrived at cable::i2::s6|cable::i2::s6|array cable|cable::i2::s6|array cable|1.0|1.0|0|0|RPR00000007|site|0|0|0|0|0|0
2025-05-06 20:50:40.128146|1999-03-21 09:02:37|1905.0434898507883|Cable Lay Vessel|transferring crew|array cable major repair|transferring crew from Cable Lay Vessel to cable::i2::s6|cable::i2::s6|array cable|cable::i2::s6|array cable|1.0|1.0|0.25|0|RPR00000007|system|0|0.0|0.0|0.0|622.8930208333334|622.8930208333334
2025-05-06 20:50:40.128146|1999-03-21 09:17:37|1905.2934898507883|Cable Lay Vessel|complete transfer|array cable major repair|complete|cable::i2::s6|array cable|cable::i2::s6|array cable|1.0|1.0|0|0|RPR00000007|system|0|0|0|0|0|0
2025-05-06 20:50:40.128146|1999-03-21 09:17:37|1905.2934898507883|Cable Lay Vessel|repair|array cable major repair|repair|cable::i2::s6|array cable|cable::i2::s6|array cable|1.0|1.0|8.706388888888888|0|RPR00000007|system|0|0.0|0.0|0.0|21692.595502199074|21692.595502199074
2025-05-06 20:50:40.131069|1999-03-21 18:00:00|1913.9998787396771|Cable Lay Vessel|delay|array cable major repair|weather delay|cable::i2::s6|array cable|cable::i2::s6|array cable|1.0|1.0|5.0|0|RPR00000007|system|0|0|0.0|0.0|12457.860416666668|12457.860416666668
2025-05-06 20:50:40.133258|1999-03-21 23:00:00|1918.9998787396771|Cable Lay Vessel|delay|array cable major repair|weather delay|cable::i2::s6|array cable|cable::i2::s6|array cable|1.0|1.0|8.0|0|RPR00000007|system|0|0|0.0|0.0|19932.576666666668|19932.576666666668
2025-05-06 20:50:40.135257|1999-03-22 07:00:00|1926.9998787396771|Cable Lay Vessel|transferring crew|array cable major repair|transferring crew from cable::i2::s6 to Cable Lay Vessel|cable::i2::s6|array cable|cable::i2::s6|array cable|1.0|1.0|0.25|0|RPR00000007|system|0|0.0|0.0|0.0|622.8930208333334|622.8930208333334
2025-05-06 20:50:40.135257|1999-03-22 07:15:00|1927.2498787396771|Cable Lay Vessel|complete transfer|array cable major repair|complete|cable::i2::s6|array cable|cable::i2::s6|array cable|1.0|1.0|0|0|RPR00000007|system|0|0|0|0|0|0
2025-05-06 20:50:40.136259|1999-03-22 07:15:00|1927.2498787396771|Cable Lay Vessel|traveling|array cable major repair|traveling from site to port|cable::i2::s6|array cable|cable::i2::s6|array cable|1.0|1.0|2.29384325953828|53.0|RPR00000007|enroute|0|0|0.0|0.0|5715.275829007916|5715.275829007916
2025-05-06 20:50:40.136259|1999-03-22 09:32:38|1929.5437219992154|Cable Lay Vessel|complete travel|array cable major repair|arrived at port|cable::i2::s6|array cable|cable::i2::s6|array cable|1.0|1.0|0|0|RPR00000007|port|0|0|0|0|0|0
2025-05-06 20:50:40.136259|1999-03-22 09:32:38|1929.5437219992154|Cable Lay Vessel|delay|array cable major repair|work shift has ended; waiting for next shift to start|cable::i2::s6|array cable|cable::i2::s6|array cable|1.0|1.0|20.456111111111113|0|RPR00000007|port|0|0.0|0.0|0.0|50967.87537800927|50967.87537800927
2025-05-06 20:50:40.141768|1999-03-23 06:00:00|1949.9998331103266|Cable Lay Vessel|traveling|array cable major repair|traveling from port to site|cable::i2::s6|array cable|cable::i2::s6|array cable|1.0|1.0|3.0437976301877274|53.0|RPR00000007|enroute|0|0|0.0|0.0|7583.8412026918995|7583.8412026918995
2025-05-06 20:50:40.142778|1999-03-23 09:02:38|1953.0436307405143|Cable Lay Vessel|complete travel|array cable major repair|arrived at cable::i2::s6|cable::i2::s6|array cable|cable::i2::s6|array cable|1.0|1.0|0|0|RPR00000007|site|0|0|0|0|0|0
2025-05-06 20:50:40.142778|1999-03-23 09:02:38|1953.0436307405143|Cable Lay Vessel|delay|array cable major repair|weather delay|cable::i2::s6|array cable|cable::i2::s6|array cable|1.0|1.0|8.956111111111111|0|RPR00000007|system|0|0|0.0|0.0|22314.796419675928|22314.796419675928
2025-05-06 20:50:40.144774|1999-03-23 18:00:00|1961.9997418516255|Cable Lay Vessel|transferring crew|array cable major repair|transferring crew from Cable Lay Vessel to cable::i2::s6|cable::i2::s6|array cable|cable::i2::s6|array cable|1.0|1.0|0.25|0|RPR00000007|system|0|0.0|0.0|0.0|622.8930208333334|622.8930208333334
2025-05-06 20:50:40.144774|1999-03-23 18:15:00|1962.2497418516255|Cable Lay Vessel|complete transfer|array cable major repair|complete|cable::i2::s6|array cable|cable::i2::s6|array cable|1.0|1.0|0|0|RPR00000007|system|0|0|0|0|0|0
2025-05-06 20:50:40.144774|1999-03-23 18:15:00|1962.2497418516255|Cable Lay Vessel|repair|array cable major repair|repair|cable::i2::s6|array cable|cable::i2::s6|array cable|1.0|1.0|3.5|0|RPR00000007|system|0|0.0|0.0|0.0|8720.502291666668|8720.502291666668
2025-05-06 20:50:40.145775|1999-03-23 21:45:00|1965.7497418516255|Cable Lay Vessel|transferring crew|array cable major repair|transferring crew from cable::i2::s6 to Cable Lay Vessel|cable::i2::s6|array cable|cable::i2::s6|array cable|1.0|1.0|0.25|0|RPR00000007|system|0|0.0|0.0|0.0|622.8930208333334|622.8930208333334
2025-05-06 20:50:40.145775|1999-03-23 22:00:00|1965.9997418516255|Cable Lay Vessel|complete transfer|array cable major repair|complete|cable::i2::s6|array cable|cable::i2::s6|array cable|1.0|1.0|0|0|RPR00000007|system|0|0|0|0|0|0
2025-05-06 20:50:40.146775|1999-03-23 22:00:00|1965.9997418516255|Cable Lay Vessel|traveling|array cable major repair|traveling from site to port|cable::i2::s6|array cable|cable::i2::s6|array cable|1.0|1.0|3.043706371486623|53.0|RPR00000007|enroute|0|0|0.0|0.0|7583.613825059866|7583.613825059866
2025-05-06 20:50:40.147775|1999-03-23 22:01:39|1966.0272288617916|electrical_system|repair request|power converter major repair|severity level 2|G3|G3|electrical_system|electrical_system|1.0|1.0|0|0|RPR00000066|na|0|0|0|0|0|0
2025-05-06 20:50:40.148772|1999-03-23 22:02:11|1966.0361177506807|Tugboat 1|delay|power converter major repair|insufficient time to complete travel before end of the shift|G3|G3|||0|0|7.963611111111111|0|RPR00000066|port|0|0.0|0.0|0.0|0.0|0.0
2025-05-06 20:50:40.149782|1999-03-23 23:02:29|1967.0411733798717|yaw_system|repair request|yaw system minor repair|severity level 1|G1|G1|yaw_system|yaw_system|1.0|1.0|0|0|RPR00000067|na|0|0|0|0|0|0
2025-05-06 20:50:40.151291|1999-03-24 01:02:37|1969.0434482231121|Cable Lay Vessel|complete travel|array cable major repair|arrived at port|cable::i2::s6|array cable|cable::i2::s6|array cable|1.0|1.0|0|0|RPR00000007|port|0|0|0|0|0|0
2025-05-06 20:50:40.151291|1999-03-24 01:02:37|1969.0434482231121|Cable Lay Vessel|delay|array cable major repair|work shift has ended; waiting for next shift to start|cable::i2::s6|array cable|cable::i2::s6|array cable|1.0|1.0|4.956388888888889|0|RPR00000007|port|0|0.0|0.0|0.0|12349.200189699075|12349.200189699075
2025-05-06 20:50:40.154308|1999-03-24 06:00:00|1973.9997288617917|Tugboat 1|traveling|power converter major repair|traveling from port to site|G3|G3|||0|0|0.0|0.0|RPR00000066|enroute|0|0|0.0|0.0|0.0|0.0
2025-05-06 20:50:40.154308|1999-03-24 06:00:00|1973.9997288617917|Tugboat 1|complete travel|power converter major repair|arrived at G3|G3|G3|||0|0|0|0|RPR00000066|site|0|0|0|0|0|0
2025-05-06 20:50:40.157307|1999-03-24 06:00:00|1973.9997288617917|Tugboat 1|delay|power converter major repair|weather delay|G3|G3|||0.0|0|1.0|0|RPR00000066|site|0|0|0.0|0.0|0.0|0.0
2025-05-06 20:50:40.158308|1999-03-24 06:00:00|1973.999837112001|Cable Lay Vessel|traveling|array cable major repair|traveling from port to site|cable::i2::s6|array cable|cable::i2::s6|array cable|1.0|1.0|3.043801631862097|53.0|RPR00000007|enroute|0|0|0.0|0.0|7583.851173152046|7583.851173152046
2025-05-06 20:50:40.159308|1999-03-24 07:00:00|1974.9997288617917|Tugboat 1|unmooring|power converter major repair|Unmooring G3 to tow to port|G3|G3|||0.0|0|2.0|0|RPR00000066|system|0|0.0|0.0|0.0|0.0|0.0
2025-05-06 20:50:40.160308|1999-03-24 09:00:00|1976.9997288617917|Tugboat 1|complete unmooring|power converter major repair|complete|G3|G3|||0.0|0|0|0|RPR00000066|na|0|0|0|0|0|0
2025-05-06 20:50:40.160308|1999-03-24 09:00:00|1976.9997288617917|Tugboat 1|towing|towing turbine to port||G3|G3|||0|0|0|0.0|RPR00000066|enroute|0|0.0|0.0|0.0|0.0|0.0
2025-05-06 20:50:40.160308|1999-03-24 09:00:00|1976.9997288617917|Tugboat 1|complete towing|towing turbine to port|complete|G3|G3|||0|0|0|0|RPR00000066|port|0|0.0|0.0|0.0|0.0|0.0
2025-05-06 20:50:40.160308|1999-03-24 09:00:00|1976.9997288617917|Eurkea Port|requests being moved|||G3|G3|electrical_system|electrical_system|nan|nan|0|0|RPR00000066|na|0|0|0|0|0|0
2025-05-06 20:50:40.160308|1999-03-24 09:00:00|1976.9997288617917|Eurkea Port|requests moved to port|at-port repair can now proceed||G3|G3|electrical_system|electrical_system|nan|nan|0|0|RPR00000066|na|0|0|0|0|0|0
2025-05-06 20:50:40.160308|1999-03-24 09:00:00|1976.9997288617917|Eurkea Port|repair|power converter major repair|repair|G3|G3|electrical_system|electrical_system|0|0|13.0|0|RPR00000066|port|0|0.0|0.0|0.0|0.0|0.0
2025-05-06 20:50:40.161307|1999-03-24 09:02:38|1977.043638743863|Cable Lay Vessel|complete travel|array cable major repair|arrived at cable::i2::s6|cable::i2::s6|array cable|cable::i2::s6|array cable|1.0|1.0|0|0|RPR00000007|site|0|0|0|0|0|0
2025-05-06 20:50:40.161811|1999-03-24 09:02:38|1977.043638743863|Cable Lay Vessel|transferring crew|array cable major repair|transferring crew from Cable Lay Vessel to cable::i2::s6|cable::i2::s6|array cable|cable::i2::s6|array cable|1.0|1.0|0.25|0|RPR00000007|system|0|0.0|0.0|0.0|622.8930208333334|622.8930208333334
2025-05-06 20:50:40.161811|1999-03-24 09:17:38|1977.293638743863|Cable Lay Vessel|complete transfer|array cable major repair|complete|cable::i2::s6|array cable|cable::i2::s6|array cable|1.0|1.0|0|0|RPR00000007|system|0|0|0|0|0|0
2025-05-06 20:50:40.162824|1999-03-24 09:17:38|1977.293638743863|Cable Lay Vessel|repair|array cable major repair|repair|cable::i2::s6|array cable|cable::i2::s6|array cable|1.0|1.0|3.2063888888889096|0|RPR00000007|system|0|0.0|0.0|0.0|7988.949043865792|7988.949043865792
2025-05-06 20:50:40.163815|1999-03-24 12:30:01|1980.5000276327519|Cable Lay Vessel|transferring crew|array cable major repair|transferring crew from cable::i2::s6 to Cable Lay Vessel|cable::i2::s6|array cable|cable::i2::s6|array cable|1.0|1.0|0.25|0|RPR00000007|system|0|0.0|0.0|0.0|622.8930208333334|622.8930208333334
2025-05-06 20:50:40.163815|1999-03-24 12:45:01|1980.7500276327519|Cable Lay Vessel|complete transfer|array cable major repair|complete|cable::i2::s6|array cable|cable::i2::s6|array cable|1.0|1.0|0|0|RPR00000007|system|0|0|0|0|0|0
2025-05-06 20:50:40.163815|1999-03-24 12:45:01|1980.7500276327519|Cable Lay Vessel|repair complete|array cable major repair|complete|cable::i2::s6|array cable|cable::i2::s6|array cable|1.0|1.0|0|0|RPR00000007|system|30000.0|0|0|0|0|30000.0
2025-05-06 20:50:40.164819|1999-03-24 12:45:01|1980.7500276327519|Cable Lay Vessel|leaving site|charter period has ended||||||0|0|0|0|na|na|0|0|0|0|0|0
2025-05-06 20:50:40.165819|1999-03-24 22:00:00|1989.9997288617917|Eurkea Port|delay|power converter major repair|end of shift; will resume work in the next shift|G3|G3|electrical_system|electrical_system|0|0|8.0|0|RPR00000066|port|0|0.0|0.0|0.0|0.0|0.0
2025-05-06 20:50:40.167820|1999-03-25 06:00:00|1997.9997288617917|Eurkea Port|repair|power converter major repair|repair|G3|G3|electrical_system|electrical_system|0|0|15.0|0|RPR00000066|port|0|0.0|0.0|0.0|0.0|0.0
2025-05-06 20:50:40.169895|1999-03-25 21:00:00|2012.9997288617917|Eurkea Port|repair complete|power converter major repair|complete|G3||electrical_system|electrical_system|0|0|0|0|RPR00000066|na|7000.0|0|0|0|0|7000.0
2025-05-06 20:50:40.169895|1999-03-25 21:00:00|2012.9997288617917|Tugboat 2|towing|towing turbine back to site||G3|G3|||0|0|0|0.0|RPR00000066|enroute|0|0.0|0.0|0.0|0.0|0.0
2025-05-06 20:50:40.169895|1999-03-25 21:00:00|2012.9997288617917|Tugboat 2|complete towing|towing turbine back to site|complete|G3|G3|||0|0|0|0|RPR00000066|site|0|0.0|0.0|0.0|0.0|0.0
2025-05-06 20:50:40.171487|1999-03-25 21:00:00|2012.9997288617917|Tugboat 2|delay|power converter major repair|weather delay|G3|G3|||0.0|0|11.0|0|RPR00000066|site|0|0|0.0|0.0|0.0|0.0
2025-05-06 20:50:40.172551|1999-03-26 04:22:26|2020.3737707628904|hydraulic_system|repair request|minor pitch system repair|severity level 1|a|a|hydraulic_system|hydraulic_system|1.0|1.0|0|0|RPR00000068|na|0|0|0|0|0|0
2025-05-06 20:50:40.173577|1999-03-26 08:00:00|2023.9997288617917|Tugboat 2|mooring reconnection|power converter major repair|Reconnecting the mooring to G3|G3|G3|||0.0|0|4.0|0|RPR00000066|system|0|0.0|0.0|0.0|0.0|0.0
2025-05-06 20:50:40.174571|1999-03-26 12:00:00|2027.9997288617917|Tugboat 2|complete mooring reconnection|power converter major repair|complete|G3|G3|||0.0|0|0|0|RPR00000066|na|0|0|0|0|0|0
2025-05-06 20:50:40.176576|1999-03-26 12:00:00|2027.9997288617917|Tugboat 2|traveling|traveling back to port after returning turbine|traveling from site to port|G3|G3|||0|0|0.0|0.0|RPR00000066|enroute|0|0|0.0|0.0|0.0|0.0
2025-05-06 20:50:40.176576|1999-03-26 12:00:00|2027.9997288617917|Tugboat 2|complete travel|traveling back to port after returning turbine|arrived at port|G3|G3|||0|0|0|0|RPR00000066|port|0|0|0|0|0|0
2025-05-06 20:50:40.188109|1999-03-28 06:59:02|2070.9836117110403|rotor_blades|repair request|blades minor repair|severity level 1|s6|s6|rotor_blades|rotor_blades|1.0|1.0|0|0|RPR00000069|na|0|0|0|0|0|0
2025-05-06 20:50:40.204212|1999-03-31 21:39:41|2157.6613408769317|electrical_system|repair request|power converter major repair|severity level 2|B4|B4|electrical_system|electrical_system|1.0|1.0|0|0|RPR00000070|na|0|0|0|0|0|0
2025-05-06 20:50:40.206235|1999-03-31 21:39:58|2157.6660630991537|Tugboat 1|delay|power converter major repair|insufficient time to complete travel before end of the shift|B4|B4|||0|0|8.33388888888889|0|RPR00000070|port|0|0.0|0.0|0.0|0.0|0.0
2025-05-06 20:50:40.207221|1999-04-01 00:00:00|2160.0|generator|maintenance request|annual turbine inspection|severity level 0|B6|B6|generator|generator|1.0|1.0|0|0|MNT00000071|na|0|0|0|0|0|0
2025-05-06 20:50:40.207221|1999-04-01 00:00:00|2160.0|supporting_structure|maintenance request|structural annual inspection|severity level 0|B6|B6|supporting_structure|supporting_structure|1.0|1.0|0|0|MNT00000072|na|0|0|0|0|0|0
2025-05-06 20:50:40.207221|1999-04-01 00:00:00|2160.0|supporting_structure|maintenance request|structural subsea inspection|severity level 0|B6|B6|supporting_structure|supporting_structure|1.0|1.0|0|0|MNT00000073|na|0|0|0|0|0|0
2025-05-06 20:50:40.207221|1999-04-01 00:00:00|2160.0|generator|maintenance request|annual turbine inspection|severity level 0|B5|B5|generator|generator|1.0|1.0|0|0|MNT00000074|na|0|0|0|0|0|0
2025-05-06 20:50:40.207221|1999-04-01 00:00:00|2160.0|supporting_structure|maintenance request|structural annual inspection|severity level 0|B5|B5|supporting_structure|supporting_structure|1.0|1.0|0|0|MNT00000075|na|0|0|0|0|0|0
2025-05-06 20:50:40.207221|1999-04-01 00:00:00|2160.0|supporting_structure|maintenance request|structural subsea inspection|severity level 0|B5|B5|supporting_structure|supporting_structure|1.0|1.0|0|0|MNT00000076|na|0|0|0|0|0|0
2025-05-06 20:50:40.207221|1999-04-01 00:00:00|2160.0|generator|maintenance request|annual turbine inspection|severity level 0|C5|C5|generator|generator|1.0|1.0|0|0|MNT00000077|na|0|0|0|0|0|0
2025-05-06 20:50:40.208216|1999-04-01 00:00:00|2160.0|supporting_structure|maintenance request|structural annual inspection|severity level 0|C5|C5|supporting_structure|supporting_structure|1.0|1.0|0|0|MNT00000078|na|0|0|0|0|0|0
2025-05-06 20:50:40.208216|1999-04-01 00:00:00|2160.0|supporting_structure|maintenance request|structural subsea inspection|severity level 0|C5|C5|supporting_structure|supporting_structure|1.0|1.0|0|0|MNT00000079|na|0|0|0|0|0|0
2025-05-06 20:50:40.208216|1999-04-01 00:00:00|2160.0|generator|maintenance request|annual turbine inspection|severity level 0|E4|E4|generator|generator|1.0|1.0|0|0|MNT00000080|na|0|0|0|0|0|0
2025-05-06 20:50:40.208216|1999-04-01 00:00:00|2160.0|supporting_structure|maintenance request|structural annual inspection|severity level 0|E4|E4|supporting_structure|supporting_structure|1.0|1.0|0|0|MNT00000081|na|0|0|0|0|0|0
2025-05-06 20:50:40.208216|1999-04-01 00:00:00|2160.0|supporting_structure|maintenance request|structural subsea inspection|severity level 0|E4|E4|supporting_structure|supporting_structure|1.0|1.0|0|0|MNT00000082|na|0|0|0|0|0|0
2025-05-06 20:50:40.208216|1999-04-01 00:00:00|2160.0|generator|maintenance request|annual turbine inspection|severity level 0|A6|A6|generator|generator|1.0|1.0|0|0|MNT00000083|na|0|0|0|0|0|0
2025-05-06 20:50:40.209139|1999-04-01 00:00:00|2160.0|supporting_structure|maintenance request|structural annual inspection|severity level 0|A6|A6|supporting_structure|supporting_structure|1.0|1.0|0|0|MNT00000084|na|0|0|0|0|0|0
2025-05-06 20:50:40.209139|1999-04-01 00:00:00|2160.0|supporting_structure|maintenance request|structural subsea inspection|severity level 0|A6|A6|supporting_structure|supporting_structure|1.0|1.0|0|0|MNT00000085|na|0|0|0|0|0|0
2025-05-06 20:50:40.209139|1999-04-01 00:00:00|2160.0|generator|maintenance request|annual turbine inspection|severity level 0|A5|A5|generator|generator|1.0|1.0|0|0|MNT00000086|na|0|0|0|0|0|0
2025-05-06 20:50:40.209139|1999-04-01 00:00:00|2160.0|supporting_structure|maintenance request|structural annual inspection|severity level 0|A5|A5|supporting_structure|supporting_structure|1.0|1.0|0|0|MNT00000087|na|0|0|0|0|0|0
2025-05-06 20:50:40.209139|1999-04-01 00:00:00|2160.0|supporting_structure|maintenance request|structural subsea inspection|severity level 0|A5|A5|supporting_structure|supporting_structure|1.0|1.0|0|0|MNT00000088|na|0|0|0|0|0|0
2025-05-06 20:50:40.209139|1999-04-01 00:00:00|2160.0|generator|maintenance request|annual turbine inspection|severity level 0|D4|D4|generator|generator|1.0|1.0|0|0|MNT00000089|na|0|0|0|0|0|0
2025-05-06 20:50:40.209139|1999-04-01 00:00:00|2160.0|supporting_structure|maintenance request|structural annual inspection|severity level 0|D4|D4|supporting_structure|supporting_structure|1.0|1.0|0|0|MNT00000090|na|0|0|0|0|0|0
2025-05-06 20:50:40.210135|1999-04-01 00:00:00|2160.0|supporting_structure|maintenance request|structural subsea inspection|severity level 0|D4|D4|supporting_structure|supporting_structure|1.0|1.0|0|0|MNT00000091|na|0|0|0|0|0|0
2025-05-06 20:50:40.210135|1999-04-01 00:00:00|2160.0|generator|maintenance request|annual turbine inspection|severity level 0|F3|F3|generator|generator|1.0|1.0|0|0|MNT00000092|na|0|0|0|0|0|0
2025-05-06 20:50:40.210135|1999-04-01 00:00:00|2160.0|supporting_structure|maintenance request|structural annual inspection|severity level 0|F3|F3|supporting_structure|supporting_structure|1.0|1.0|0|0|MNT00000093|na|0|0|0|0|0|0
2025-05-06 20:50:40.210135|1999-04-01 00:00:00|2160.0|supporting_structure|maintenance request|structural subsea inspection|severity level 0|F3|F3|supporting_structure|supporting_structure|1.0|1.0|0|0|MNT00000094|na|0|0|0|0|0|0
2025-05-06 20:50:40.210135|1999-04-01 00:00:00|2160.0|generator|maintenance request|annual turbine inspection|severity level 0|F2|F2|generator|generator|1.0|1.0|0|0|MNT00000095|na|0|0|0|0|0|0
2025-05-06 20:50:40.210135|1999-04-01 00:00:00|2160.0|supporting_structure|maintenance request|structural annual inspection|severity level 0|F2|F2|supporting_structure|supporting_structure|1.0|1.0|0|0|MNT00000096|na|0|0|0|0|0|0
2025-05-06 20:50:40.210135|1999-04-01 00:00:00|2160.0|supporting_structure|maintenance request|structural subsea inspection|severity level 0|F2|F2|supporting_structure|supporting_structure|1.0|1.0|0|0|MNT00000097|na|0|0|0|0|0|0
2025-05-06 20:50:40.210135|1999-04-01 00:00:00|2160.0|generator|maintenance request|annual turbine inspection|severity level 0|a|a|generator|generator|1.0|1.0|0|0|MNT00000098|na|0|0|0|0|0|0
2025-05-06 20:50:40.210135|1999-04-01 00:00:00|2160.0|supporting_structure|maintenance request|structural annual inspection|severity level 0|a|a|supporting_structure|supporting_structure|1.0|1.0|0|0|MNT00000099|na|0|0|0|0|0|0
2025-05-06 20:50:40.210135|1999-04-01 00:00:00|2160.0|supporting_structure|maintenance request|structural subsea inspection|severity level 0|a|a|supporting_structure|supporting_structure|1.0|1.0|0|0|MNT00000100|na|0|0|0|0|0|0
2025-05-06 20:50:40.210135|1999-04-01 00:00:00|2160.0|generator|maintenance request|annual turbine inspection|severity level 0|C4|C4|generator|generator|1.0|1.0|0|0|MNT00000101|na|0|0|0|0|0|0
2025-05-06 20:50:40.210135|1999-04-01 00:00:00|2160.0|supporting_structure|maintenance request|structural annual inspection|severity level 0|C4|C4|supporting_structure|supporting_structure|1.0|1.0|0|0|MNT00000102|na|0|0|0|0|0|0
2025-05-06 20:50:40.210135|1999-04-01 00:00:00|2160.0|supporting_structure|maintenance request|structural subsea inspection|severity level 0|C4|C4|supporting_structure|supporting_structure|1.0|1.0|0|0|MNT00000103|na|0|0|0|0|0|0
2025-05-06 20:50:40.211136|1999-04-01 00:00:00|2160.0|generator|maintenance request|annual turbine inspection|severity level 0|E3|E3|generator|generator|1.0|1.0|0|0|MNT00000104|na|0|0|0|0|0|0
2025-05-06 20:50:40.211136|1999-04-01 00:00:00|2160.0|supporting_structure|maintenance request|structural annual inspection|severity level 0|E3|E3|supporting_structure|supporting_structure|1.0|1.0|0|0|MNT00000105|na|0|0|0|0|0|0
2025-05-06 20:50:40.211136|1999-04-01 00:00:00|2160.0|supporting_structure|maintenance request|structural subsea inspection|severity level 0|E3|E3|supporting_structure|supporting_structure|1.0|1.0|0|0|MNT00000106|na|0|0|0|0|0|0
2025-05-06 20:50:40.211136|1999-04-01 00:00:00|2160.0|generator|maintenance request|annual turbine inspection|severity level 0|E2|E2|generator|generator|1.0|1.0|0|0|MNT00000107|na|0|0|0|0|0|0
2025-05-06 20:50:40.211658|1999-04-01 00:00:00|2160.0|supporting_structure|maintenance request|structural annual inspection|severity level 0|E2|E2|supporting_structure|supporting_structure|1.0|1.0|0|0|MNT00000108|na|0|0|0|0|0|0
2025-05-06 20:50:40.211658|1999-04-01 00:00:00|2160.0|supporting_structure|maintenance request|structural subsea inspection|severity level 0|E2|E2|supporting_structure|supporting_structure|1.0|1.0|0|0|MNT00000109|na|0|0|0|0|0|0
2025-05-06 20:50:40.211658|1999-04-01 00:00:00|2160.0|generator|maintenance request|annual turbine inspection|severity level 0|i2|i2|generator|generator|1.0|1.0|0|0|MNT00000110|na|0|0|0|0|0|0
2025-05-06 20:50:40.211658|1999-04-01 00:00:00|2160.0|supporting_structure|maintenance request|structural annual inspection|severity level 0|i2|i2|supporting_structure|supporting_structure|1.0|1.0|0|0|MNT00000111|na|0|0|0|0|0|0
2025-05-06 20:50:40.211658|1999-04-01 00:00:00|2160.0|supporting_structure|maintenance request|structural subsea inspection|severity level 0|i2|i2|supporting_structure|supporting_structure|1.0|1.0|0|0|MNT00000112|na|0|0|0|0|0|0
2025-05-06 20:50:40.211658|1999-04-01 00:00:00|2160.0|generator|maintenance request|annual turbine inspection|severity level 0|s6|s6|generator|generator|1.0|1.0|0|0|MNT00000113|na|0|0|0|0|0|0
2025-05-06 20:50:40.211658|1999-04-01 00:00:00|2160.0|supporting_structure|maintenance request|structural annual inspection|severity level 0|s6|s6|supporting_structure|supporting_structure|1.0|1.0|0|0|MNT00000114|na|0|0|0|0|0|0
2025-05-06 20:50:40.212671|1999-04-01 00:00:00|2160.0|supporting_structure|maintenance request|structural subsea inspection|severity level 0|s6|s6|supporting_structure|supporting_structure|1.0|1.0|0|0|MNT00000115|na|0|0|0|0|0|0
2025-05-06 20:50:40.212671|1999-04-01 00:00:00|2160.0|generator|maintenance request|annual turbine inspection|severity level 0|q5|q5|generator|generator|1.0|1.0|0|0|MNT00000116|na|0|0|0|0|0|0
2025-05-06 20:50:40.212671|1999-04-01 00:00:00|2160.0|supporting_structure|maintenance request|structural annual inspection|severity level 0|q5|q5|supporting_structure|supporting_structure|1.0|1.0|0|0|MNT00000117|na|0|0|0|0|0|0
2025-05-06 20:50:40.212671|1999-04-01 00:00:00|2160.0|supporting_structure|maintenance request|structural subsea inspection|severity level 0|q5|q5|supporting_structure|supporting_structure|1.0|1.0|0|0|MNT00000118|na|0|0|0|0|0|0
2025-05-06 20:50:40.212671|1999-04-01 00:00:00|2160.0|generator|maintenance request|annual turbine inspection|severity level 0|B4|B4|generator|generator|1.0|1.0|0|0|MNT00000119|na|0|0|0|0|0|0
2025-05-06 20:50:40.212671|1999-04-01 00:00:00|2160.0|supporting_structure|maintenance request|structural annual inspection|severity level 0|B4|B4|supporting_structure|supporting_structure|1.0|1.0|0|0|MNT00000120|na|0|0|0|0|0|0
2025-05-06 20:50:40.212671|1999-04-01 00:00:00|2160.0|supporting_structure|maintenance request|structural subsea inspection|severity level 0|B4|B4|supporting_structure|supporting_structure|1.0|1.0|0|0|MNT00000121|na|0|0|0|0|0|0
2025-05-06 20:50:40.212671|1999-04-01 00:00:00|2160.0|generator|maintenance request|annual turbine inspection|severity level 0|D3|D3|generator|generator|1.0|1.0|0|0|MNT00000122|na|0|0|0|0|0|0
2025-05-06 20:50:40.213664|1999-04-01 00:00:00|2160.0|supporting_structure|maintenance request|structural annual inspection|severity level 0|D3|D3|supporting_structure|supporting_structure|1.0|1.0|0|0|MNT00000123|na|0|0|0|0|0|0
2025-05-06 20:50:40.213664|1999-04-01 00:00:00|2160.0|supporting_structure|maintenance request|structural subsea inspection|severity level 0|D3|D3|supporting_structure|supporting_structure|1.0|1.0|0|0|MNT00000124|na|0|0|0|0|0|0
2025-05-06 20:50:40.213664|1999-04-01 00:00:00|2160.0|generator|maintenance request|annual turbine inspection|severity level 0|D2|D2|generator|generator|1.0|1.0|0|0|MNT00000125|na|0|0|0|0|0|0
2025-05-06 20:50:40.213664|1999-04-01 00:00:00|2160.0|supporting_structure|maintenance request|structural annual inspection|severity level 0|D2|D2|supporting_structure|supporting_structure|1.0|1.0|0|0|MNT00000126|na|0|0|0|0|0|0
2025-05-06 20:50:40.213664|1999-04-01 00:00:00|2160.0|supporting_structure|maintenance request|structural subsea inspection|severity level 0|D2|D2|supporting_structure|supporting_structure|1.0|1.0|0|0|MNT00000127|na|0|0|0|0|0|0
2025-05-06 20:50:40.213664|1999-04-01 00:00:00|2160.0|generator|maintenance request|annual turbine inspection|severity level 0|F1|F1|generator|generator|1.0|1.0|0|0|MNT00000128|na|0|0|0|0|0|0
2025-05-06 20:50:40.213664|1999-04-01 00:00:00|2160.0|supporting_structure|maintenance request|structural annual inspection|severity level 0|F1|F1|supporting_structure|supporting_structure|1.0|1.0|0|0|MNT00000129|na|0|0|0|0|0|0
2025-05-06 20:50:40.213664|1999-04-01 00:00:00|2160.0|supporting_structure|maintenance request|structural subsea inspection|severity level 0|F1|F1|supporting_structure|supporting_structure|1.0|1.0|0|0|MNT00000130|na|0|0|0|0|0|0
2025-05-06 20:50:40.214665|1999-04-01 00:00:00|2160.0|generator|maintenance request|annual turbine inspection|severity level 0|s1|s1|generator|generator|1.0|1.0|0|0|MNT00000131|na|0|0|0|0|0|0
2025-05-06 20:50:40.214665|1999-04-01 00:00:00|2160.0|supporting_structure|maintenance request|structural annual inspection|severity level 0|s1|s1|supporting_structure|supporting_structure|1.0|1.0|0|0|MNT00000132|na|0|0|0|0|0|0
2025-05-06 20:50:40.214665|1999-04-01 00:00:00|2160.0|supporting_structure|maintenance request|structural subsea inspection|severity level 0|s1|s1|supporting_structure|supporting_structure|1.0|1.0|0|0|MNT00000133|na|0|0|0|0|0|0
2025-05-06 20:50:40.214665|1999-04-01 00:00:00|2160.0|generator|maintenance request|annual turbine inspection|severity level 0|p4|p4|generator|generator|1.0|1.0|0|0|MNT00000134|na|0|0|0|0|0|0
2025-05-06 20:50:40.214665|1999-04-01 00:00:00|2160.0|supporting_structure|maintenance request|structural annual inspection|severity level 0|p4|p4|supporting_structure|supporting_structure|1.0|1.0|0|0|MNT00000135|na|0|0|0|0|0|0
2025-05-06 20:50:40.214665|1999-04-01 00:00:00|2160.0|supporting_structure|maintenance request|structural subsea inspection|severity level 0|p4|p4|supporting_structure|supporting_structure|1.0|1.0|0|0|MNT00000136|na|0|0|0|0|0|0
2025-05-06 20:50:40.214665|1999-04-01 00:00:00|2160.0|generator|maintenance request|annual turbine inspection|severity level 0|G7|G7|generator|generator|1.0|1.0|0|0|MNT00000137|na|0|0|0|0|0|0
2025-05-06 20:50:40.214665|1999-04-01 00:00:00|2160.0|supporting_structure|maintenance request|structural annual inspection|severity level 0|G7|G7|supporting_structure|supporting_structure|1.0|1.0|0|0|MNT00000138|na|0|0|0|0|0|0
2025-05-06 20:50:40.214665|1999-04-01 00:00:00|2160.0|supporting_structure|maintenance request|structural subsea inspection|severity level 0|G7|G7|supporting_structure|supporting_structure|1.0|1.0|0|0|MNT00000139|na|0|0|0|0|0|0
2025-05-06 20:50:40.215664|1999-04-01 00:00:00|2160.0|generator|maintenance request|annual turbine inspection|severity level 0|F6|F6|generator|generator|1.0|1.0|0|0|MNT00000140|na|0|0|0|0|0|0
2025-05-06 20:50:40.215664|1999-04-01 00:00:00|2160.0|supporting_structure|maintenance request|structural annual inspection|severity level 0|F6|F6|supporting_structure|supporting_structure|1.0|1.0|0|0|MNT00000141|na|0|0|0|0|0|0
2025-05-06 20:50:40.215664|1999-04-01 00:00:00|2160.0|supporting_structure|maintenance request|structural subsea inspection|severity level 0|F6|F6|supporting_structure|supporting_structure|1.0|1.0|0|0|MNT00000142|na|0|0|0|0|0|0
2025-05-06 20:50:40.215664|1999-04-01 00:00:00|2160.0|generator|maintenance request|annual turbine inspection|severity level 0|A4|A4|generator|generator|1.0|1.0|0|0|MNT00000143|na|0|0|0|0|0|0
2025-05-06 20:50:40.215664|1999-04-01 00:00:00|2160.0|supporting_structure|maintenance request|structural annual inspection|severity level 0|A4|A4|supporting_structure|supporting_structure|1.0|1.0|0|0|MNT00000144|na|0|0|0|0|0|0
2025-05-06 20:50:40.215664|1999-04-01 00:00:00|2160.0|supporting_structure|maintenance request|structural subsea inspection|severity level 0|A4|A4|supporting_structure|supporting_structure|1.0|1.0|0|0|MNT00000145|na|0|0|0|0|0|0
2025-05-06 20:50:40.215664|1999-04-01 00:00:00|2160.0|generator|maintenance request|annual turbine inspection|severity level 0|C3|C3|generator|generator|1.0|1.0|0|0|MNT00000146|na|0|0|0|0|0|0
2025-05-06 20:50:40.215664|1999-04-01 00:00:00|2160.0|supporting_structure|maintenance request|structural annual inspection|severity level 0|C3|C3|supporting_structure|supporting_structure|1.0|1.0|0|0|MNT00000147|na|0|0|0|0|0|0
2025-05-06 20:50:40.215664|1999-04-01 00:00:00|2160.0|supporting_structure|maintenance request|structural subsea inspection|severity level 0|C3|C3|supporting_structure|supporting_structure|1.0|1.0|0|0|MNT00000148|na|0|0|0|0|0|0
2025-05-06 20:50:40.215664|1999-04-01 00:00:00|2160.0|generator|maintenance request|annual turbine inspection|severity level 0|C2|C2|generator|generator|1.0|1.0|0|0|MNT00000149|na|0|0|0|0|0|0
2025-05-06 20:50:40.216664|1999-04-01 00:00:00|2160.0|supporting_structure|maintenance request|structural annual inspection|severity level 0|C2|C2|supporting_structure|supporting_structure|1.0|1.0|0|0|MNT00000150|na|0|0|0|0|0|0
2025-05-06 20:50:40.216664|1999-04-01 00:00:00|2160.0|supporting_structure|maintenance request|structural subsea inspection|severity level 0|C2|C2|supporting_structure|supporting_structure|1.0|1.0|0|0|MNT00000151|na|0|0|0|0|0|0
2025-05-06 20:50:40.216664|1999-04-01 00:00:00|2160.0|generator|maintenance request|annual turbine inspection|severity level 0|E1|E1|generator|generator|1.0|1.0|0|0|MNT00000152|na|0|0|0|0|0|0
2025-05-06 20:50:40.216664|1999-04-01 00:00:00|2160.0|supporting_structure|maintenance request|structural annual inspection|severity level 0|E1|E1|supporting_structure|supporting_structure|1.0|1.0|0|0|MNT00000153|na|0|0|0|0|0|0
2025-05-06 20:50:40.216664|1999-04-01 00:00:00|2160.0|supporting_structure|maintenance request|structural subsea inspection|severity level 0|E1|E1|supporting_structure|supporting_structure|1.0|1.0|0|0|MNT00000154|na|0|0|0|0|0|0
2025-05-06 20:50:40.216664|1999-04-01 00:00:00|2160.0|generator|maintenance request|annual turbine inspection|severity level 0|g|g|generator|generator|1.0|1.0|0|0|MNT00000155|na|0|0|0|0|0|0
2025-05-06 20:50:40.216664|1999-04-01 00:00:00|2160.0|supporting_structure|maintenance request|structural annual inspection|severity level 0|g|g|supporting_structure|supporting_structure|1.0|1.0|0|0|MNT00000156|na|0|0|0|0|0|0
2025-05-06 20:50:40.216664|1999-04-01 00:00:00|2160.0|supporting_structure|maintenance request|structural subsea inspection|severity level 0|g|g|supporting_structure|supporting_structure|1.0|1.0|0|0|MNT00000157|na|0|0|0|0|0|0
2025-05-06 20:50:40.216664|1999-04-01 00:00:00|2160.0|generator|maintenance request|annual turbine inspection|severity level 0|r2|r2|generator|generator|1.0|1.0|0|0|MNT00000158|na|0|0|0|0|0|0
2025-05-06 20:50:40.217665|1999-04-01 00:00:00|2160.0|supporting_structure|maintenance request|structural annual inspection|severity level 0|r2|r2|supporting_structure|supporting_structure|1.0|1.0|0|0|MNT00000159|na|0|0|0|0|0|0
2025-05-06 20:50:40.217665|1999-04-01 00:00:00|2160.0|supporting_structure|maintenance request|structural subsea inspection|severity level 0|r2|r2|supporting_structure|supporting_structure|1.0|1.0|0|0|MNT00000160|na|0|0|0|0|0|0
2025-05-06 20:50:40.217665|1999-04-01 00:00:00|2160.0|generator|maintenance request|annual turbine inspection|severity level 0|F7|F7|generator|generator|1.0|1.0|0|0|MNT00000161|na|0|0|0|0|0|0
2025-05-06 20:50:40.217665|1999-04-01 00:00:00|2160.0|supporting_structure|maintenance request|structural annual inspection|severity level 0|F7|F7|supporting_structure|supporting_structure|1.0|1.0|0|0|MNT00000162|na|0|0|0|0|0|0
2025-05-06 20:50:40.217665|1999-04-01 00:00:00|2160.0|supporting_structure|maintenance request|structural subsea inspection|severity level 0|F7|F7|supporting_structure|supporting_structure|1.0|1.0|0|0|MNT00000163|na|0|0|0|0|0|0
2025-05-06 20:50:40.217665|1999-04-01 00:00:00|2160.0|generator|maintenance request|annual turbine inspection|severity level 0|E6|E6|generator|generator|1.0|1.0|0|0|MNT00000164|na|0|0|0|0|0|0
2025-05-06 20:50:40.217665|1999-04-01 00:00:00|2160.0|supporting_structure|maintenance request|structural annual inspection|severity level 0|E6|E6|supporting_structure|supporting_structure|1.0|1.0|0|0|MNT00000165|na|0|0|0|0|0|0
2025-05-06 20:50:40.217665|1999-04-01 00:00:00|2160.0|supporting_structure|maintenance request|structural subsea inspection|severity level 0|E6|E6|supporting_structure|supporting_structure|1.0|1.0|0|0|MNT00000166|na|0|0|0|0|0|0
2025-05-06 20:50:40.217665|1999-04-01 00:00:00|2160.0|generator|maintenance request|annual turbine inspection|severity level 0|G5|G5|generator|generator|1.0|1.0|0|0|MNT00000167|na|0|0|0|0|0|0
2025-05-06 20:50:40.217665|1999-04-01 00:00:00|2160.0|supporting_structure|maintenance request|structural annual inspection|severity level 0|G5|G5|supporting_structure|supporting_structure|1.0|1.0|0|0|MNT00000168|na|0|0|0|0|0|0
2025-05-06 20:50:40.217665|1999-04-01 00:00:00|2160.0|supporting_structure|maintenance request|structural subsea inspection|severity level 0|G5|G5|supporting_structure|supporting_structure|1.0|1.0|0|0|MNT00000169|na|0|0|0|0|0|0
2025-05-06 20:50:40.218665|1999-04-01 00:00:00|2160.0|generator|maintenance request|annual turbine inspection|severity level 0|B3|B3|generator|generator|1.0|1.0|0|0|MNT00000170|na|0|0|0|0|0|0
2025-05-06 20:50:40.218665|1999-04-01 00:00:00|2160.0|supporting_structure|maintenance request|structural annual inspection|severity level 0|B3|B3|supporting_structure|supporting_structure|1.0|1.0|0|0|MNT00000171|na|0|0|0|0|0|0
2025-05-06 20:50:40.218665|1999-04-01 00:00:00|2160.0|supporting_structure|maintenance request|structural subsea inspection|severity level 0|B3|B3|supporting_structure|supporting_structure|1.0|1.0|0|0|MNT00000172|na|0|0|0|0|0|0
2025-05-06 20:50:40.218665|1999-04-01 00:00:00|2160.0|generator|maintenance request|annual turbine inspection|severity level 0|B2|B2|generator|generator|1.0|1.0|0|0|MNT00000173|na|0|0|0|0|0|0
2025-05-06 20:50:40.218665|1999-04-01 00:00:00|2160.0|supporting_structure|maintenance request|structural annual inspection|severity level 0|B2|B2|supporting_structure|supporting_structure|1.0|1.0|0|0|MNT00000174|na|0|0|0|0|0|0
2025-05-06 20:50:40.218665|1999-04-01 00:00:00|2160.0|supporting_structure|maintenance request|structural subsea inspection|severity level 0|B2|B2|supporting_structure|supporting_structure|1.0|1.0|0|0|MNT00000175|na|0|0|0|0|0|0
2025-05-06 20:50:40.218665|1999-04-01 00:00:00|2160.0|generator|maintenance request|annual turbine inspection|severity level 0|D1|D1|generator|generator|1.0|1.0|0|0|MNT00000176|na|0|0|0|0|0|0
2025-05-06 20:50:40.218665|1999-04-01 00:00:00|2160.0|supporting_structure|maintenance request|structural annual inspection|severity level 0|D1|D1|supporting_structure|supporting_structure|1.0|1.0|0|0|MNT00000177|na|0|0|0|0|0|0
2025-05-06 20:50:40.218665|1999-04-01 00:00:00|2160.0|supporting_structure|maintenance request|structural subsea inspection|severity level 0|D1|D1|supporting_structure|supporting_structure|1.0|1.0|0|0|MNT00000178|na|0|0|0|0|0|0
2025-05-06 20:50:40.219664|1999-04-01 00:00:00|2160.0|generator|maintenance request|annual turbine inspection|severity level 0|f|f|generator|generator|1.0|1.0|0|0|MNT00000179|na|0|0|0|0|0|0
2025-05-06 20:50:40.219664|1999-04-01 00:00:00|2160.0|supporting_structure|maintenance request|structural annual inspection|severity level 0|f|f|supporting_structure|supporting_structure|1.0|1.0|0|0|MNT00000180|na|0|0|0|0|0|0
2025-05-06 20:50:40.219664|1999-04-01 00:00:00|2160.0|supporting_structure|maintenance request|structural subsea inspection|severity level 0|f|f|supporting_structure|supporting_structure|1.0|1.0|0|0|MNT00000181|na|0|0|0|0|0|0
2025-05-06 20:50:40.219664|1999-04-01 00:00:00|2160.0|generator|maintenance request|annual turbine inspection|severity level 0|C7|C7|generator|generator|1.0|1.0|0|0|MNT00000182|na|0|0|0|0|0|0
2025-05-06 20:50:40.219664|1999-04-01 00:00:00|2160.0|supporting_structure|maintenance request|structural annual inspection|severity level 0|C7|C7|supporting_structure|supporting_structure|1.0|1.0|0|0|MNT00000183|na|0|0|0|0|0|0
2025-05-06 20:50:40.219664|1999-04-01 00:00:00|2160.0|supporting_structure|maintenance request|structural subsea inspection|severity level 0|C7|C7|supporting_structure|supporting_structure|1.0|1.0|0|0|MNT00000184|na|0|0|0|0|0|0
2025-05-06 20:50:40.219664|1999-04-01 00:00:00|2160.0|generator|maintenance request|annual turbine inspection|severity level 0|E7|E7|generator|generator|1.0|1.0|0|0|MNT00000185|na|0|0|0|0|0|0
2025-05-06 20:50:40.219664|1999-04-01 00:00:00|2160.0|supporting_structure|maintenance request|structural annual inspection|severity level 0|E7|E7|supporting_structure|supporting_structure|1.0|1.0|0|0|MNT00000186|na|0|0|0|0|0|0
2025-05-06 20:50:40.219664|1999-04-01 00:00:00|2160.0|supporting_structure|maintenance request|structural subsea inspection|severity level 0|E7|E7|supporting_structure|supporting_structure|1.0|1.0|0|0|MNT00000187|na|0|0|0|0|0|0
2025-05-06 20:50:40.219664|1999-04-01 00:00:00|2160.0|generator|maintenance request|annual turbine inspection|severity level 0|D6|D6|generator|generator|1.0|1.0|0|0|MNT00000188|na|0|0|0|0|0|0
2025-05-06 20:50:40.219664|1999-04-01 00:00:00|2160.0|supporting_structure|maintenance request|structural annual inspection|severity level 0|D6|D6|supporting_structure|supporting_structure|1.0|1.0|0|0|MNT00000189|na|0|0|0|0|0|0
2025-05-06 20:50:40.219664|1999-04-01 00:00:00|2160.0|supporting_structure|maintenance request|structural subsea inspection|severity level 0|D6|D6|supporting_structure|supporting_structure|1.0|1.0|0|0|MNT00000190|na|0|0|0|0|0|0
2025-05-06 20:50:40.219664|1999-04-01 00:00:00|2160.0|generator|maintenance request|annual turbine inspection|severity level 0|F5|F5|generator|generator|1.0|1.0|0|0|MNT00000191|na|0|0|0|0|0|0
2025-05-06 20:50:40.221171|1999-04-01 00:00:00|2160.0|supporting_structure|maintenance request|structural annual inspection|severity level 0|F5|F5|supporting_structure|supporting_structure|1.0|1.0|0|0|MNT00000192|na|0|0|0|0|0|0
2025-05-06 20:50:40.221171|1999-04-01 00:00:00|2160.0|supporting_structure|maintenance request|structural subsea inspection|severity level 0|F5|F5|supporting_structure|supporting_structure|1.0|1.0|0|0|MNT00000193|na|0|0|0|0|0|0
2025-05-06 20:50:40.221171|1999-04-01 00:00:00|2160.0|generator|maintenance request|annual turbine inspection|severity level 0|A3|A3|generator|generator|1.0|1.0|0|0|MNT00000194|na|0|0|0|0|0|0
2025-05-06 20:50:40.221171|1999-04-01 00:00:00|2160.0|supporting_structure|maintenance request|structural annual inspection|severity level 0|A3|A3|supporting_structure|supporting_structure|1.0|1.0|0|0|MNT00000195|na|0|0|0|0|0|0
2025-05-06 20:50:40.221171|1999-04-01 00:00:00|2160.0|supporting_structure|maintenance request|structural subsea inspection|severity level 0|A3|A3|supporting_structure|supporting_structure|1.0|1.0|0|0|MNT00000196|na|0|0|0|0|0|0
2025-05-06 20:50:40.221171|1999-04-01 00:00:00|2160.0|generator|maintenance request|annual turbine inspection|severity level 0|A2|A2|generator|generator|1.0|1.0|0|0|MNT00000197|na|0|0|0|0|0|0
2025-05-06 20:50:40.221171|1999-04-01 00:00:00|2160.0|supporting_structure|maintenance request|structural annual inspection|severity level 0|A2|A2|supporting_structure|supporting_structure|1.0|1.0|0|0|MNT00000198|na|0|0|0|0|0|0
2025-05-06 20:50:40.221171|1999-04-01 00:00:00|2160.0|supporting_structure|maintenance request|structural subsea inspection|severity level 0|A2|A2|supporting_structure|supporting_structure|1.0|1.0|0|0|MNT00000199|na|0|0|0|0|0|0
2025-05-06 20:50:40.221171|1999-04-01 00:00:00|2160.0|generator|maintenance request|annual turbine inspection|severity level 0|C1|C1|generator|generator|1.0|1.0|0|0|MNT00000200|na|0|0|0|0|0|0
2025-05-06 20:50:40.221171|1999-04-01 00:00:00|2160.0|supporting_structure|maintenance request|structural annual inspection|severity level 0|C1|C1|supporting_structure|supporting_structure|1.0|1.0|0|0|MNT00000201|na|0|0|0|0|0|0
2025-05-06 20:50:40.221171|1999-04-01 00:00:00|2160.0|supporting_structure|maintenance request|structural subsea inspection|severity level 0|C1|C1|supporting_structure|supporting_structure|1.0|1.0|0|0|MNT00000202|na|0|0|0|0|0|0
2025-05-06 20:50:40.222178|1999-04-01 00:00:00|2160.0|generator|maintenance request|annual turbine inspection|severity level 0|e|e|generator|generator|1.0|1.0|0|0|MNT00000203|na|0|0|0|0|0|0
2025-05-06 20:50:40.222178|1999-04-01 00:00:00|2160.0|supporting_structure|maintenance request|structural annual inspection|severity level 0|e|e|supporting_structure|supporting_structure|1.0|1.0|0|0|MNT00000204|na|0|0|0|0|0|0
2025-05-06 20:50:40.222178|1999-04-01 00:00:00|2160.0|supporting_structure|maintenance request|structural subsea inspection|severity level 0|e|e|supporting_structure|supporting_structure|1.0|1.0|0|0|MNT00000205|na|0|0|0|0|0|0
2025-05-06 20:50:40.222178|1999-04-01 00:00:00|2160.0|generator|maintenance request|annual turbine inspection|severity level 0|h|h|generator|generator|1.0|1.0|0|0|MNT00000206|na|0|0|0|0|0|0
2025-05-06 20:50:40.222178|1999-04-01 00:00:00|2160.0|supporting_structure|maintenance request|structural annual inspection|severity level 0|h|h|supporting_structure|supporting_structure|1.0|1.0|0|0|MNT00000207|na|0|0|0|0|0|0
2025-05-06 20:50:40.222178|1999-04-01 00:00:00|2160.0|supporting_structure|maintenance request|structural subsea inspection|severity level 0|h|h|supporting_structure|supporting_structure|1.0|1.0|0|0|MNT00000208|na|0|0|0|0|0|0
2025-05-06 20:50:40.222178|1999-04-01 00:00:00|2160.0|generator|maintenance request|annual turbine inspection|severity level 0|B7|B7|generator|generator|1.0|1.0|0|0|MNT00000209|na|0|0|0|0|0|0
2025-05-06 20:50:40.222178|1999-04-01 00:00:00|2160.0|supporting_structure|maintenance request|structural annual inspection|severity level 0|B7|B7|supporting_structure|supporting_structure|1.0|1.0|0|0|MNT00000210|na|0|0|0|0|0|0
2025-05-06 20:50:40.222178|1999-04-01 00:00:00|2160.0|supporting_structure|maintenance request|structural subsea inspection|severity level 0|B7|B7|supporting_structure|supporting_structure|1.0|1.0|0|0|MNT00000211|na|0|0|0|0|0|0
2025-05-06 20:50:40.223178|1999-04-01 00:00:00|2160.0|generator|maintenance request|annual turbine inspection|severity level 0|G4|G4|generator|generator|1.0|1.0|0|0|MNT00000212|na|0|0|0|0|0|0
2025-05-06 20:50:40.223178|1999-04-01 00:00:00|2160.0|supporting_structure|maintenance request|structural annual inspection|severity level 0|G4|G4|supporting_structure|supporting_structure|1.0|1.0|0|0|MNT00000213|na|0|0|0|0|0|0
2025-05-06 20:50:40.223178|1999-04-01 00:00:00|2160.0|supporting_structure|maintenance request|structural subsea inspection|severity level 0|G4|G4|supporting_structure|supporting_structure|1.0|1.0|0|0|MNT00000214|na|0|0|0|0|0|0
2025-05-06 20:50:40.223178|1999-04-01 00:00:00|2160.0|generator|maintenance request|annual turbine inspection|severity level 0|H4|H4|generator|generator|1.0|1.0|0|0|MNT00000215|na|0|0|0|0|0|0
2025-05-06 20:50:40.223178|1999-04-01 00:00:00|2160.0|supporting_structure|maintenance request|structural annual inspection|severity level 0|H4|H4|supporting_structure|supporting_structure|1.0|1.0|0|0|MNT00000216|na|0|0|0|0|0|0
2025-05-06 20:50:40.223178|1999-04-01 00:00:00|2160.0|supporting_structure|maintenance request|structural subsea inspection|severity level 0|H4|H4|supporting_structure|supporting_structure|1.0|1.0|0|0|MNT00000217|na|0|0|0|0|0|0
2025-05-06 20:50:40.223178|1999-04-01 00:00:00|2160.0|generator|maintenance request|annual turbine inspection|severity level 0|B1|B1|generator|generator|1.0|1.0|0|0|MNT00000218|na|0|0|0|0|0|0
2025-05-06 20:50:40.224199|1999-04-01 00:00:00|2160.0|supporting_structure|maintenance request|structural annual inspection|severity level 0|B1|B1|supporting_structure|supporting_structure|1.0|1.0|0|0|MNT00000219|na|0|0|0|0|0|0
2025-05-06 20:50:40.224199|1999-04-01 00:00:00|2160.0|supporting_structure|maintenance request|structural subsea inspection|severity level 0|B1|B1|supporting_structure|supporting_structure|1.0|1.0|0|0|MNT00000220|na|0|0|0|0|0|0
2025-05-06 20:50:40.224199|1999-04-01 00:00:00|2160.0|generator|maintenance request|annual turbine inspection|severity level 0|d|d|generator|generator|1.0|1.0|0|0|MNT00000221|na|0|0|0|0|0|0
2025-05-06 20:50:40.224199|1999-04-01 00:00:00|2160.0|supporting_structure|maintenance request|structural annual inspection|severity level 0|d|d|supporting_structure|supporting_structure|1.0|1.0|0|0|MNT00000222|na|0|0|0|0|0|0
2025-05-06 20:50:40.224199|1999-04-01 00:00:00|2160.0|supporting_structure|maintenance request|structural subsea inspection|severity level 0|d|d|supporting_structure|supporting_structure|1.0|1.0|0|0|MNT00000223|na|0|0|0|0|0|0
2025-05-06 20:50:40.224199|1999-04-01 00:00:00|2160.0|generator|maintenance request|annual turbine inspection|severity level 0|A7|A7|generator|generator|1.0|1.0|0|0|MNT00000224|na|0|0|0|0|0|0
2025-05-06 20:50:40.224199|1999-04-01 00:00:00|2160.0|supporting_structure|maintenance request|structural annual inspection|severity level 0|A7|A7|supporting_structure|supporting_structure|1.0|1.0|0|0|MNT00000225|na|0|0|0|0|0|0
2025-05-06 20:50:40.224199|1999-04-01 00:00:00|2160.0|supporting_structure|maintenance request|structural subsea inspection|severity level 0|A7|A7|supporting_structure|supporting_structure|1.0|1.0|0|0|MNT00000226|na|0|0|0|0|0|0
2025-05-06 20:50:40.224199|1999-04-01 00:00:00|2160.0|generator|maintenance request|annual turbine inspection|severity level 0|D7|D7|generator|generator|1.0|1.0|0|0|MNT00000227|na|0|0|0|0|0|0
2025-05-06 20:50:40.225173|1999-04-01 00:00:00|2160.0|supporting_structure|maintenance request|structural annual inspection|severity level 0|D7|D7|supporting_structure|supporting_structure|1.0|1.0|0|0|MNT00000228|na|0|0|0|0|0|0
2025-05-06 20:50:40.225173|1999-04-01 00:00:00|2160.0|supporting_structure|maintenance request|structural subsea inspection|severity level 0|D7|D7|supporting_structure|supporting_structure|1.0|1.0|0|0|MNT00000229|na|0|0|0|0|0|0
2025-05-06 20:50:40.225173|1999-04-01 00:00:00|2160.0|generator|maintenance request|annual turbine inspection|severity level 0|C6|C6|generator|generator|1.0|1.0|0|0|MNT00000230|na|0|0|0|0|0|0
2025-05-06 20:50:40.225173|1999-04-01 00:00:00|2160.0|supporting_structure|maintenance request|structural annual inspection|severity level 0|C6|C6|supporting_structure|supporting_structure|1.0|1.0|0|0|MNT00000231|na|0|0|0|0|0|0
2025-05-06 20:50:40.225173|1999-04-01 00:00:00|2160.0|supporting_structure|maintenance request|structural subsea inspection|severity level 0|C6|C6|supporting_structure|supporting_structure|1.0|1.0|0|0|MNT00000232|na|0|0|0|0|0|0
2025-05-06 20:50:40.225173|1999-04-01 00:00:00|2160.0|generator|maintenance request|annual turbine inspection|severity level 0|E5|E5|generator|generator|1.0|1.0|0|0|MNT00000233|na|0|0|0|0|0|0
2025-05-06 20:50:40.225173|1999-04-01 00:00:00|2160.0|supporting_structure|maintenance request|structural annual inspection|severity level 0|E5|E5|supporting_structure|supporting_structure|1.0|1.0|0|0|MNT00000234|na|0|0|0|0|0|0
2025-05-06 20:50:40.225173|1999-04-01 00:00:00|2160.0|supporting_structure|maintenance request|structural subsea inspection|severity level 0|E5|E5|supporting_structure|supporting_structure|1.0|1.0|0|0|MNT00000235|na|0|0|0|0|0|0
2025-05-06 20:50:40.225173|1999-04-01 00:00:00|2160.0|generator|maintenance request|annual turbine inspection|severity level 0|D5|D5|generator|generator|1.0|1.0|0|0|MNT00000236|na|0|0|0|0|0|0
2025-05-06 20:50:40.225173|1999-04-01 00:00:00|2160.0|supporting_structure|maintenance request|structural annual inspection|severity level 0|D5|D5|supporting_structure|supporting_structure|1.0|1.0|0|0|MNT00000237|na|0|0|0|0|0|0
2025-05-06 20:50:40.226173|1999-04-01 00:00:00|2160.0|supporting_structure|maintenance request|structural subsea inspection|severity level 0|D5|D5|supporting_structure|supporting_structure|1.0|1.0|0|0|MNT00000238|na|0|0|0|0|0|0
2025-05-06 20:50:40.226173|1999-04-01 00:00:00|2160.0|generator|maintenance request|annual turbine inspection|severity level 0|F4|F4|generator|generator|1.0|1.0|0|0|MNT00000239|na|0|0|0|0|0|0
2025-05-06 20:50:40.226173|1999-04-01 00:00:00|2160.0|supporting_structure|maintenance request|structural annual inspection|severity level 0|F4|F4|supporting_structure|supporting_structure|1.0|1.0|0|0|MNT00000240|na|0|0|0|0|0|0
2025-05-06 20:50:40.226173|1999-04-01 00:00:00|2160.0|supporting_structure|maintenance request|structural subsea inspection|severity level 0|F4|F4|supporting_structure|supporting_structure|1.0|1.0|0|0|MNT00000241|na|0|0|0|0|0|0
2025-05-06 20:50:40.226173|1999-04-01 00:00:00|2160.0|generator|maintenance request|annual turbine inspection|severity level 0|A1|A1|generator|generator|1.0|1.0|0|0|MNT00000242|na|0|0|0|0|0|0
2025-05-06 20:50:40.226173|1999-04-01 00:00:00|2160.0|supporting_structure|maintenance request|structural annual inspection|severity level 0|A1|A1|supporting_structure|supporting_structure|1.0|1.0|0|0|MNT00000243|na|0|0|0|0|0|0
2025-05-06 20:50:40.226173|1999-04-01 00:00:00|2160.0|supporting_structure|maintenance request|structural subsea inspection|severity level 0|A1|A1|supporting_structure|supporting_structure|1.0|1.0|0|0|MNT00000244|na|0|0|0|0|0|0
2025-05-06 20:50:40.226173|1999-04-01 00:00:00|2160.0|generator|maintenance request|annual turbine inspection|severity level 0|c|c|generator|generator|1.0|1.0|0|0|MNT00000245|na|0|0|0|0|0|0
2025-05-06 20:50:40.226173|1999-04-01 00:00:00|2160.0|supporting_structure|maintenance request|structural annual inspection|severity level 0|c|c|supporting_structure|supporting_structure|1.0|1.0|0|0|MNT00000246|na|0|0|0|0|0|0
2025-05-06 20:50:40.226173|1999-04-01 00:00:00|2160.0|supporting_structure|maintenance request|structural subsea inspection|severity level 0|c|c|supporting_structure|supporting_structure|1.0|1.0|0|0|MNT00000247|na|0|0|0|0|0|0
2025-05-06 20:50:40.227173|1999-04-01 00:00:00|2160.0|generator|maintenance request|annual turbine inspection|severity level 0|b|b|generator|generator|1.0|1.0|0|0|MNT00000248|na|0|0|0|0|0|0
2025-05-06 20:50:40.227173|1999-04-01 00:00:00|2160.0|supporting_structure|maintenance request|structural annual inspection|severity level 0|b|b|supporting_structure|supporting_structure|1.0|1.0|0|0|MNT00000249|na|0|0|0|0|0|0
2025-05-06 20:50:40.227173|1999-04-01 00:00:00|2160.0|supporting_structure|maintenance request|structural subsea inspection|severity level 0|b|b|supporting_structure|supporting_structure|1.0|1.0|0|0|MNT00000250|na|0|0|0|0|0|0
2025-05-06 20:50:40.227173|1999-04-01 00:00:00|2160.0|generator|maintenance request|annual turbine inspection|severity level 0|G2|G2|generator|generator|1.0|1.0|0|0|MNT00000251|na|0|0|0|0|0|0
2025-05-06 20:50:40.227173|1999-04-01 00:00:00|2160.0|supporting_structure|maintenance request|structural annual inspection|severity level 0|G2|G2|supporting_structure|supporting_structure|1.0|1.0|0|0|MNT00000252|na|0|0|0|0|0|0
2025-05-06 20:50:40.227173|1999-04-01 00:00:00|2160.0|supporting_structure|maintenance request|structural subsea inspection|severity level 0|G2|G2|supporting_structure|supporting_structure|1.0|1.0|0|0|MNT00000253|na|0|0|0|0|0|0
2025-05-06 20:50:40.227173|1999-04-01 00:00:00|2160.0|transformer|maintenance request|oss annual inspection|severity level 1|OSS|OSS|transformer|transformer|1.0|1.0|0|0|MNT00000254|na|0|0|0|0|0|0
2025-05-06 20:50:40.227173|1999-04-01 00:00:00|2160.0|export cable|maintenance request|export cable subsea inspection|severity level 1|cable::OSS::OSS|export cable|cable::OSS::OSS|export cable|1.0|1.0|0|0|MNT00000255|na|0|0|0|0|0|0
2025-05-06 20:50:40.227173|1999-04-01 00:00:00|2160.0|generator|maintenance request|annual turbine inspection|severity level 0|z2|z2|generator|generator|1.0|1.0|0|0|MNT00000256|na|0|0|0|0|0|0
2025-05-06 20:50:40.228173|1999-04-01 00:00:00|2160.0|supporting_structure|maintenance request|structural annual inspection|severity level 0|z2|z2|supporting_structure|supporting_structure|1.0|1.0|0|0|MNT00000257|na|0|0|0|0|0|0
2025-05-06 20:50:40.228173|1999-04-01 00:00:00|2160.0|supporting_structure|maintenance request|structural subsea inspection|severity level 0|z2|z2|supporting_structure|supporting_structure|1.0|1.0|0|0|MNT00000258|na|0|0|0|0|0|0
2025-05-06 20:50:40.228173|1999-04-01 00:00:00|2160.0|generator|maintenance request|annual turbine inspection|severity level 0|y4|y4|generator|generator|1.0|1.0|0|0|MNT00000259|na|0|0|0|0|0|0
2025-05-06 20:50:40.228173|1999-04-01 00:00:00|2160.0|supporting_structure|maintenance request|structural annual inspection|severity level 0|y4|y4|supporting_structure|supporting_structure|1.0|1.0|0|0|MNT00000260|na|0|0|0|0|0|0
2025-05-06 20:50:40.228173|1999-04-01 00:00:00|2160.0|supporting_structure|maintenance request|structural subsea inspection|severity level 0|y4|y4|supporting_structure|supporting_structure|1.0|1.0|0|0|MNT00000261|na|0|0|0|0|0|0
2025-05-06 20:50:40.228173|1999-04-01 00:00:00|2160.0|generator|maintenance request|annual turbine inspection|severity level 0|w3|w3|generator|generator|1.0|1.0|0|0|MNT00000262|na|0|0|0|0|0|0
2025-05-06 20:50:40.228173|1999-04-01 00:00:00|2160.0|supporting_structure|maintenance request|structural annual inspection|severity level 0|w3|w3|supporting_structure|supporting_structure|1.0|1.0|0|0|MNT00000263|na|0|0|0|0|0|0
2025-05-06 20:50:40.228173|1999-04-01 00:00:00|2160.0|supporting_structure|maintenance request|structural subsea inspection|severity level 0|w3|w3|supporting_structure|supporting_structure|1.0|1.0|0|0|MNT00000264|na|0|0|0|0|0|0
2025-05-06 20:50:40.228173|1999-04-01 00:00:00|2160.0|generator|maintenance request|annual turbine inspection|severity level 0|G1|G1|generator|generator|1.0|1.0|0|0|MNT00000265|na|0|0|0|0|0|0
2025-05-06 20:50:40.228173|1999-04-01 00:00:00|2160.0|supporting_structure|maintenance request|structural annual inspection|severity level 0|G1|G1|supporting_structure|supporting_structure|1.0|1.0|0|0|MNT00000266|na|0|0|0|0|0|0
2025-05-06 20:50:40.229175|1999-04-01 00:00:00|2160.0|supporting_structure|maintenance request|structural subsea inspection|severity level 0|G1|G1|supporting_structure|supporting_structure|1.0|1.0|0|0|MNT00000267|na|0|0|0|0|0|0
2025-05-06 20:50:40.229175|1999-04-01 00:00:00|2160|Eurkea Port|monthly lease fee|port lease||||||0|0|0|0|na|na|0|0|0|0|2083333.3333333333|2083333.3333333333
2025-05-06 20:50:40.229175|1999-04-01 00:00:00|2160.0|generator|maintenance request|annual turbine inspection|severity level 0|G6|G6|generator|generator|1.0|1.0|0|0|MNT00000268|na|0|0|0|0|0|0
2025-05-06 20:50:40.229175|1999-04-01 00:00:00|2160.0|supporting_structure|maintenance request|structural annual inspection|severity level 0|G6|G6|supporting_structure|supporting_structure|1.0|1.0|0|0|MNT00000269|na|0|0|0|0|0|0
2025-05-06 20:50:40.229175|1999-04-01 00:00:00|2160.0|supporting_structure|maintenance request|structural subsea inspection|severity level 0|G6|G6|supporting_structure|supporting_structure|1.0|1.0|0|0|MNT00000270|na|0|0|0|0|0|0
2025-05-06 20:50:40.229175|1999-04-01 00:00:00|2160.0|generator|maintenance request|annual turbine inspection|severity level 0|G3|G3|generator|generator|1.0|1.0|0|0|MNT00000271|na|0|0|0|0|0|0
2025-05-06 20:50:40.229175|1999-04-01 00:00:00|2160.0|supporting_structure|maintenance request|structural annual inspection|severity level 0|G3|G3|supporting_structure|supporting_structure|1.0|1.0|0|0|MNT00000272|na|0|0|0|0|0|0
2025-05-06 20:50:40.229175|1999-04-01 00:00:00|2160.0|supporting_structure|maintenance request|structural subsea inspection|severity level 0|G3|G3|supporting_structure|supporting_structure|1.0|1.0|0|0|MNT00000273|na|0|0|0|0|0|0
2025-05-06 20:50:40.240421|1999-04-01 00:00:14|2160.0036111111112|Diving Support Vessel 1|mobilization|Diving Support Vessel 1 is being mobilized|mobilization|||||0|0|360|0|na|enroute|0|0|0|0|0|0
2025-05-06 20:50:40.260398|1999-04-01 06:00:00|2165.9999519880425|Tugboat 1|traveling|power converter major repair|traveling from port to site|B4|B4|||0|0|0.0|0.0|RPR00000070|enroute|0|0|0.0|0.0|0.0|0.0
2025-05-06 20:50:40.260398|1999-04-01 06:00:00|2165.9999519880425|Tugboat 1|complete travel|power converter major repair|arrived at B4|B4|B4|||0|0|0|0|RPR00000070|site|0|0|0|0|0|0
2025-05-06 20:50:40.261906|1999-04-01 06:00:00|2165.9999519880425|Tugboat 1|delay|power converter major repair|weather delay|B4|B4|||0.0|0|1.0|0|RPR00000070|site|0|0|0.0|0.0|0.0|0.0
2025-05-06 20:50:40.261906|1999-04-01 07:00:00|2166.9999519880425|Tugboat 1|unmooring|power converter major repair|Unmooring B4 to tow to port|B4|B4|||0.0|0|2.0|0|RPR00000070|system|0|0.0|0.0|0.0|0.0|0.0
2025-05-06 20:50:40.261906|1999-04-01 09:00:00|2168.9999519880425|Tugboat 1|complete unmooring|power converter major repair|complete|B4|B4|||0.0|0|0|0|RPR00000070|na|0|0|0|0|0|0
2025-05-06 20:50:40.262914|1999-04-01 09:00:00|2168.9999519880425|Tugboat 1|towing|towing turbine to port||B4|B4|||0|0|0|0.0|RPR00000070|enroute|0|0.0|0.0|0.0|0.0|0.0
2025-05-06 20:50:40.262914|1999-04-01 09:00:00|2168.9999519880425|Tugboat 1|complete towing|towing turbine to port|complete|B4|B4|||0|0|0|0|RPR00000070|port|0|0.0|0.0|0.0|0.0|0.0
2025-05-06 20:50:40.262914|1999-04-01 09:00:00|2168.9999519880425|Eurkea Port|requests being moved|||B4|B4|hydraulic_system|hydraulic_system|nan|nan|0|0|RPR00000050|na|0|0|0|0|0|0
2025-05-06 20:50:40.262914|1999-04-01 09:00:00|2168.9999519880425|Eurkea Port|requests being moved|||B4|B4|electrical_system|electrical_system|nan|nan|0|0|RPR00000070|na|0|0|0|0|0|0
2025-05-06 20:50:40.262914|1999-04-01 09:00:00|2168.9999519880425|Eurkea Port|requests being moved|||B4|B4|generator|generator|nan|nan|0|0|MNT00000119|na|0|0|0|0|0|0
2025-05-06 20:50:40.262914|1999-04-01 09:00:00|2168.9999519880425|Eurkea Port|requests being moved|||B4|B4|supporting_structure|supporting_structure|nan|nan|0|0|MNT00000120|na|0|0|0|0|0|0
2025-05-06 20:50:40.262914|1999-04-01 09:00:00|2168.9999519880425|Eurkea Port|requests being moved|||B4|B4|supporting_structure|supporting_structure|nan|nan|0|0|MNT00000121|na|0|0|0|0|0|0
2025-05-06 20:50:40.262914|1999-04-01 09:00:00|2168.9999519880425|Eurkea Port|requests moved to port|at-port repair can now proceed||B4|B4|hydraulic_system|hydraulic_system|nan|nan|0|0|RPR00000050|na|0|0|0|0|0|0
2025-05-06 20:50:40.262914|1999-04-01 09:00:00|2168.9999519880425|Eurkea Port|requests moved to port|at-port repair can now proceed||B4|B4|electrical_system|electrical_system|nan|nan|0|0|RPR00000070|na|0|0|0|0|0|0
2025-05-06 20:50:40.262914|1999-04-01 09:00:00|2168.9999519880425|Eurkea Port|requests moved to port|at-port repair can now proceed||B4|B4|generator|generator|nan|nan|0|0|MNT00000119|na|0|0|0|0|0|0
2025-05-06 20:50:40.262914|1999-04-01 09:00:00|2168.9999519880425|Eurkea Port|requests moved to port|at-port repair can now proceed||B4|B4|supporting_structure|supporting_structure|nan|nan|0|0|MNT00000120|na|0|0|0|0|0|0
2025-05-06 20:50:40.262914|1999-04-01 09:00:00|2168.9999519880425|Eurkea Port|requests moved to port|at-port repair can now proceed||B4|B4|supporting_structure|supporting_structure|nan|nan|0|0|MNT00000121|na|0|0|0|0|0|0
2025-05-06 20:50:40.262914|1999-04-01 09:00:00|2168.9999519880425|Eurkea Port|repair|major pitch system repair|repair|B4|B4|hydraulic_system|hydraulic_system|0|0|13.0|0|RPR00000050|port|0|0.0|0.0|0.0|0.0|0.0
2025-05-06 20:50:40.264911|1999-04-01 16:42:32|2176.70866910576|generator|repair request|direct drive generator minor repair|severity level 1|F7|F7|generator|generator|1.0|1.0|0|0|RPR00000274|na|0|0|0|0|0|0
2025-05-06 20:50:40.266912|1999-04-01 22:00:00|2181.9999519880425|Eurkea Port|delay|major pitch system repair|end of shift; will resume work in the next shift|B4|B4|hydraulic_system|hydraulic_system|0|0|8.0|0|RPR00000050|port|0|0.0|0.0|0.0|0.0|0.0
2025-05-06 20:50:40.267911|1999-04-02 06:00:00|2189.9999519880425|Eurkea Port|repair|major pitch system repair|repair|B4|B4|hydraulic_system|hydraulic_system|0|0|16.0|0|RPR00000050|port|0|0.0|0.0|0.0|0.0|0.0
2025-05-06 20:50:40.268912|1999-04-02 07:47:16|2191.7876681192292|Anchor Handling Tug|mobilization|Anchor Handling Tug has arrived on site|mobilization|||||0|0|0|0|na|site|0|0|0|0|325000.0|325000.0
2025-05-06 20:50:40.268912|1999-04-02 07:47:16|2191.7876681192292|Anchor Handling Tug|traveling|anchor replacement|traveling from None to D5|D5|D5|supporting_structure|supporting_structure|1.0|1.0|0.0|0.0|RPR00000062|enroute|0|0|0.0|0.0|0.0|0.0
2025-05-06 20:50:40.268912|1999-04-02 07:47:16|2191.7876681192292|Anchor Handling Tug|complete travel|anchor replacement|arrived at D5|D5|D5|supporting_structure|supporting_structure|1.0|1.0|0|0|RPR00000062|system|0|0|0|0|0|0
2025-05-06 20:50:40.269912|1999-04-02 07:47:16|2191.7876681192292|Anchor Handling Tug|transferring crew|anchor replacement|transferring crew from Anchor Handling Tug to D5|D5|D5|supporting_structure|supporting_structure|0.0|1.0|0.25|0|RPR00000062|system|0|0.0|0.0|0.0|437.5|437.5
2025-05-06 20:50:40.269912|1999-04-02 08:02:16|2192.0376681192292|Anchor Handling Tug|complete transfer|anchor replacement|complete|D5|D5|supporting_structure|supporting_structure|0.0|1.0|0|0|RPR00000062|system|0|0|0|0|0|0
2025-05-06 20:50:40.271419|1999-04-02 08:02:16|2192.0376681192292|Anchor Handling Tug|repair|anchor replacement|repair|D5|D5|supporting_structure|supporting_structure|0.0|1.0|37.96222222222222|0|RPR00000062|system|0|0.0|0.0|0.0|66433.88888888889|66433.88888888889
2025-05-06 20:50:40.273425|1999-04-02 22:00:00|2205.9999519880425|Eurkea Port|delay|major pitch system repair|end of shift; will resume work in the next shift|B4|B4|hydraulic_system|hydraulic_system|0|0|8.0|0|RPR00000050|port|0|0.0|0.0|0.0|0.0|0.0
2025-05-06 20:50:40.274425|1999-04-03 06:00:00|2213.9999519880425|Eurkea Port|repair|major pitch system repair|repair|B4|B4|hydraulic_system|hydraulic_system|0|0|9.0|0|RPR00000050|port|0|0.0|0.0|0.0|0.0|0.0
2025-05-06 20:50:40.275425|1999-04-03 07:01:08|2215.018737657853|electrical_system|repair request|power electrical system minor repair|severity level 1|A7|A7|electrical_system|electrical_system|1.0|1.0|0|0|RPR00000275|na|0|0|0|0|0|0
2025-05-06 20:50:40.277425|1999-04-03 15:00:00|2222.9999519880425|Eurkea Port|repair complete|major pitch system repair|complete|B4||hydraulic_system|hydraulic_system|0|0|0|0|RPR00000050|na|1900.0|0|0|0|0|1900.0
2025-05-06 20:50:40.277425|1999-04-03 15:00:00|2222.9999519880425|Eurkea Port|repair|power converter major repair|repair|B4|B4|electrical_system|electrical_system|0|0|7.0|0|RPR00000070|port|0|0.0|0.0|0.0|0.0|0.0
2025-05-06 20:50:40.278425|1999-04-03 22:00:00|2229.9998903414516|Anchor Handling Tug|delay|anchor replacement|weather delay|D5|D5|supporting_structure|supporting_structure|0.0|1.0|25.0|0|RPR00000062|system|0|0|0.0|0.0|43750.0|43750.0
2025-05-06 20:50:40.278425|1999-04-03 22:00:00|2229.9999519880425|Eurkea Port|delay|power converter major repair|end of shift; will resume work in the next shift|B4|B4|electrical_system|electrical_system|0|0|8.0|0|RPR00000070|port|0|0.0|0.0|0.0|0.0|0.0
2025-05-06 20:50:40.279425|1999-04-04 06:00:00|2237.9999519880425|Eurkea Port|repair|power converter major repair|repair|B4|B4|electrical_system|electrical_system|0|0|16.0|0|RPR00000070|port|0|0.0|0.0|0.0|0.0|0.0
2025-05-06 20:50:40.282526|1999-04-04 22:00:00|2253.9999519880425|Eurkea Port|delay|power converter major repair|end of shift; will resume work in the next shift|B4|B4|electrical_system|electrical_system|0|0|8.0|0|RPR00000070|port|0|0.0|0.0|0.0|0.0|0.0
2025-05-06 20:50:40.283525|1999-04-04 23:00:00|2254.9998903414516|Anchor Handling Tug|repair|anchor replacement|repair|D5|D5|supporting_structure|supporting_structure|0.0|1.0|21.0|0|RPR00000062|system|0|0.0|0.0|0.0|36750.0|36750.0
2025-05-06 20:50:40.284525|1999-04-05 06:00:00|2261.9999519880425|Eurkea Port|repair|power converter major repair|repair|B4|B4|electrical_system|electrical_system|0|0|5.0|0|RPR00000070|port|0|0.0|0.0|0.0|0.0|0.0
2025-05-06 20:50:40.285525|1999-04-05 11:00:00|2266.9999519880425|Eurkea Port|repair complete|power converter major repair|complete|B4||electrical_system|electrical_system|0|0|0|0|RPR00000070|na|7000.0|0|0|0|0|7000.0
2025-05-06 20:50:40.285525|1999-04-05 11:00:00|2266.9999519880425|Eurkea Port|maintenance|annual turbine inspection|maintenance|B4|B4|generator|generator|0|0|11.0|0|MNT00000119|port|0|0.0|0.0|0.0|0.0|0.0
2025-05-06 20:50:40.288523|1999-04-05 20:00:00|2275.9998903414516|Anchor Handling Tug|delay|anchor replacement|weather delay|D5|D5|supporting_structure|supporting_structure|0.0|1.0|22.0|0|RPR00000062|system|0|0|0.0|0.0|38500.0|38500.0
2025-05-06 20:50:40.288523|1999-04-05 22:00:00|2277.9999519880425|Eurkea Port|delay|annual turbine inspection|end of shift; will resume work in the next shift|B4|B4|generator|generator|0|0|8.0|0|MNT00000119|port|0|0.0|0.0|0.0|0.0|0.0
2025-05-06 20:50:40.289526|1999-04-06 06:00:00|2285.9999519880425|Eurkea Port|maintenance|annual turbine inspection|maintenance|B4|B4|generator|generator|0|0|13.0|0|MNT00000119|port|0|0.0|0.0|0.0|0.0|0.0
2025-05-06 20:50:40.293037|1999-04-06 18:00:00|2297.9998903414516|Anchor Handling Tug|repair|anchor replacement|repair|D5|D5|supporting_structure|supporting_structure|0.0|1.0|59.0|0|RPR00000062|system|0|0.0|0.0|0.0|103250.0|103250.0
2025-05-06 20:50:40.294042|1999-04-06 19:00:00|2298.9999519880425|Eurkea Port|maintenance complete|annual turbine inspection|complete|B4||generator|generator|0|0|0|0|MNT00000119|na|1500.0|0|0|0|0|1500.0
2025-05-06 20:50:40.294042|1999-04-06 19:00:00|2298.9999519880425|Eurkea Port|maintenance|structural annual inspection|maintenance|B4|B4|supporting_structure|supporting_structure|0|0|3.0|0|MNT00000120|port|0|0.0|0.0|0.0|0.0|0.0
2025-05-06 20:50:40.295046|1999-04-06 22:00:00|2301.9999519880425|Eurkea Port|delay|structural annual inspection|end of shift; will resume work in the next shift|B4|B4|supporting_structure|supporting_structure|0|0|8.0|0|MNT00000120|port|0|0.0|0.0|0.0|0.0|0.0
2025-05-06 20:50:40.296044|1999-04-07 06:00:00|2309.9999519880425|Eurkea Port|maintenance|structural annual inspection|maintenance|B4|B4|supporting_structure|supporting_structure|0|0|16.0|0|MNT00000120|port|0|0.0|0.0|0.0|0.0|0.0
2025-05-06 20:50:40.297046|1999-04-07 09:41:04|2313.684279978993|hydraulic_system|repair request|minor pitch system repair|severity level 1|B2|B2|hydraulic_system|hydraulic_system|1.0|1.0|0|0|RPR00000276|na|0|0|0|0|0|0
2025-05-06 20:50:40.299041|1999-04-07 22:00:00|2325.9999519880425|Eurkea Port|delay|structural annual inspection|end of shift; will resume work in the next shift|B4|B4|supporting_structure|supporting_structure|0|0|8.0|0|MNT00000120|port|0|0.0|0.0|0.0|0.0|0.0
2025-05-06 20:50:40.301041|1999-04-08 06:00:00|2333.9999519880425|Eurkea Port|maintenance|structural annual inspection|maintenance|B4|B4|supporting_structure|supporting_structure|0|0|5.0|0|MNT00000120|port|0|0.0|0.0|0.0|0.0|0.0
2025-05-06 20:50:40.301543|1999-04-08 11:00:00|2338.9999519880425|Eurkea Port|maintenance complete|structural annual inspection|complete|B4||supporting_structure|supporting_structure|0|0|0|0|MNT00000120|na|600.0|0|0|0|0|600.0
2025-05-06 20:50:40.301543|1999-04-08 11:00:00|2338.9999519880425|Eurkea Port|maintenance|structural subsea inspection|maintenance|B4|B4|supporting_structure|supporting_structure|0|0|6.0|0|MNT00000121|port|0|0.0|0.0|0.0|0.0|0.0
2025-05-06 20:50:40.302546|1999-04-08 17:00:00|2344.9999519880425|Eurkea Port|maintenance complete|structural subsea inspection|complete|B4||supporting_structure|supporting_structure|0|0|0|0|MNT00000121|na|500.0|0|0|0|0|500.0
2025-05-06 20:50:40.303548|1999-04-08 17:00:00|2344.9999519880425|Tugboat 2|towing|towing turbine back to site||B4|B4|||0|0|0|0.0|RPR00000070|enroute|0|0.0|0.0|0.0|0.0|0.0
2025-05-06 20:50:40.303548|1999-04-08 17:00:00|2344.9999519880425|Tugboat 2|complete towing|towing turbine back to site|complete|B4|B4|||0|0|0|0|RPR00000070|site|0|0.0|0.0|0.0|0.0|0.0
2025-05-06 20:50:40.303548|1999-04-08 17:00:00|2344.9999519880425|Tugboat 2|delay|power converter major repair|weather delay|B4|B4|||0.0|0|1.0|0|RPR00000070|site|0|0|0.0|0.0|0.0|0.0
2025-05-06 20:50:40.303548|1999-04-08 18:00:00|2345.9999519880425|Tugboat 2|delay|power converter major repair|weather unsuitable for mooring reconnection|B4|B4|||0.0|0|12.0|0|RPR00000070|site|0|0.0|0.0|0.0|0.0|0.0
2025-05-06 20:50:40.305548|1999-04-09 05:00:00|2356.9998903414516|Anchor Handling Tug|delay|anchor replacement|weather delay|D5|D5|supporting_structure|supporting_structure|0.0|1.0|16.0|0|RPR00000062|system|0|0|0.0|0.0|28000.0|28000.0
2025-05-06 20:50:40.305548|1999-04-09 06:00:00|2357.9999519880425|Tugboat 2|delay|power converter major repair|weather delay|B4|B4|||0.0|0|12.0|0|RPR00000070|site|0|0|0.0|0.0|0.0|0.0
2025-05-06 20:50:40.308548|1999-04-09 18:00:00|2369.9999519880425|Tugboat 2|delay|power converter major repair|weather unsuitable for mooring reconnection|B4|B4|||0.0|0|12.0|0|RPR00000070|site|0|0.0|0.0|0.0|0.0|0.0
2025-05-06 20:50:40.308548|1999-04-09 21:00:00|2372.9998903414516|Anchor Handling Tug|repair|anchor replacement|repair|D5|D5|supporting_structure|supporting_structure|0.0|1.0|242.03777777777776|0|RPR00000062|system|0|0.0|0.0|0.0|423566.11111111107|423566.11111111107
2025-05-06 20:50:40.309548|1999-04-10 06:00:00|2381.9999519880425|Tugboat 2|delay|power converter major repair|weather delay|B4|B4|||0.0|0|1.0|0|RPR00000070|site|0|0|0.0|0.0|0.0|0.0
2025-05-06 20:50:40.311051|1999-04-10 07:00:00|2382.9999519880425|Tugboat 2|mooring reconnection|power converter major repair|Reconnecting the mooring to B4|B4|B4|||0.0|0|4.0|0|RPR00000070|system|0|0.0|0.0|0.0|0.0|0.0
2025-05-06 20:50:40.311051|1999-04-10 11:00:00|2386.9999519880425|Tugboat 2|complete mooring reconnection|power converter major repair|complete|B4|B4|||0.0|0|0|0|RPR00000070|na|0|0|0|0|0|0
2025-05-06 20:50:40.313054|1999-04-10 11:00:00|2386.9999519880425|Tugboat 2|traveling|traveling back to port after returning turbine|traveling from site to port|B4|B4|||0|0|0.0|0.0|RPR00000070|enroute|0|0|0.0|0.0|0.0|0.0
2025-05-06 20:50:40.314057|1999-04-10 11:00:00|2386.9999519880425|Tugboat 2|complete travel|traveling back to port after returning turbine|arrived at port|B4|B4|||0|0|0|0|RPR00000070|port|0|0|0|0|0|0
2025-05-06 20:50:40.317056|1999-04-10 15:01:44|2391.028886996862|drive_train|repair request|main shaft minor repair|severity level 1|A4|A4|drive_train|drive_train|1.0|1.0|0|0|RPR00000277|na|0|0|0|0|0|0
2025-05-06 20:50:40.320416|1999-04-11 02:25:31|2402.425184199405|hydraulic_system|repair request|major pitch system repair|severity level 2|E1|E1|hydraulic_system|hydraulic_system|1.0|1.0|0|0|RPR00000278|na|0|0|0|0|0|0
2025-05-06 20:50:40.322662|1999-04-11 11:46:39|2411.7774760939587|RepairManager|maintenance canceled|replacement required||E4|E4|generator|generator|nan|nan|0|0|MNT00000080|na|0|0|0|0|0|0
2025-05-06 20:50:40.322662|1999-04-11 11:46:39|2411.7774760939587|generator|repair request|direct drive generator major replacement|severity level 3|E4|E4|generator|generator|1.0|1.0|0|0|RPR00000279|na|0|0|0|0|0|0
2025-05-06 20:50:40.325668|1999-04-11 11:47:14|2411.7871983161813|Tugboat 1|traveling|direct drive generator major replacement|traveling from port to site|E4|E4|||0|0|0.0|0.0|RPR00000279|enroute|0|0|0.0|0.0|0.0|0.0
2025-05-06 20:50:40.325668|1999-04-11 11:47:14|2411.7871983161813|Tugboat 1|complete travel|direct drive generator major replacement|arrived at E4|E4|E4|||0|0|0|0|RPR00000279|site|0|0|0|0|0|0
2025-05-06 20:50:40.327667|1999-04-11 11:47:14|2411.7871983161813|Tugboat 1|unmooring|direct drive generator major replacement|Unmooring E4 to tow to port|E4|E4|||0.0|0|2.0|0|RPR00000279|system|0|0.0|0.0|0.0|0.0|0.0
2025-05-06 20:50:40.328667|1999-04-11 13:47:14|2413.7871983161813|Tugboat 1|complete unmooring|direct drive generator major replacement|complete|E4|E4|||0.0|0|0|0|RPR00000279|na|0|0|0|0|0|0
2025-05-06 20:50:40.328667|1999-04-11 13:47:14|2413.7871983161813|Tugboat 1|towing|towing turbine to port||E4|E4|||0|0|0|0.0|RPR00000279|enroute|0|0.0|0.0|0.0|0.0|0.0
2025-05-06 20:50:40.328667|1999-04-11 13:47:14|2413.7871983161813|Tugboat 1|complete towing|towing turbine to port|complete|E4|E4|||0|0|0|0|RPR00000279|port|0|0.0|0.0|0.0|0.0|0.0
2025-05-06 20:50:40.328667|1999-04-11 13:47:14|2413.7871983161813|Eurkea Port|requests being moved|||E4|E4|hydraulic_system|hydraulic_system|nan|nan|0|0|RPR00000045|na|0|0|0|0|0|0
2025-05-06 20:50:40.328667|1999-04-11 13:47:14|2413.7871983161813|Eurkea Port|requests being moved|||E4|E4|supporting_structure|supporting_structure|nan|nan|0|0|MNT00000081|na|0|0|0|0|0|0
2025-05-06 20:50:40.328667|1999-04-11 13:47:14|2413.7871983161813|Eurkea Port|requests being moved|||E4|E4|supporting_structure|supporting_structure|nan|nan|0|0|MNT00000082|na|0|0|0|0|0|0
2025-05-06 20:50:40.328667|1999-04-11 13:47:14|2413.7871983161813|Eurkea Port|requests being moved|||E4|E4|generator|generator|nan|nan|0|0|RPR00000279|na|0|0|0|0|0|0
2025-05-06 20:50:40.329667|1999-04-11 13:47:14|2413.7871983161813|Eurkea Port|requests moved to port|at-port repair can now proceed||E4|E4|hydraulic_system|hydraulic_system|nan|nan|0|0|RPR00000045|na|0|0|0|0|0|0
2025-05-06 20:50:40.329667|1999-04-11 13:47:14|2413.7871983161813|Eurkea Port|requests moved to port|at-port repair can now proceed||E4|E4|supporting_structure|supporting_structure|nan|nan|0|0|MNT00000081|na|0|0|0|0|0|0
2025-05-06 20:50:40.329667|1999-04-11 13:47:14|2413.7871983161813|Eurkea Port|requests moved to port|at-port repair can now proceed||E4|E4|supporting_structure|supporting_structure|nan|nan|0|0|MNT00000082|na|0|0|0|0|0|0
2025-05-06 20:50:40.329667|1999-04-11 13:47:14|2413.7871983161813|Eurkea Port|requests moved to port|at-port repair can now proceed||E4|E4|generator|generator|nan|nan|0|0|RPR00000279|na|0|0|0|0|0|0
2025-05-06 20:50:40.329667|1999-04-11 13:47:14|2413.7871983161813|Eurkea Port|repair|minor pitch system repair|repair|E4|E4|hydraulic_system|hydraulic_system|0|0|8.212777777777777|0|RPR00000045|port|0|0.0|0.0|0.0|0.0|0.0
2025-05-06 20:50:40.332195|1999-04-11 22:00:00|2421.999976093959|Eurkea Port|delay|minor pitch system repair|end of shift; will resume work in the next shift|E4|E4|hydraulic_system|hydraulic_system|0|0|8.0|0|RPR00000045|port|0|0.0|0.0|0.0|0.0|0.0
2025-05-06 20:50:40.334198|1999-04-12 06:00:00|2429.999976093959|Eurkea Port|repair|minor pitch system repair|repair|E4|E4|hydraulic_system|hydraulic_system|0|0|9.787222222222223|0|RPR00000045|port|0|0.0|0.0|0.0|0.0|0.0
2025-05-06 20:50:40.335203|1999-04-12 06:33:09|2430.5524463281436|hydraulic_system|repair request|minor pitch system repair|severity level 1|F1|F1|hydraulic_system|hydraulic_system|1.0|1.0|0|0|RPR00000280|na|0|0|0|0|0|0
2025-05-06 20:50:40.338201|1999-04-12 15:47:14|2439.7871983161813|Eurkea Port|repair complete|minor pitch system repair|complete|E4||hydraulic_system|hydraulic_system|0|0|0|0|RPR00000045|na|500.0|0|0|0|0|500.0
2025-05-06 20:50:40.338201|1999-04-12 15:47:14|2439.7871983161813|Eurkea Port|maintenance|structural annual inspection|maintenance|E4|E4|supporting_structure|supporting_structure|0|0|6.212777777777777|0|MNT00000081|port|0|0.0|0.0|0.0|0.0|0.0
2025-05-06 20:50:40.341199|1999-04-12 22:00:00|2445.999976093959|Eurkea Port|delay|structural annual inspection|end of shift; will resume work in the next shift|E4|E4|supporting_structure|supporting_structure|0|0|8.0|0|MNT00000081|port|0|0.0|0.0|0.0|0.0|0.0
2025-05-06 20:50:40.343659|1999-04-13 06:00:00|2453.999976093959|Eurkea Port|maintenance|structural annual inspection|maintenance|E4|E4|supporting_structure|supporting_structure|0|0|16.0|0|MNT00000081|port|0|0.0|0.0|0.0|0.0|0.0
2025-05-06 20:50:40.345657|1999-04-13 21:23:20|2469.3886993023234|hydraulic_system|repair request|minor pitch system repair|severity level 1|E7|E7|hydraulic_system|hydraulic_system|1.0|1.0|0|0|RPR00000281|na|0|0|0|0|0|0
2025-05-06 20:50:40.346656|1999-04-13 22:00:00|2469.999976093959|Eurkea Port|delay|structural annual inspection|end of shift; will resume work in the next shift|E4|E4|supporting_structure|supporting_structure|0|0|8.0|0|MNT00000081|port|0|0.0|0.0|0.0|0.0|0.0
2025-05-06 20:50:40.348664|1999-04-14 06:00:00|2477.999976093959|Eurkea Port|maintenance|structural annual inspection|maintenance|E4|E4|supporting_structure|supporting_structure|0|0|1.7872222222222227|0|MNT00000081|port|0|0.0|0.0|0.0|0.0|0.0
2025-05-06 20:50:40.348664|1999-04-14 07:47:14|2479.7871983161813|Eurkea Port|maintenance complete|structural annual inspection|complete|E4||supporting_structure|supporting_structure|0|0|0|0|MNT00000081|na|600.0|0|0|0|0|600.0
2025-05-06 20:50:40.348664|1999-04-14 07:47:14|2479.7871983161813|Eurkea Port|maintenance|structural subsea inspection|maintenance|E4|E4|supporting_structure|supporting_structure|0|0|6.0|0|MNT00000082|port|0|0.0|0.0|0.0|0.0|0.0
2025-05-06 20:50:40.350177|1999-04-14 13:47:14|2485.7871983161813|Eurkea Port|maintenance complete|structural subsea inspection|complete|E4||supporting_structure|supporting_structure|0|0|0|0|MNT00000082|na|500.0|0|0|0|0|500.0
2025-05-06 20:50:40.350177|1999-04-14 13:47:14|2485.7871983161813|Eurkea Port|repair|direct drive generator major replacement|repair|E4|E4|generator|generator|0|0|8.212777777777777|0|RPR00000279|port|0|0.0|0.0|0.0|0.0|0.0
2025-05-06 20:50:40.352193|1999-04-14 22:00:00|2493.999976093959|Eurkea Port|delay|direct drive generator major replacement|end of shift; will resume work in the next shift|E4|E4|generator|generator|0|0|8.0|0|RPR00000279|port|0|0.0|0.0|0.0|0.0|0.0
2025-05-06 20:50:40.353186|1999-04-15 06:00:00|2501.999976093959|Eurkea Port|repair|direct drive generator major replacement|repair|E4|E4|generator|generator|0|0|16.0|0|RPR00000279|port|0|0.0|0.0|0.0|0.0|0.0
2025-05-06 20:50:40.356182|1999-04-15 15:43:50|2511.730540268103|electrical_system|repair request|power converter major repair|severity level 2|B4|B4|electrical_system|electrical_system|1.0|1.0|0|0|RPR00000282|na|0|0|0|0|0|0
2025-05-06 20:50:40.358186|1999-04-15 15:44:07|2511.7352624903256|Tugboat 2|traveling|power converter major repair|traveling from port to site|B4|B4|||0|0|0.0|0.0|RPR00000282|enroute|0|0|0.0|0.0|0.0|0.0
2025-05-06 20:50:40.358186|1999-04-15 15:44:07|2511.7352624903256|Tugboat 2|complete travel|power converter major repair|arrived at B4|B4|B4|||0|0|0|0|RPR00000282|site|0|0|0|0|0|0
2025-05-06 20:50:40.360183|1999-04-15 15:44:07|2511.7352624903256|Tugboat 2|unmooring|power converter major repair|Unmooring B4 to tow to port|B4|B4|||0.0|0|2.0|0|RPR00000282|system|0|0.0|0.0|0.0|0.0|0.0
2025-05-06 20:50:40.361183|1999-04-15 17:44:07|2513.7352624903256|Tugboat 2|complete unmooring|power converter major repair|complete|B4|B4|||0.0|0|0|0|RPR00000282|na|0|0|0|0|0|0
2025-05-06 20:50:40.361183|1999-04-15 17:44:07|2513.7352624903256|Tugboat 2|towing|towing turbine to port||B4|B4|||0|0|0|0.0|RPR00000282|enroute|0|0.0|0.0|0.0|0.0|0.0
2025-05-06 20:50:40.361183|1999-04-15 17:44:07|2513.7352624903256|Tugboat 2|complete towing|towing turbine to port|complete|B4|B4|||0|0|0|0|RPR00000282|port|0|0.0|0.0|0.0|0.0|0.0
2025-05-06 20:50:40.361183|1999-04-15 17:44:07|2513.7352624903256|Eurkea Port|requests being moved|||B4|B4|electrical_system|electrical_system|nan|nan|0|0|RPR00000282|na|0|0|0|0|0|0
2025-05-06 20:50:40.361183|1999-04-15 17:44:07|2513.7352624903256|Eurkea Port|requests moved to port|at-port repair can now proceed||B4|B4|electrical_system|electrical_system|nan|nan|0|0|RPR00000282|na|0|0|0|0|0|0
2025-05-06 20:50:40.362289|1999-04-15 17:44:07|2513.7352624903256|Eurkea Port|repair|power converter major repair|repair|B4|B4|electrical_system|electrical_system|0|0|4.264722222222222|0|RPR00000282|port|0|0.0|0.0|0.0|0.0|0.0
2025-05-06 20:50:40.363290|1999-04-15 22:00:00|2517.999976093959|Eurkea Port|delay|direct drive generator major replacement|end of shift; will resume work in the next shift|E4|E4|generator|generator|0|0|8.0|0|RPR00000279|port|0|0.0|0.0|0.0|0.0|0.0
2025-05-06 20:50:40.363290|1999-04-15 22:00:00|2517.9999847125478|Eurkea Port|delay|power converter major repair|end of shift; will resume work in the next shift|B4|B4|electrical_system|electrical_system|0|0|8.0|0|RPR00000282|port|0|0.0|0.0|0.0|0.0|0.0
2025-05-06 20:50:40.364327|1999-04-16 00:00:14|2520.0036111111112|Diving Support Vessel 1|mobilization|Diving Support Vessel 1 has arrived on site|mobilization|||||0|0|0|0|na|site|0|0|0|0|225000.0|225000.0
2025-05-06 20:50:40.364327|1999-04-16 00:00:14|2520.0036111111112|Diving Support Vessel 1|traveling|export cable subsea inspection|traveling from system to port|cable::OSS::OSS|export cable|cable::OSS::OSS|export cable|1.0|1.0|0.0|0.0|MNT00000255|enroute|0|0|0.0|0.0|0.0|0.0
2025-05-06 20:50:40.364327|1999-04-16 00:00:14|2520.0036111111112|Diving Support Vessel 1|complete travel|export cable subsea inspection|arrived at port|cable::OSS::OSS|export cable|cable::OSS::OSS|export cable|1.0|1.0|0|0|MNT00000255|port|0|0|0|0|0|0
2025-05-06 20:50:40.364327|1999-04-16 00:00:14|2520.0036111111112|Diving Support Vessel 1|delay|export cable subsea inspection|work shift has ended; waiting for next shift to start|cable::OSS::OSS|export cable|cable::OSS::OSS|export cable|1.0|1.0|5.9961111111111105|0|MNT00000255|port|0|0.0|0.0|0.0|18737.84722222222|18737.84722222222
2025-05-06 20:50:40.365331|1999-04-16 06:00:00|2525.9997222222223|Diving Support Vessel 1|traveling|export cable subsea inspection|traveling from None to cable::OSS::OSS|cable::OSS::OSS|export cable|cable::OSS::OSS|export cable|1.0|1.0|0.0|0.0|MNT00000255|enroute|0|0|0.0|0.0|0.0|0.0
2025-05-06 20:50:40.365331|1999-04-16 06:00:00|2525.9997222222223|Diving Support Vessel 1|complete travel|export cable subsea inspection|arrived at cable::OSS::OSS|cable::OSS::OSS|export cable|cable::OSS::OSS|export cable|1.0|1.0|0|0|MNT00000255|system|0|0|0|0|0|0
2025-05-06 20:50:40.366331|1999-04-16 06:00:00|2525.9997222222223|Diving Support Vessel 1|delay|export cable subsea inspection|weather delay|cable::OSS::OSS|export cable|cable::OSS::OSS|export cable|1.0|1.0|1.0|0|MNT00000255|system|0|0|0.0|0.0|3125.0|3125.0
2025-05-06 20:50:40.366331|1999-04-16 06:00:00|2525.999976093959|Eurkea Port|repair|direct drive generator major replacement|repair|E4|E4|generator|generator|0|0|16.0|0|RPR00000279|port|0|0.0|0.0|0.0|0.0|0.0
2025-05-06 20:50:40.366331|1999-04-16 06:00:00|2525.9999847125478|Eurkea Port|repair|power converter major repair|repair|B4|B4|electrical_system|electrical_system|0|0|16.0|0|RPR00000282|port|0|0.0|0.0|0.0|0.0|0.0
2025-05-06 20:50:40.367331|1999-04-16 07:00:00|2526.9997222222223|Diving Support Vessel 1|transferring crew|export cable subsea inspection|transferring crew from Diving Support Vessel 1 to cable::OSS::OSS|cable::OSS::OSS|export cable|cable::OSS::OSS|export cable|1.0|1.0|0.25|0|MNT00000255|system|0|0.0|0.0|0.0|781.25|781.25
2025-05-06 20:50:40.367331|1999-04-16 07:15:00|2527.2497222222223|Diving Support Vessel 1|complete transfer|export cable subsea inspection|complete|cable::OSS::OSS|export cable|cable::OSS::OSS|export cable|1.0|1.0|0|0|MNT00000255|system|0|0|0|0|0|0
2025-05-06 20:50:40.368333|1999-04-16 07:15:00|2527.2497222222223|Diving Support Vessel 1|maintenance|export cable subsea inspection|maintenance|cable::OSS::OSS|export cable|cable::OSS::OSS|export cable|1.0|1.0|12.0|0|MNT00000255|system|0|0.0|0.0|0.0|37500.0|37500.0
2025-05-06 20:50:40.370333|1999-04-16 18:40:42|2538.678317180649|electrical_system|repair request|power converter minor repair|severity level 1|D7|D7|electrical_system|electrical_system|1.0|1.0|0|0|RPR00000283|na|0|0|0|0|0|0
2025-05-06 20:50:40.371331|1999-04-16 19:15:00|2539.2497222222223|Diving Support Vessel 1|transferring crew|export cable subsea inspection|transferring crew from cable::OSS::OSS to Diving Support Vessel 1|cable::OSS::OSS|export cable|cable::OSS::OSS|export cable|1.0|1.0|0.25|0|MNT00000255|system|0|0.0|0.0|0.0|781.25|781.25
2025-05-06 20:50:40.371331|1999-04-16 19:30:00|2539.4997222222223|Diving Support Vessel 1|complete transfer|export cable subsea inspection|complete|cable::OSS::OSS|export cable|cable::OSS::OSS|export cable|1.0|1.0|0|0|MNT00000255|system|0|0|0|0|0|0
2025-05-06 20:50:40.371331|1999-04-16 19:30:00|2539.4997222222223|Diving Support Vessel 1|maintenance complete|export cable subsea inspection|complete|cable::OSS::OSS|export cable|cable::OSS::OSS|export cable|1.0|1.0|0|0|MNT00000255|system|500.0|0|0|0|0|500.0
2025-05-06 20:50:40.372425|1999-04-16 19:30:00|2539.4997222222223|Diving Support Vessel 1|traveling|structural subsea inspection|traveling from cable::OSS::OSS to B6|B6|B6|supporting_structure|supporting_structure|1.0|1.0|0.12588116182567516|3.729858824894755|MNT00000073|enroute|0|0|0.0|0.0|393.37863070523485|393.37863070523485
2025-05-06 20:50:40.372425|1999-04-16 19:37:33|2539.625603384048|Diving Support Vessel 1|complete travel|structural subsea inspection|arrived at B6|B6|B6|supporting_structure|supporting_structure|1.0|1.0|0|0|MNT00000073|system|0|0|0|0|0|0
2025-05-06 20:50:40.373430|1999-04-16 19:37:33|2539.625603384048|Diving Support Vessel 1|transferring crew|structural subsea inspection|transferring crew from Diving Support Vessel 1 to B6|B6|B6|supporting_structure|supporting_structure|0.0|1.0|0.25|0|MNT00000073|system|0|0.0|0.0|0.0|781.25|781.25
2025-05-06 20:50:40.373430|1999-04-16 19:52:33|2539.875603384048|Diving Support Vessel 1|complete transfer|structural subsea inspection|complete|B6|B6|supporting_structure|supporting_structure|0.0|1.0|0|0|MNT00000073|system|0|0|0|0|0|0
2025-05-06 20:50:40.373430|1999-04-16 19:52:33|2539.875603384048|Diving Support Vessel 1|maintenance|structural subsea inspection|maintenance|B6|B6|supporting_structure|supporting_structure|0.0|1.0|1.8741666666666665|0|MNT00000073|system|0|0.0|0.0|0.0|5856.770833333333|5856.770833333333
2025-05-06 20:50:40.375427|1999-04-16 21:45:00|2541.7497700507147|Diving Support Vessel 1|transferring crew|structural subsea inspection|transferring crew from B6 to Diving Support Vessel 1|B6|B6|supporting_structure|supporting_structure|0.0|1.0|0.25|0|MNT00000073|system|0|0.0|0.0|0.0|781.25|781.25
2025-05-06 20:50:40.375427|1999-04-16 22:00:00|2541.9997700507147|Diving Support Vessel 1|complete transfer|structural subsea inspection|complete|B6|B6|supporting_structure|supporting_structure|0.0|1.0|0|0|MNT00000073|system|0|0|0|0|0|0
2025-05-06 20:50:40.376438|1999-04-16 22:00:00|2541.9997700507147|Diving Support Vessel 1|traveling|structural subsea inspection|traveling from site to port|B6|B6|supporting_structure|supporting_structure|0.0|1.0|2.788497691619176|53.0|MNT00000073|enroute|0|0|0.0|0.0|8714.055286309926|8714.055286309926
2025-05-06 20:50:40.376438|1999-04-16 22:00:00|2541.999976093959|Eurkea Port|delay|direct drive generator major replacement|end of shift; will resume work in the next shift|E4|E4|generator|generator|0|0|8.0|0|RPR00000279|port|0|0.0|0.0|0.0|0.0|0.0
2025-05-06 20:50:40.377429|1999-04-16 22:00:00|2541.9999847125478|Eurkea Port|delay|power converter major repair|end of shift; will resume work in the next shift|B4|B4|electrical_system|electrical_system|0|0|8.0|0|RPR00000282|port|0|0.0|0.0|0.0|0.0|0.0
2025-05-06 20:50:40.378437|1999-04-17 00:47:18|2544.788267742334|Diving Support Vessel 1|complete travel|structural subsea inspection|arrived at port|B6|B6|supporting_structure|supporting_structure|0.0|1.0|0|0|MNT00000073|port|0|0|0|0|0|0
2025-05-06 20:50:40.378437|1999-04-17 00:47:18|2544.788267742334|Diving Support Vessel 1|delay|structural subsea inspection|work shift has ended; waiting for next shift to start|B6|B6|supporting_structure|supporting_structure|0.0|1.0|5.211666666666667|0|MNT00000073|port|0|0.0|0.0|0.0|16286.458333333334|16286.458333333334
2025-05-06 20:50:40.381933|1999-04-17 06:00:00|2549.9999344090006|Diving Support Vessel 1|traveling|structural subsea inspection|traveling from port to site|B6|B6|supporting_structure|supporting_structure|0.0|1.0|2.788662049905105|53.0|MNT00000073|enroute|0|0|0.0|0.0|8714.568905953452|8714.568905953452
2025-05-06 20:50:40.381933|1999-04-17 06:00:00|2549.999976093959|Eurkea Port|repair|direct drive generator major replacement|repair|E4|E4|generator|generator|0|0|16.0|0|RPR00000279|port|0|0.0|0.0|0.0|0.0|0.0
2025-05-06 20:50:40.381933|1999-04-17 06:00:00|2549.9999847125478|Eurkea Port|repair|power converter major repair|repair|B4|B4|electrical_system|electrical_system|0|0|7.735277777777778|0|RPR00000282|port|0|0.0|0.0|0.0|0.0|0.0
2025-05-06 20:50:40.383941|1999-04-17 08:47:19|2552.788596458906|Diving Support Vessel 1|complete travel|structural subsea inspection|arrived at B6|B6|B6|supporting_structure|supporting_structure|0.0|1.0|0|0|MNT00000073|site|0|0|0|0|0|0
2025-05-06 20:50:40.383941|1999-04-17 08:47:19|2552.788596458906|Diving Support Vessel 1|transferring crew|structural subsea inspection|transferring crew from Diving Support Vessel 1 to B6|B6|B6|supporting_structure|supporting_structure|0.0|1.0|0.25|0|MNT00000073|system|0|0.0|0.0|0.0|781.25|781.25
2025-05-06 20:50:40.384941|1999-04-17 09:02:19|2553.038596458906|Diving Support Vessel 1|complete transfer|structural subsea inspection|complete|B6|B6|supporting_structure|supporting_structure|0.0|1.0|0|0|MNT00000073|system|0|0|0|0|0|0
2025-05-06 20:50:40.384941|1999-04-17 09:02:19|2553.038596458906|Diving Support Vessel 1|maintenance|structural subsea inspection|maintenance|B6|B6|supporting_structure|supporting_structure|0.0|1.0|4.1258333333333335|0|MNT00000073|system|0|0.0|0.0|0.0|12893.229166666668|12893.229166666668
2025-05-06 20:50:40.386941|1999-04-17 13:09:52|2557.1644297922394|Diving Support Vessel 1|transferring crew|structural subsea inspection|transferring crew from B6 to Diving Support Vessel 1|B6|B6|supporting_structure|supporting_structure|0.0|1.0|0.25|0|MNT00000073|system|0|0.0|0.0|0.0|781.25|781.25
2025-05-06 20:50:40.386941|1999-04-17 13:24:52|2557.4144297922394|Diving Support Vessel 1|complete transfer|structural subsea inspection|complete|B6|B6|supporting_structure|supporting_structure|0.0|1.0|0|0|MNT00000073|system|0|0|0|0|0|0
2025-05-06 20:50:40.387941|1999-04-17 13:24:52|2557.4144297922394|Diving Support Vessel 1|maintenance complete|structural subsea inspection|complete|B6|B6|supporting_structure|supporting_structure|1.0|1.0|0|0|MNT00000073|system|500.0|0|0|0|0|500.0
2025-05-06 20:50:40.389941|1999-04-17 13:24:52|2557.4144297922394|Diving Support Vessel 1|traveling|structural subsea inspection|traveling from B6 to B5|B5|B5|supporting_structure|supporting_structure|1.0|1.0|0.07714991063672899|2.28595185216628|MNT00000076|enroute|0|0|0.0|0.0|241.0934707397781|241.0934707397781
2025-05-06 20:50:40.391446|1999-04-17 13:29:30|2557.491579702876|Diving Support Vessel 1|complete travel|structural subsea inspection|arrived at B5|B5|B5|supporting_structure|supporting_structure|1.0|1.0|0|0|MNT00000076|system|0|0|0|0|0|0
2025-05-06 20:50:40.393455|1999-04-17 13:29:30|2557.491579702876|Diving Support Vessel 1|transferring crew|structural subsea inspection|transferring crew from Diving Support Vessel 1 to B5|B5|B5|supporting_structure|supporting_structure|0.0|1.0|0.25|0|MNT00000076|system|0|0.0|0.0|0.0|781.25|781.25
2025-05-06 20:50:40.393455|1999-04-17 13:44:07|2557.7352624903256|Eurkea Port|repair complete|power converter major repair|complete|B4||electrical_system|electrical_system|0|0|0|0|RPR00000282|na|7000.0|0|0|0|0|7000.0
2025-05-06 20:50:40.394458|1999-04-17 13:44:07|2557.7352624903256|Tugboat 1|towing|towing turbine back to site||B4|B4|||0|0|0|0.0|RPR00000282|enroute|0|0.0|0.0|0.0|0.0|0.0
2025-05-06 20:50:40.394458|1999-04-17 13:44:07|2557.7352624903256|Tugboat 1|complete towing|towing turbine back to site|complete|B4|B4|||0|0|0|0|RPR00000282|site|0|0.0|0.0|0.0|0.0|0.0
2025-05-06 20:50:40.394458|1999-04-17 13:44:07|2557.7352624903256|Tugboat 1|mooring reconnection|power converter major repair|Reconnecting the mooring to B4|B4|B4|||0.0|0|4.0|0|RPR00000282|system|0|0.0|0.0|0.0|0.0|0.0
2025-05-06 20:50:40.394458|1999-04-17 13:44:30|2557.741579702876|Diving Support Vessel 1|complete transfer|structural subsea inspection|complete|B5|B5|supporting_structure|supporting_structure|0.0|1.0|0|0|MNT00000076|system|0|0|0|0|0|0
2025-05-06 20:50:40.395458|1999-04-17 13:44:30|2557.741579702876|Diving Support Vessel 1|maintenance|structural subsea inspection|maintenance|B5|B5|supporting_structure|supporting_structure|0.0|1.0|6.0|0|MNT00000076|system|0|0.0|0.0|0.0|18750.0|18750.0
2025-05-06 20:50:40.396454|1999-04-17 16:13:39|2560.2273043620826|electrical_system|repair request|power converter major repair|severity level 2|b|b|electrical_system|electrical_system|1.0|1.0|0|0|RPR00000284|na|0|0|0|0|0|0
2025-05-06 20:50:40.399454|1999-04-17 16:13:58|2560.2325821398604|Tugboat 2|traveling|power converter major repair|traveling from port to site|b|b|||0|0|0.0|0.0|RPR00000284|enroute|0|0|0.0|0.0|0.0|0.0
2025-05-06 20:50:40.399454|1999-04-17 16:13:58|2560.2325821398604|Tugboat 2|complete travel|power converter major repair|arrived at b|b|b|||0|0|0|0|RPR00000284|site|0|0|0|0|0|0
2025-05-06 20:50:40.401100|1999-04-17 16:13:58|2560.2325821398604|Tugboat 2|delay|power converter major repair|weather delay|b|b|||0.0|0|1.7672222222222222|0|RPR00000284|site|0|0|0.0|0.0|0.0|0.0
2025-05-06 20:50:40.402159|1999-04-17 17:44:07|2561.7352624903256|Tugboat 1|complete mooring reconnection|power converter major repair|complete|B4|B4|||0.0|0|0|0|RPR00000282|na|0|0|0|0|0|0
2025-05-06 20:50:40.406184|1999-04-17 17:44:07|2561.7352624903256|Tugboat 1|traveling|traveling back to port after returning turbine|traveling from site to port|B4|B4|||0|0|0.0|0.0|RPR00000282|enroute|0|0|0.0|0.0|0.0|0.0
2025-05-06 20:50:40.406184|1999-04-17 17:44:07|2561.7352624903256|Tugboat 1|complete travel|traveling back to port after returning turbine|arrived at port|B4|B4|||0|0|0|0|RPR00000282|port|0|0|0|0|0|0
2025-05-06 20:50:40.409184|1999-04-17 18:00:00|2561.9998043620826|Tugboat 2|delay|power converter major repair|weather unsuitable for unmooring|b|b|||0.0|0|12.0|0|RPR00000284|site|0|0.0|0.0|0.0|0.0|0.0
2025-05-06 20:50:40.410104|1999-04-17 19:44:30|2563.741579702876|Diving Support Vessel 1|transferring crew|structural subsea inspection|transferring crew from B5 to Diving Support Vessel 1|B5|B5|supporting_structure|supporting_structure|0.0|1.0|0.25|0|MNT00000076|system|0|0.0|0.0|0.0|781.25|781.25
2025-05-06 20:50:40.410104|1999-04-17 19:59:30|2563.991579702876|Diving Support Vessel 1|complete transfer|structural subsea inspection|complete|B5|B5|supporting_structure|supporting_structure|0.0|1.0|0|0|MNT00000076|system|0|0|0|0|0|0
2025-05-06 20:50:40.411103|1999-04-17 19:59:30|2563.991579702876|Diving Support Vessel 1|maintenance complete|structural subsea inspection|complete|B5|B5|supporting_structure|supporting_structure|1.0|1.0|0|0|MNT00000076|system|500.0|0|0|0|0|500.0
2025-05-06 20:50:40.412604|1999-04-17 19:59:30|2563.991579702876|Diving Support Vessel 1|traveling|structural subsea inspection|traveling from B5 to C5|C5|C5|supporting_structure|supporting_structure|1.0|1.0|0.05742707598900284|1.701564261554154|MNT00000079|enroute|0|0|0.0|0.0|179.45961246563388|179.45961246563388
2025-05-06 20:50:40.413608|1999-04-17 20:02:57|2564.049006778865|Diving Support Vessel 1|complete travel|structural subsea inspection|arrived at C5|C5|C5|supporting_structure|supporting_structure|1.0|1.0|0|0|MNT00000079|system|0|0|0|0|0|0
2025-05-06 20:50:40.414608|1999-04-17 20:02:57|2564.049006778865|Diving Support Vessel 1|transferring crew|structural subsea inspection|transferring crew from Diving Support Vessel 1 to C5|C5|C5|supporting_structure|supporting_structure|0.0|1.0|0.25|0|MNT00000079|system|0|0.0|0.0|0.0|781.25|781.25
2025-05-06 20:50:40.414608|1999-04-17 20:17:57|2564.299006778865|Diving Support Vessel 1|complete transfer|structural subsea inspection|complete|C5|C5|supporting_structure|supporting_structure|0.0|1.0|0|0|MNT00000079|system|0|0|0|0|0|0
2025-05-06 20:50:40.415607|1999-04-17 20:17:57|2564.299006778865|Diving Support Vessel 1|maintenance|structural subsea inspection|maintenance|C5|C5|supporting_structure|supporting_structure|0.0|1.0|1.4508333333333332|0|MNT00000079|system|0|0.0|0.0|0.0|4533.854166666666|4533.854166666666
2025-05-06 20:50:40.415607|1999-04-17 21:45:00|2565.7498401121984|Diving Support Vessel 1|transferring crew|structural subsea inspection|transferring crew from C5 to Diving Support Vessel 1|C5|C5|supporting_structure|supporting_structure|0.0|1.0|0.25|0|MNT00000079|system|0|0.0|0.0|0.0|781.25|781.25
2025-05-06 20:50:40.415607|1999-04-17 22:00:00|2565.9998401121984|Diving Support Vessel 1|complete transfer|structural subsea inspection|complete|C5|C5|supporting_structure|supporting_structure|0.0|1.0|0|0|MNT00000079|system|0|0|0|0|0|0
2025-05-06 20:50:40.416610|1999-04-17 22:00:00|2565.9998401121984|Diving Support Vessel 1|traveling|structural subsea inspection|traveling from site to port|C5|C5|supporting_structure|supporting_structure|0.0|1.0|2.7885677531028876|53.0|MNT00000079|enroute|0|0|0.0|0.0|8714.274228446524|8714.274228446524
2025-05-06 20:50:40.416610|1999-04-17 22:00:00|2565.999976093959|Eurkea Port|delay|direct drive generator major replacement|end of shift; will resume work in the next shift|E4|E4|generator|generator|0|0|8.0|0|RPR00000279|port|0|0.0|0.0|0.0|0.0|0.0
2025-05-06 20:50:40.417608|1999-04-18 00:47:19|2568.7884078653015|Diving Support Vessel 1|complete travel|structural subsea inspection|arrived at port|C5|C5|supporting_structure|supporting_structure|0.0|1.0|0|0|MNT00000079|port|0|0|0|0|0|0
2025-05-06 20:50:40.417608|1999-04-18 00:47:19|2568.7884078653015|Diving Support Vessel 1|delay|structural subsea inspection|work shift has ended; waiting for next shift to start|C5|C5|supporting_structure|supporting_structure|0.0|1.0|5.211388888888889|0|MNT00000079|port|0|0.0|0.0|0.0|16285.59027777778|16285.59027777778
2025-05-06 20:50:40.418610|1999-04-18 06:00:00|2573.9997967541904|Diving Support Vessel 1|traveling|structural subsea inspection|traveling from port to site|C5|C5|supporting_structure|supporting_structure|0.0|1.0|2.788524395094845|53.0|MNT00000079|enroute|0|0|0.0|0.0|8714.138734671391|8714.138734671391
2025-05-06 20:50:40.419608|1999-04-18 06:00:00|2573.9998043620826|Tugboat 2|delay|power converter major repair|weather delay|b|b|||0.0|0|1.0|0|RPR00000284|site|0|0|0.0|0.0|0.0|0.0
2025-05-06 20:50:40.419608|1999-04-18 06:00:00|2573.999976093959|Eurkea Port|repair|direct drive generator major replacement|repair|E4|E4|generator|generator|0|0|16.0|0|RPR00000279|port|0|0.0|0.0|0.0|0.0|0.0
2025-05-06 20:50:40.419608|1999-04-18 07:00:00|2574.9998043620826|Tugboat 2|unmooring|power converter major repair|Unmooring b to tow to port|b|b|||0.0|0|2.0|0|RPR00000284|system|0|0.0|0.0|0.0|0.0|0.0
2025-05-06 20:50:40.419608|1999-04-18 08:47:18|2576.7883211492854|Diving Support Vessel 1|complete travel|structural subsea inspection|arrived at C5|C5|C5|supporting_structure|supporting_structure|0.0|1.0|0|0|MNT00000079|site|0|0|0|0|0|0
2025-05-06 20:50:40.419608|1999-04-18 08:47:18|2576.7883211492854|Diving Support Vessel 1|transferring crew|structural subsea inspection|transferring crew from Diving Support Vessel 1 to C5|C5|C5|supporting_structure|supporting_structure|0.0|1.0|0.25|0|MNT00000079|system|0|0.0|0.0|0.0|781.25|781.25
2025-05-06 20:50:40.419608|1999-04-18 09:00:00|2576.9998043620826|Tugboat 2|complete unmooring|power converter major repair|complete|b|b|||0.0|0|0|0|RPR00000284|na|0|0|0|0|0|0
2025-05-06 20:50:40.419608|1999-04-18 09:00:00|2576.9998043620826|Tugboat 2|towing|towing turbine to port||b|b|||0|0|0|0.0|RPR00000284|enroute|0|0.0|0.0|0.0|0.0|0.0
2025-05-06 20:50:40.419608|1999-04-18 09:00:00|2576.9998043620826|Tugboat 2|complete towing|towing turbine to port|complete|b|b|||0|0|0|0|RPR00000284|port|0|0.0|0.0|0.0|0.0|0.0
2025-05-06 20:50:40.419608|1999-04-18 09:00:00|2576.9998043620826|Eurkea Port|requests being moved|||b|b|generator|generator|nan|nan|0|0|MNT00000248|na|0|0|0|0|0|0
2025-05-06 20:50:40.421113|1999-04-18 09:00:00|2576.9998043620826|Eurkea Port|requests being moved|||b|b|supporting_structure|supporting_structure|nan|nan|0|0|MNT00000249|na|0|0|0|0|0|0
2025-05-06 20:50:40.421113|1999-04-18 09:00:00|2576.9998043620826|Eurkea Port|requests being moved|||b|b|supporting_structure|supporting_structure|nan|nan|0|0|MNT00000250|na|0|0|0|0|0|0
2025-05-06 20:50:40.421113|1999-04-18 09:00:00|2576.9998043620826|Eurkea Port|requests being moved|||b|b|electrical_system|electrical_system|nan|nan|0|0|RPR00000284|na|0|0|0|0|0|0
2025-05-06 20:50:40.421113|1999-04-18 09:00:00|2576.9998043620826|Eurkea Port|requests moved to port|at-port repair can now proceed||b|b|generator|generator|nan|nan|0|0|MNT00000248|na|0|0|0|0|0|0
2025-05-06 20:50:40.421113|1999-04-18 09:00:00|2576.9998043620826|Eurkea Port|requests moved to port|at-port repair can now proceed||b|b|supporting_structure|supporting_structure|nan|nan|0|0|MNT00000249|na|0|0|0|0|0|0
2025-05-06 20:50:40.421113|1999-04-18 09:00:00|2576.9998043620826|Eurkea Port|requests moved to port|at-port repair can now proceed||b|b|supporting_structure|supporting_structure|nan|nan|0|0|MNT00000250|na|0|0|0|0|0|0
2025-05-06 20:50:40.421113|1999-04-18 09:00:00|2576.9998043620826|Eurkea Port|requests moved to port|at-port repair can now proceed||b|b|electrical_system|electrical_system|nan|nan|0|0|RPR00000284|na|0|0|0|0|0|0
2025-05-06 20:50:40.421113|1999-04-18 09:00:00|2576.9998043620826|Eurkea Port|maintenance|annual turbine inspection|maintenance|b|b|generator|generator|0|0|13.0|0|MNT00000248|port|0|0.0|0.0|0.0|0.0|0.0
2025-05-06 20:50:40.421113|1999-04-18 09:02:18|2577.0383211492854|Diving Support Vessel 1|complete transfer|structural subsea inspection|complete|C5|C5|supporting_structure|supporting_structure|0.0|1.0|0|0|MNT00000079|system|0|0|0|0|0|0
2025-05-06 20:50:40.422116|1999-04-18 09:02:18|2577.0383211492854|Diving Support Vessel 1|maintenance|structural subsea inspection|maintenance|C5|C5|supporting_structure|supporting_structure|0.0|1.0|4.549166666666666|0|MNT00000079|system|0|0.0|0.0|0.0|14216.145833333332|14216.145833333332
2025-05-06 20:50:40.423117|1999-04-18 13:35:15|2581.587487815952|Diving Support Vessel 1|transferring crew|structural subsea inspection|transferring crew from C5 to Diving Support Vessel 1|C5|C5|supporting_structure|supporting_structure|0.0|1.0|0.25|0|MNT00000079|system|0|0.0|0.0|0.0|781.25|781.25
2025-05-06 20:50:40.423117|1999-04-18 13:50:15|2581.837487815952|Diving Support Vessel 1|complete transfer|structural subsea inspection|complete|C5|C5|supporting_structure|supporting_structure|0.0|1.0|0|0|MNT00000079|system|0|0|0|0|0|0
2025-05-06 20:50:40.423117|1999-04-18 13:50:15|2581.837487815952|Diving Support Vessel 1|maintenance complete|structural subsea inspection|complete|C5|C5|supporting_structure|supporting_structure|1.0|1.0|0|0|MNT00000079|system|500.0|0|0|0|0|500.0
2025-05-06 20:50:40.425116|1999-04-18 13:50:15|2581.837487815952|Diving Support Vessel 1|traveling|structural subsea inspection|traveling from C5 to A6|A6|A6|supporting_structure|supporting_structure|1.0|1.0|0.17982076392840202|5.328089235198552|MNT00000085|enroute|0|0|0.0|0.0|561.9398872762563|561.9398872762563
2025-05-06 20:50:40.427117|1999-04-18 14:01:03|2582.0173085798806|Diving Support Vessel 1|complete travel|structural subsea inspection|arrived at A6|A6|A6|supporting_structure|supporting_structure|1.0|1.0|0|0|MNT00000085|system|0|0|0|0|0|0
2025-05-06 20:50:40.428116|1999-04-18 14:01:03|2582.0173085798806|Diving Support Vessel 1|transferring crew|structural subsea inspection|transferring crew from Diving Support Vessel 1 to A6|A6|A6|supporting_structure|supporting_structure|0.0|1.0|0.25|0|MNT00000085|system|0|0.0|0.0|0.0|781.25|781.25
2025-05-06 20:50:40.428116|1999-04-18 14:16:03|2582.2673085798806|Diving Support Vessel 1|complete transfer|structural subsea inspection|complete|A6|A6|supporting_structure|supporting_structure|0.0|1.0|0|0|MNT00000085|system|0|0|0|0|0|0
2025-05-06 20:50:40.428116|1999-04-18 14:16:03|2582.2673085798806|Diving Support Vessel 1|maintenance|structural subsea inspection|maintenance|A6|A6|supporting_structure|supporting_structure|0.0|1.0|6.0|0|MNT00000085|system|0|0.0|0.0|0.0|18750.0|18750.0
2025-05-06 20:50:40.430121|1999-04-18 17:19:55|2585.3318681703463|electrical_system|repair request|power electrical system major repair|severity level 2|C7|C7|electrical_system|electrical_system|1.0|1.0|0|0|RPR00000285|na|0|0|0|0|0|0
2025-05-06 20:50:40.432125|1999-04-18 20:16:03|2588.2673085798806|Diving Support Vessel 1|transferring crew|structural subsea inspection|transferring crew from A6 to Diving Support Vessel 1|A6|A6|supporting_structure|supporting_structure|0.0|1.0|0.25|0|MNT00000085|system|0|0.0|0.0|0.0|781.25|781.25
2025-05-06 20:50:40.432125|1999-04-18 20:31:03|2588.5173085798806|Diving Support Vessel 1|complete transfer|structural subsea inspection|complete|A6|A6|supporting_structure|supporting_structure|0.0|1.0|0|0|MNT00000085|system|0|0|0|0|0|0
2025-05-06 20:50:40.432125|1999-04-18 20:31:03|2588.5173085798806|Diving Support Vessel 1|maintenance complete|structural subsea inspection|complete|A6|A6|supporting_structure|supporting_structure|1.0|1.0|0|0|MNT00000085|system|500.0|0|0|0|0|500.0
2025-05-06 20:50:40.437133|1999-04-18 20:31:03|2588.5173085798806|Diving Support Vessel 1|traveling|structural subsea inspection|traveling from A6 to A5|A5|A5|supporting_structure|supporting_structure|1.0|1.0|0.07715200469627491|2.2860138991506256|MNT00000088|enroute|0|0|0.0|0.0|241.1000146758591|241.1000146758591
2025-05-06 20:50:40.439133|1999-04-18 20:35:41|2588.594460584577|Diving Support Vessel 1|complete travel|structural subsea inspection|arrived at A5|A5|A5|supporting_structure|supporting_structure|1.0|1.0|0|0|MNT00000088|system|0|0|0|0|0|0
2025-05-06 20:50:40.442529|1999-04-18 20:35:41|2588.594460584577|Diving Support Vessel 1|transferring crew|structural subsea inspection|transferring crew from Diving Support Vessel 1 to A5|A5|A5|supporting_structure|supporting_structure|0.0|1.0|0.25|0|MNT00000088|system|0|0.0|0.0|0.0|781.25|781.25
2025-05-06 20:50:40.442529|1999-04-18 20:50:41|2588.844460584577|Diving Support Vessel 1|complete transfer|structural subsea inspection|complete|A5|A5|supporting_structure|supporting_structure|0.0|1.0|0|0|MNT00000088|system|0|0|0|0|0|0
2025-05-06 20:50:40.442529|1999-04-18 20:50:41|2588.844460584577|Diving Support Vessel 1|maintenance|structural subsea inspection|maintenance|A5|A5|supporting_structure|supporting_structure|0.0|1.0|0.9052777777777776|0|MNT00000088|system|0|0.0|0.0|0.0|2828.993055555555|2828.993055555555
2025-05-06 20:50:40.443523|1999-04-18 21:45:00|2589.749738362355|Diving Support Vessel 1|transferring crew|structural subsea inspection|transferring crew from A5 to Diving Support Vessel 1|A5|A5|supporting_structure|supporting_structure|0.0|1.0|0.25|0|MNT00000088|system|0|0.0|0.0|0.0|781.25|781.25
2025-05-06 20:50:40.443523|1999-04-18 22:00:00|2589.999738362355|Diving Support Vessel 1|complete transfer|structural subsea inspection|complete|A5|A5|supporting_structure|supporting_structure|0.0|1.0|0|0|MNT00000088|system|0|0|0|0|0|0
2025-05-06 20:50:40.445527|1999-04-18 22:00:00|2589.999738362355|Diving Support Vessel 1|traveling|structural subsea inspection|traveling from site to port|A5|A5|supporting_structure|supporting_structure|0.0|1.0|2.7884660032594355|53.0|MNT00000088|enroute|0|0|0.0|0.0|8713.956260185736|8713.956260185736
2025-05-06 20:50:40.445527|1999-04-18 22:00:00|2589.9998043620826|Eurkea Port|delay|annual turbine inspection|end of shift; will resume work in the next shift|b|b|generator|generator|0|0|8.0|0|MNT00000248|port|0|0.0|0.0|0.0|0.0|0.0
2025-05-06 20:50:40.445527|1999-04-18 22:00:00|2589.999976093959|Eurkea Port|delay|direct drive generator major replacement|end of shift; will resume work in the next shift|E4|E4|generator|generator|0|0|8.0|0|RPR00000279|port|0|0.0|0.0|0.0|0.0|0.0
2025-05-06 20:50:40.446523|1999-04-19 00:47:18|2592.7882043656145|Diving Support Vessel 1|complete travel|structural subsea inspection|arrived at port|A5|A5|supporting_structure|supporting_structure|0.0|1.0|0|0|MNT00000088|port|0|0|0|0|0|0
2025-05-06 20:50:40.446523|1999-04-19 00:47:18|2592.7882043656145|Diving Support Vessel 1|delay|structural subsea inspection|work shift has ended; waiting for next shift to start|A5|A5|supporting_structure|supporting_structure|0.0|1.0|5.211666666666667|0|MNT00000088|port|0|0.0|0.0|0.0|16286.458333333334|16286.458333333334
2025-05-06 20:50:40.447523|1999-04-19 06:00:00|2597.9998043620826|Eurkea Port|maintenance|annual turbine inspection|maintenance|b|b|generator|generator|0|0|11.0|0|MNT00000248|port|0|0.0|0.0|0.0|0.0|0.0
2025-05-06 20:50:40.448523|1999-04-19 06:00:00|2597.999871032281|Diving Support Vessel 1|traveling|structural subsea inspection|traveling from port to site|A5|A5|supporting_structure|supporting_structure|0.0|1.0|2.7885986731856236|53.0|MNT00000088|enroute|0|0|0.0|0.0|8714.370853705073|8714.370853705073
2025-05-06 20:50:40.448523|1999-04-19 06:00:00|2597.999976093959|Eurkea Port|repair|direct drive generator major replacement|repair|E4|E4|generator|generator|0|0|16.0|0|RPR00000279|port|0|0.0|0.0|0.0|0.0|0.0
2025-05-06 20:50:40.450035|1999-04-19 08:47:19|2600.788469705467|Diving Support Vessel 1|complete travel|structural subsea inspection|arrived at A5|A5|A5|supporting_structure|supporting_structure|0.0|1.0|0|0|MNT00000088|site|0|0|0|0|0|0
2025-05-06 20:50:40.450035|1999-04-19 08:47:19|2600.788469705467|Diving Support Vessel 1|transferring crew|structural subsea inspection|transferring crew from Diving Support Vessel 1 to A5|A5|A5|supporting_structure|supporting_structure|0.0|1.0|0.25|0|MNT00000088|system|0|0.0|0.0|0.0|781.25|781.25
2025-05-06 20:50:40.450035|1999-04-19 09:02:19|2601.038469705467|Diving Support Vessel 1|complete transfer|structural subsea inspection|complete|A5|A5|supporting_structure|supporting_structure|0.0|1.0|0|0|MNT00000088|system|0|0|0|0|0|0
2025-05-06 20:50:40.450035|1999-04-19 09:02:19|2601.038469705467|Diving Support Vessel 1|maintenance|structural subsea inspection|maintenance|A5|A5|supporting_structure|supporting_structure|0.0|1.0|5.094722222222222|0|MNT00000088|system|0|0.0|0.0|0.0|15921.006944444443|15921.006944444443
2025-05-06 20:50:40.451539|1999-04-19 14:08:00|2606.133191927689|Diving Support Vessel 1|transferring crew|structural subsea inspection|transferring crew from A5 to Diving Support Vessel 1|A5|A5|supporting_structure|supporting_structure|0.0|1.0|0.25|0|MNT00000088|system|0|0.0|0.0|0.0|781.25|781.25
2025-05-06 20:50:40.451539|1999-04-19 14:23:00|2606.383191927689|Diving Support Vessel 1|complete transfer|structural subsea inspection|complete|A5|A5|supporting_structure|supporting_structure|0.0|1.0|0|0|MNT00000088|system|0|0|0|0|0|0
2025-05-06 20:50:40.452543|1999-04-19 14:23:00|2606.383191927689|Diving Support Vessel 1|maintenance complete|structural subsea inspection|complete|A5|A5|supporting_structure|supporting_structure|1.0|1.0|0|0|MNT00000088|system|500.0|0|0|0|0|500.0
2025-05-06 20:50:40.454547|1999-04-19 14:23:00|2606.383191927689|Diving Support Vessel 1|traveling|structural subsea inspection|traveling from A5 to D4|D4|D4|supporting_structure|supporting_structure|1.0|1.0|0.07715692516111698|2.286159692523896|MNT00000091|enroute|0|0|0.0|0.0|241.11539112849056|241.11539112849056
2025-05-06 20:50:40.455549|1999-04-19 14:27:38|2606.46034885285|Diving Support Vessel 1|complete travel|structural subsea inspection|arrived at D4|D4|D4|supporting_structure|supporting_structure|1.0|1.0|0|0|MNT00000091|system|0|0|0|0|0|0
2025-05-06 20:50:40.457550|1999-04-19 14:27:38|2606.46034885285|Diving Support Vessel 1|transferring crew|structural subsea inspection|transferring crew from Diving Support Vessel 1 to D4|D4|D4|supporting_structure|supporting_structure|0.0|1.0|0.25|0|MNT00000091|system|0|0.0|0.0|0.0|781.25|781.25
2025-05-06 20:50:40.457550|1999-04-19 14:42:38|2606.71034885285|Diving Support Vessel 1|complete transfer|structural subsea inspection|complete|D4|D4|supporting_structure|supporting_structure|0.0|1.0|0|0|MNT00000091|system|0|0|0|0|0|0
2025-05-06 20:50:40.458612|1999-04-19 14:42:38|2606.71034885285|Diving Support Vessel 1|maintenance|structural subsea inspection|maintenance|D4|D4|supporting_structure|supporting_structure|0.0|1.0|6.0|0|MNT00000091|system|0|0.0|0.0|0.0|18750.0|18750.0
2025-05-06 20:50:40.459547|1999-04-19 17:00:00|2608.9998043620826|Eurkea Port|maintenance complete|annual turbine inspection|complete|b||generator|generator|0|0|0|0|MNT00000248|na|1500.0|0|0|0|0|1500.0
2025-05-06 20:50:40.461052|1999-04-19 17:00:00|2608.9998043620826|Eurkea Port|maintenance|structural annual inspection|maintenance|b|b|supporting_structure|supporting_structure|0|0|5.0|0|MNT00000249|port|0|0.0|0.0|0.0|0.0|0.0
2025-05-06 20:50:40.464141|1999-04-19 20:42:38|2612.71034885285|Diving Support Vessel 1|transferring crew|structural subsea inspection|transferring crew from D4 to Diving Support Vessel 1|D4|D4|supporting_structure|supporting_structure|0.0|1.0|0.25|0|MNT00000091|system|0|0.0|0.0|0.0|781.25|781.25
2025-05-06 20:50:40.464141|1999-04-19 20:57:38|2612.96034885285|Diving Support Vessel 1|complete transfer|structural subsea inspection|complete|D4|D4|supporting_structure|supporting_structure|0.0|1.0|0|0|MNT00000091|system|0|0|0|0|0|0
2025-05-06 20:50:40.464141|1999-04-19 20:57:38|2612.96034885285|Diving Support Vessel 1|maintenance complete|structural subsea inspection|complete|D4|D4|supporting_structure|supporting_structure|1.0|1.0|0|0|MNT00000091|system|500.0|0|0|0|0|500.0
2025-05-06 20:50:40.468060|1999-04-19 20:57:38|2612.96034885285|Diving Support Vessel 1|traveling|structural subsea inspection|traveling from D4 to F3|F3|F3|supporting_structure|supporting_structure|1.0|1.0|0.05152362938132627|1.5266451385686974|MNT00000094|enroute|0|0|0.0|0.0|161.0113418166446|161.0113418166446
2025-05-06 20:50:40.469060|1999-04-19 21:00:43|2613.0118724822314|Diving Support Vessel 1|complete travel|structural subsea inspection|arrived at F3|F3|F3|supporting_structure|supporting_structure|1.0|1.0|0|0|MNT00000094|system|0|0|0|0|0|0
2025-05-06 20:50:40.471056|1999-04-19 21:00:43|2613.0118724822314|Diving Support Vessel 1|transferring crew|structural subsea inspection|transferring crew from Diving Support Vessel 1 to F3|F3|F3|supporting_structure|supporting_structure|0.0|1.0|0.25|0|MNT00000094|system|0|0.0|0.0|0.0|781.25|781.25
2025-05-06 20:50:40.471056|1999-04-19 21:15:43|2613.2618724822314|Diving Support Vessel 1|complete transfer|structural subsea inspection|complete|F3|F3|supporting_structure|supporting_structure|0.0|1.0|0|0|MNT00000094|system|0|0|0|0|0|0
2025-05-06 20:50:40.471056|1999-04-19 21:15:43|2613.2618724822314|Diving Support Vessel 1|maintenance|structural subsea inspection|maintenance|F3|F3|supporting_structure|supporting_structure|0.0|1.0|0.4880555555555556|0|MNT00000094|system|0|0.0|0.0|0.0|1525.173611111111|1525.173611111111
2025-05-06 20:50:40.471559|1999-04-19 21:45:00|2613.749928037787|Diving Support Vessel 1|transferring crew|structural subsea inspection|transferring crew from F3 to Diving Support Vessel 1|F3|F3|supporting_structure|supporting_structure|0.0|1.0|0.25|0|MNT00000094|system|0|0.0|0.0|0.0|781.25|781.25
2025-05-06 20:50:40.471559|1999-04-19 22:00:00|2613.9998043620826|Eurkea Port|delay|structural annual inspection|end of shift; will resume work in the next shift|b|b|supporting_structure|supporting_structure|0|0|8.0|0|MNT00000249|port|0|0.0|0.0|0.0|0.0|0.0
2025-05-06 20:50:40.471559|1999-04-19 22:00:00|2613.999928037787|Diving Support Vessel 1|complete transfer|structural subsea inspection|complete|F3|F3|supporting_structure|supporting_structure|0.0|1.0|0|0|MNT00000094|system|0|0|0|0|0|0
2025-05-06 20:50:40.471559|1999-04-19 22:00:00|2613.999928037787|Diving Support Vessel 1|traveling|structural subsea inspection|traveling from site to port|F3|F3|supporting_structure|supporting_structure|0.0|1.0|2.788655678691447|53.0|MNT00000094|enroute|0|0|0.0|0.0|8714.548995910773|8714.548995910773
2025-05-06 20:50:40.472561|1999-04-19 22:00:00|2613.999976093959|Eurkea Port|delay|direct drive generator major replacement|end of shift; will resume work in the next shift|E4|E4|generator|generator|0|0|8.0|0|RPR00000279|port|0|0.0|0.0|0.0|0.0|0.0
2025-05-06 20:50:40.474571|1999-04-19 23:02:16|2615.0376681192292|Anchor Handling Tug|transferring crew|anchor replacement|transferring crew from D5 to Anchor Handling Tug|D5|D5|supporting_structure|supporting_structure|0.0|1.0|0.25|0|RPR00000062|system|0|0.0|0.0|0.0|437.5|437.5
2025-05-06 20:50:40.474571|1999-04-19 23:17:16|2615.2876681192292|Anchor Handling Tug|complete transfer|anchor replacement|complete|D5|D5|supporting_structure|supporting_structure|0.0|1.0|0|0|RPR00000062|system|0|0|0|0|0|0
2025-05-06 20:50:40.474571|1999-04-19 23:17:16|2615.2876681192292|RepairManager|maintenance canceled|replacement required||D5|D5|supporting_structure|supporting_structure|nan|nan|0|0|MNT00000237|na|0|0|0|0|0|0
2025-05-06 20:50:40.474571|1999-04-19 23:17:16|2615.2876681192292|RepairManager|maintenance canceled|replacement required||D5|D5|supporting_structure|supporting_structure|nan|nan|0|0|MNT00000238|na|0|0|0|0|0|0
2025-05-06 20:50:40.475567|1999-04-19 23:17:16|2615.2876681192292|Anchor Handling Tug|repair complete|anchor replacement|complete|D5|D5|supporting_structure|supporting_structure|1.0|1.0|0|0|RPR00000062|system|512000.0|0|0|0|0|512000.0
2025-05-06 20:50:40.477563|1999-04-19 23:17:16|2615.2876681192292|Anchor Handling Tug|delay|no requests|no work requests submitted by start of shift|||||0|0|0.7122222222222222|0|na|port|0|0.0|0.0|0.0|1246.388888888889|1246.388888888889
2025-05-06 20:50:40.478564|1999-04-20 00:00:00|2615.9998903414516|Anchor Handling Tug|leaving site|charter period has ended||||||0|0|0|0|na|na|0|0|0|0|0|0
2025-05-06 20:50:40.479566|1999-04-20 00:47:19|2616.7885837164786|Diving Support Vessel 1|complete travel|structural subsea inspection|arrived at port|F3|F3|supporting_structure|supporting_structure|0.0|1.0|0|0|MNT00000094|port|0|0|0|0|0|0
2025-05-06 20:50:40.479566|1999-04-20 00:47:19|2616.7885837164786|Diving Support Vessel 1|delay|structural subsea inspection|work shift has ended; waiting for next shift to start|F3|F3|supporting_structure|supporting_structure|0.0|1.0|5.211388888888889|0|MNT00000094|port|0|0.0|0.0|0.0|16285.59027777778|16285.59027777778
2025-05-06 20:50:40.479566|1999-04-20 01:13:00|2617.216536207398|rotor_blades|repair request|blades major repair|severity level 2|B1|B1|rotor_blades|rotor_blades|1.0|1.0|0|0|RPR00000286|na|0|0|0|0|0|0
2025-05-06 20:50:40.481083|1999-04-20 03:48:43|2619.8118676180266|hydraulic_system|repair request|major pitch system repair|severity level 2|e|e|hydraulic_system|hydraulic_system|1.0|1.0|0|0|RPR00000287|na|0|0|0|0|0|0
2025-05-06 20:50:40.482117|1999-04-20 06:00:00|2621.9998043620826|Eurkea Port|maintenance|structural annual inspection|maintenance|b|b|supporting_structure|supporting_structure|0|0|16.0|0|MNT00000249|port|0|0.0|0.0|0.0|0.0|0.0
2025-05-06 20:50:40.483090|1999-04-20 06:00:00|2621.9999726053675|Diving Support Vessel 1|traveling|structural subsea inspection|traveling from port to site|F3|F3|supporting_structure|supporting_structure|0.0|1.0|2.7887002462719637|53.0|MNT00000094|enroute|0|0|0.0|0.0|8714.688269599887|8714.688269599887
2025-05-06 20:50:40.483090|1999-04-20 06:00:00|2621.999976093959|Eurkea Port|repair|direct drive generator major replacement|repair|E4|E4|generator|generator|0|0|16.0|0|RPR00000279|port|0|0.0|0.0|0.0|0.0|0.0
2025-05-06 20:50:40.485089|1999-04-20 08:47:20|2624.7886728516396|Diving Support Vessel 1|complete travel|structural subsea inspection|arrived at F3|F3|F3|supporting_structure|supporting_structure|0.0|1.0|0|0|MNT00000094|site|0|0|0|0|0|0
2025-05-06 20:50:40.486089|1999-04-20 08:47:20|2624.7886728516396|Diving Support Vessel 1|transferring crew|structural subsea inspection|transferring crew from Diving Support Vessel 1 to F3|F3|F3|supporting_structure|supporting_structure|0.0|1.0|0.25|0|MNT00000094|system|0|0.0|0.0|0.0|781.25|781.25
2025-05-06 20:50:40.487091|1999-04-20 09:02:20|2625.0386728516396|Diving Support Vessel 1|complete transfer|structural subsea inspection|complete|F3|F3|supporting_structure|supporting_structure|0.0|1.0|0|0|MNT00000094|system|0|0|0|0|0|0
2025-05-06 20:50:40.488089|1999-04-20 09:02:20|2625.0386728516396|Diving Support Vessel 1|maintenance|structural subsea inspection|maintenance|F3|F3|supporting_structure|supporting_structure|0.0|1.0|5.5119444444444445|0|MNT00000094|system|0|0.0|0.0|0.0|17224.82638888889|17224.82638888889
2025-05-06 20:50:40.489092|1999-04-20 14:33:03|2630.550617296084|Diving Support Vessel 1|transferring crew|structural subsea inspection|transferring crew from F3 to Diving Support Vessel 1|F3|F3|supporting_structure|supporting_structure|0.0|1.0|0.25|0|MNT00000094|system|0|0.0|0.0|0.0|781.25|781.25
2025-05-06 20:50:40.489092|1999-04-20 14:48:03|2630.800617296084|Diving Support Vessel 1|complete transfer|structural subsea inspection|complete|F3|F3|supporting_structure|supporting_structure|0.0|1.0|0|0|MNT00000094|system|0|0|0|0|0|0
2025-05-06 20:50:40.489092|1999-04-20 14:48:03|2630.800617296084|Diving Support Vessel 1|maintenance complete|structural subsea inspection|complete|F3|F3|supporting_structure|supporting_structure|1.0|1.0|0|0|MNT00000094|system|500.0|0|0|0|0|500.0
2025-05-06 20:50:40.491089|1999-04-20 14:48:03|2630.800617296084|Diving Support Vessel 1|traveling|structural subsea inspection|traveling from F3 to F2|F2|F2|supporting_structure|supporting_structure|1.0|1.0|0.0515255458795378|1.526701924410705|MNT00000097|enroute|0|0|0.0|0.0|161.01733087355564|161.01733087355564
2025-05-06 20:50:40.492361|1999-04-20 14:51:08|2630.8521428419635|Diving Support Vessel 1|complete travel|structural subsea inspection|arrived at F2|F2|F2|supporting_structure|supporting_structure|1.0|1.0|0|0|MNT00000097|system|0|0|0|0|0|0
2025-05-06 20:50:40.493358|1999-04-20 14:51:08|2630.8521428419635|Diving Support Vessel 1|transferring crew|structural subsea inspection|transferring crew from Diving Support Vessel 1 to F2|F2|F2|supporting_structure|supporting_structure|0.0|1.0|0.25|0|MNT00000097|system|0|0.0|0.0|0.0|781.25|781.25
2025-05-06 20:50:40.494360|1999-04-20 15:06:08|2631.1021428419635|Diving Support Vessel 1|complete transfer|structural subsea inspection|complete|F2|F2|supporting_structure|supporting_structure|0.0|1.0|0|0|MNT00000097|system|0|0|0|0|0|0
2025-05-06 20:50:40.494360|1999-04-20 15:06:08|2631.1021428419635|Diving Support Vessel 1|maintenance|structural subsea inspection|maintenance|F2|F2|supporting_structure|supporting_structure|0.0|1.0|6.0|0|MNT00000097|system|0|0.0|0.0|0.0|18750.0|18750.0
2025-05-06 20:50:40.496358|1999-04-20 21:06:08|2637.1021428419635|Diving Support Vessel 1|transferring crew|structural subsea inspection|transferring crew from F2 to Diving Support Vessel 1|F2|F2|supporting_structure|supporting_structure|0.0|1.0|0.25|0|MNT00000097|system|0|0.0|0.0|0.0|781.25|781.25
2025-05-06 20:50:40.496358|1999-04-20 21:21:08|2637.3521428419635|Diving Support Vessel 1|complete transfer|structural subsea inspection|complete|F2|F2|supporting_structure|supporting_structure|0.0|1.0|0|0|MNT00000097|system|0|0|0|0|0|0
2025-05-06 20:50:40.496358|1999-04-20 21:21:08|2637.3521428419635|Diving Support Vessel 1|maintenance complete|structural subsea inspection|complete|F2|F2|supporting_structure|supporting_structure|1.0|1.0|0|0|MNT00000097|system|500.0|0|0|0|0|500.0
2025-05-06 20:50:40.499355|1999-04-20 21:21:08|2637.3521428419635|Diving Support Vessel 1|traveling|structural subsea inspection|traveling from site to port|a|a|supporting_structure|supporting_structure|1.0|1.0|2.14087048286803|53.0|MNT00000100|enroute|0|0|0.0|0.0|6690.220258962594|6690.220258962594
2025-05-06 20:50:40.501859|1999-04-20 22:00:00|2637.9998043620826|Eurkea Port|delay|structural annual inspection|end of shift; will resume work in the next shift|b|b|supporting_structure|supporting_structure|0|0|8.0|0|MNT00000249|port|0|0.0|0.0|0.0|0.0|0.0
2025-05-06 20:50:40.502863|1999-04-20 22:00:00|2637.999976093959|Eurkea Port|delay|direct drive generator major replacement|end of shift; will resume work in the next shift|E4|E4|generator|generator|0|0|8.0|0|RPR00000279|port|0|0.0|0.0|0.0|0.0|0.0
2025-05-06 20:50:40.502863|1999-04-20 23:29:35|2639.4930133248317|Diving Support Vessel 1|complete travel|structural subsea inspection|arrived at port|a|a|supporting_structure|supporting_structure|1.0|1.0|0|0|MNT00000100|port|0|0|0|0|0|0
2025-05-06 20:50:40.502863|1999-04-20 23:29:35|2639.4930133248317|Diving Support Vessel 1|delay|structural subsea inspection|work shift has ended; waiting for next shift to start|a|a|supporting_structure|supporting_structure|1.0|1.0|6.506944444444445|0|MNT00000100|port|0|0.0|0.0|0.0|20334.201388888887|20334.201388888887
2025-05-06 20:50:40.503955|1999-04-21 01:47:28|2641.7910515898725|electrical_system|repair request|power electrical system minor repair|severity level 1|C7|C7|electrical_system|electrical_system|1.0|1.0|0|0|RPR00000288|na|0|0|0|0|0|0
2025-05-06 20:50:40.506874|1999-04-21 06:00:00|2645.9998043620826|Eurkea Port|maintenance|structural annual inspection|maintenance|b|b|supporting_structure|supporting_structure|0|0|3.0|0|MNT00000249|port|0|0.0|0.0|0.0|0.0|0.0
2025-05-06 20:50:40.507865|1999-04-21 06:00:00|2645.999957769276|Diving Support Vessel 1|traveling|structural subsea inspection|traveling from port to site|a|a|supporting_structure|supporting_structure|1.0|1.0|2.7886854101805683|53.0|MNT00000100|enroute|0|0|0.0|0.0|8714.641906814277|8714.641906814277
2025-05-06 20:50:40.508905|1999-04-21 06:00:00|2645.999976093959|Eurkea Port|repair|direct drive generator major replacement|repair|E4|E4|generator|generator|0|0|16.0|0|RPR00000279|port|0|0.0|0.0|0.0|0.0|0.0
2025-05-06 20:50:40.509945|1999-04-21 08:47:20|2648.788643179457|Diving Support Vessel 1|complete travel|structural subsea inspection|arrived at a|a|a|supporting_structure|supporting_structure|1.0|1.0|0|0|MNT00000100|site|0|0|0|0|0|0
2025-05-06 20:50:40.513630|1999-04-21 08:47:20|2648.788643179457|Diving Support Vessel 1|transferring crew|structural subsea inspection|transferring crew from Diving Support Vessel 1 to a|a|a|supporting_structure|supporting_structure|0.0|1.0|0.25|0|MNT00000100|system|0|0.0|0.0|0.0|781.25|781.25
2025-05-06 20:50:40.513630|1999-04-21 09:00:00|2648.9998043620826|Eurkea Port|maintenance complete|structural annual inspection|complete|b||supporting_structure|supporting_structure|0|0|0|0|MNT00000249|na|600.0|0|0|0|0|600.0
2025-05-06 20:50:40.513630|1999-04-21 09:00:00|2648.9998043620826|Eurkea Port|maintenance|structural subsea inspection|maintenance|b|b|supporting_structure|supporting_structure|0|0|6.0|0|MNT00000250|port|0|0.0|0.0|0.0|0.0|0.0
2025-05-06 20:50:40.514627|1999-04-21 09:02:20|2649.038643179457|Diving Support Vessel 1|complete transfer|structural subsea inspection|complete|a|a|supporting_structure|supporting_structure|0.0|1.0|0|0|MNT00000100|system|0|0|0|0|0|0
2025-05-06 20:50:40.515547|1999-04-21 09:02:20|2649.038643179457|Diving Support Vessel 1|maintenance|structural subsea inspection|maintenance|a|a|supporting_structure|supporting_structure|0.0|1.0|6.0|0|MNT00000100|system|0|0.0|0.0|0.0|18750.0|18750.0
2025-05-06 20:50:40.516546|1999-04-21 15:00:00|2654.9998043620826|Eurkea Port|maintenance complete|structural subsea inspection|complete|b||supporting_structure|supporting_structure|0|0|0|0|MNT00000250|na|500.0|0|0|0|0|500.0
2025-05-06 20:50:40.517630|1999-04-21 15:00:00|2654.9998043620826|Eurkea Port|repair|power converter major repair|repair|b|b|electrical_system|electrical_system|0|0|7.0|0|RPR00000284|port|0|0.0|0.0|0.0|0.0|0.0
2025-05-06 20:50:40.518638|1999-04-21 15:02:20|2655.038643179457|Diving Support Vessel 1|transferring crew|structural subsea inspection|transferring crew from a to Diving Support Vessel 1|a|a|supporting_structure|supporting_structure|0.0|1.0|0.25|0|MNT00000100|system|0|0.0|0.0|0.0|781.25|781.25
2025-05-06 20:50:40.518638|1999-04-21 15:17:20|2655.288643179457|Diving Support Vessel 1|complete transfer|structural subsea inspection|complete|a|a|supporting_structure|supporting_structure|0.0|1.0|0|0|MNT00000100|system|0|0|0|0|0|0
2025-05-06 20:50:40.519633|1999-04-21 15:17:20|2655.288643179457|Diving Support Vessel 1|maintenance complete|structural subsea inspection|complete|a|a|supporting_structure|supporting_structure|1.0|1.0|0|0|MNT00000100|system|500.0|0|0|0|0|500.0
2025-05-06 20:50:40.522230|1999-04-21 15:17:20|2655.288643179457|Diving Support Vessel 1|traveling|structural subsea inspection|traveling from a to C4|C4|C4|supporting_structure|supporting_structure|1.0|1.0|0.16492735767715672|4.886797607974153|MNT00000103|enroute|0|0|0.0|0.0|515.3979927411148|515.3979927411148
2025-05-06 20:50:40.523225|1999-04-21 15:27:13|2655.453570537134|Diving Support Vessel 1|complete travel|structural subsea inspection|arrived at C4|C4|C4|supporting_structure|supporting_structure|1.0|1.0|0|0|MNT00000103|system|0|0|0|0|0|0
2025-05-06 20:50:40.525306|1999-04-21 15:27:13|2655.453570537134|Diving Support Vessel 1|transferring crew|structural subsea inspection|transferring crew from Diving Support Vessel 1 to C4|C4|C4|supporting_structure|supporting_structure|0.0|1.0|0.25|0|MNT00000103|system|0|0.0|0.0|0.0|781.25|781.25
2025-05-06 20:50:40.525306|1999-04-21 15:42:13|2655.703570537134|Diving Support Vessel 1|complete transfer|structural subsea inspection|complete|C4|C4|supporting_structure|supporting_structure|0.0|1.0|0|0|MNT00000103|system|0|0|0|0|0|0
2025-05-06 20:50:40.525306|1999-04-21 15:42:13|2655.703570537134|Diving Support Vessel 1|maintenance|structural subsea inspection|maintenance|C4|C4|supporting_structure|supporting_structure|0.0|1.0|6.0|0|MNT00000103|system|0|0.0|0.0|0.0|18750.0|18750.0
2025-05-06 20:50:40.526312|1999-04-21 18:17:50|2658.297028572628|supporting_structure|repair request|marine growth removal|severity level 1|h|h|supporting_structure|supporting_structure|1.0|1.0|0|0|RPR00000289|na|0|0|0|0|0|0
2025-05-06 20:50:40.527310|1999-04-21 20:56:06|2660.934955304107|drive_train|repair request|main shaft minor repair|severity level 1|B5|B5|drive_train|drive_train|1.0|1.0|0|0|RPR00000290|na|0|0|0|0|0|0
2025-05-06 20:50:40.528309|1999-04-21 21:42:13|2661.703570537134|Diving Support Vessel 1|transferring crew|structural subsea inspection|transferring crew from C4 to Diving Support Vessel 1|C4|C4|supporting_structure|supporting_structure|0.0|1.0|0.25|0|MNT00000103|system|0|0.0|0.0|0.0|781.25|781.25
2025-05-06 20:50:40.528309|1999-04-21 21:57:13|2661.953570537134|Diving Support Vessel 1|complete transfer|structural subsea inspection|complete|C4|C4|supporting_structure|supporting_structure|0.0|1.0|0|0|MNT00000103|system|0|0|0|0|0|0
2025-05-06 20:50:40.529322|1999-04-21 21:57:13|2661.953570537134|Diving Support Vessel 1|maintenance complete|structural subsea inspection|complete|C4|C4|supporting_structure|supporting_structure|1.0|1.0|0|0|MNT00000103|system|500.0|0|0|0|0|500.0
2025-05-06 20:50:40.532642|1999-04-21 21:57:13|2661.953570537134|Diving Support Vessel 1|traveling|structural subsea inspection|traveling from site to port|E3|E3|supporting_structure|supporting_structure|1.0|1.0|2.7422981780385443|53.0|MNT00000106|enroute|0|0|0.0|0.0|8569.68180637045|8569.68180637045
2025-05-06 20:50:40.533732|1999-04-21 22:00:00|2661.9998043620826|Eurkea Port|delay|power converter major repair|end of shift; will resume work in the next shift|b|b|electrical_system|electrical_system|0|0|8.0|0|RPR00000284|port|0|0.0|0.0|0.0|0.0|0.0
2025-05-06 20:50:40.533732|1999-04-21 22:00:00|2661.999976093959|Eurkea Port|delay|direct drive generator major replacement|end of shift; will resume work in the next shift|E4|E4|generator|generator|0|0|8.0|0|RPR00000279|port|0|0.0|0.0|0.0|0.0|0.0
2025-05-06 20:50:40.533732|1999-04-22 00:41:46|2664.6958687151728|Diving Support Vessel 1|complete travel|structural subsea inspection|arrived at port|E3|E3|supporting_structure|supporting_structure|1.0|1.0|0|0|MNT00000106|port|0|0|0|0|0|0
2025-05-06 20:50:40.533732|1999-04-22 00:41:46|2664.6958687151728|Diving Support Vessel 1|delay|structural subsea inspection|work shift has ended; waiting for next shift to start|E3|E3|supporting_structure|supporting_structure|1.0|1.0|5.303888888888889|0|MNT00000106|port|0|0.0|0.0|0.0|16574.65277777778|16574.65277777778
2025-05-06 20:50:40.536649|1999-04-22 06:00:00|2669.999757604062|Diving Support Vessel 1|traveling|structural subsea inspection|traveling from port to site|E3|E3|supporting_structure|supporting_structure|1.0|1.0|2.7884852449663584|53.0|MNT00000106|enroute|0|0|0.0|0.0|8714.01639051987|8714.01639051987
2025-05-06 20:50:40.536649|1999-04-22 06:00:00|2669.9998043620826|Eurkea Port|repair|power converter major repair|repair|b|b|electrical_system|electrical_system|0|0|16.0|0|RPR00000284|port|0|0.0|0.0|0.0|0.0|0.0
2025-05-06 20:50:40.536649|1999-04-22 06:00:00|2669.999976093959|Eurkea Port|repair|direct drive generator major replacement|repair|E4|E4|generator|generator|0|0|16.0|0|RPR00000279|port|0|0.0|0.0|0.0|0.0|0.0
2025-05-06 20:50:40.537652|1999-04-22 08:47:18|2672.7882428490284|Diving Support Vessel 1|complete travel|structural subsea inspection|arrived at E3|E3|E3|supporting_structure|supporting_structure|1.0|1.0|0|0|MNT00000106|site|0|0|0|0|0|0
2025-05-06 20:50:40.538650|1999-04-22 08:47:18|2672.7882428490284|Diving Support Vessel 1|transferring crew|structural subsea inspection|transferring crew from Diving Support Vessel 1 to E3|E3|E3|supporting_structure|supporting_structure|0.0|1.0|0.25|0|MNT00000106|system|0|0.0|0.0|0.0|781.25|781.25
2025-05-06 20:50:40.539648|1999-04-22 09:02:18|2673.0382428490284|Diving Support Vessel 1|complete transfer|structural subsea inspection|complete|E3|E3|supporting_structure|supporting_structure|0.0|1.0|0|0|MNT00000106|system|0|0|0|0|0|0
2025-05-06 20:50:40.539648|1999-04-22 09:02:18|2673.0382428490284|Diving Support Vessel 1|maintenance|structural subsea inspection|maintenance|E3|E3|supporting_structure|supporting_structure|0.0|1.0|6.0|0|MNT00000106|system|0|0.0|0.0|0.0|18750.0|18750.0
2025-05-06 20:50:40.541156|1999-04-22 15:02:18|2679.0382428490284|Diving Support Vessel 1|transferring crew|structural subsea inspection|transferring crew from E3 to Diving Support Vessel 1|E3|E3|supporting_structure|supporting_structure|0.0|1.0|0.25|0|MNT00000106|system|0|0.0|0.0|0.0|781.25|781.25
2025-05-06 20:50:40.541156|1999-04-22 15:17:18|2679.2882428490284|Diving Support Vessel 1|complete transfer|structural subsea inspection|complete|E3|E3|supporting_structure|supporting_structure|0.0|1.0|0|0|MNT00000106|system|0|0|0|0|0|0
2025-05-06 20:50:40.541156|1999-04-22 15:17:18|2679.2882428490284|Diving Support Vessel 1|maintenance complete|structural subsea inspection|complete|E3|E3|supporting_structure|supporting_structure|1.0|1.0|0|0|MNT00000106|system|500.0|0|0|0|0|500.0
2025-05-06 20:50:40.544165|1999-04-22 15:17:18|2679.2882428490284|Diving Support Vessel 1|traveling|structural subsea inspection|traveling from E3 to E2|E2|E2|supporting_structure|supporting_structure|1.0|1.0|0.05152682805813917|1.5267399153626635|MNT00000109|enroute|0|0|0.0|0.0|161.0213376816849|161.0213376816849
2025-05-06 20:50:40.545165|1999-04-22 15:20:24|2679.3397696770867|Diving Support Vessel 1|complete travel|structural subsea inspection|arrived at E2|E2|E2|supporting_structure|supporting_structure|1.0|1.0|0|0|MNT00000109|system|0|0|0|0|0|0
2025-05-06 20:50:40.546165|1999-04-22 15:20:24|2679.3397696770867|Diving Support Vessel 1|transferring crew|structural subsea inspection|transferring crew from Diving Support Vessel 1 to E2|E2|E2|supporting_structure|supporting_structure|0.0|1.0|0.25|0|MNT00000109|system|0|0.0|0.0|0.0|781.25|781.25
2025-05-06 20:50:40.546165|1999-04-22 15:35:24|2679.5897696770867|Diving Support Vessel 1|complete transfer|structural subsea inspection|complete|E2|E2|supporting_structure|supporting_structure|0.0|1.0|0|0|MNT00000109|system|0|0|0|0|0|0
2025-05-06 20:50:40.547161|1999-04-22 15:35:24|2679.5897696770867|Diving Support Vessel 1|maintenance|structural subsea inspection|maintenance|E2|E2|supporting_structure|supporting_structure|0.0|1.0|6.0|0|MNT00000109|system|0|0.0|0.0|0.0|18750.0|18750.0
2025-05-06 20:50:40.548162|1999-04-22 21:35:24|2685.5897696770867|Diving Support Vessel 1|transferring crew|structural subsea inspection|transferring crew from E2 to Diving Support Vessel 1|E2|E2|supporting_structure|supporting_structure|0.0|1.0|0.25|0|MNT00000109|system|0|0.0|0.0|0.0|781.25|781.25
2025-05-06 20:50:40.548162|1999-04-22 21:50:24|2685.8397696770867|Diving Support Vessel 1|complete transfer|structural subsea inspection|complete|E2|E2|supporting_structure|supporting_structure|0.0|1.0|0|0|MNT00000109|system|0|0|0|0|0|0
2025-05-06 20:50:40.548162|1999-04-22 21:50:24|2685.8397696770867|Diving Support Vessel 1|maintenance complete|structural subsea inspection|complete|E2|E2|supporting_structure|supporting_structure|1.0|1.0|0|0|MNT00000109|system|500.0|0|0|0|0|500.0
2025-05-06 20:50:40.552383|1999-04-22 21:50:24|2685.8397696770867|Diving Support Vessel 1|traveling|structural subsea inspection|traveling from site to port|i2|i2|supporting_structure|supporting_structure|1.0|1.0|2.628497317991168|53.0|MNT00000112|enroute|0|0|0.0|0.0|8214.054118722399|8214.054118722399
2025-05-06 20:50:40.554471|1999-04-22 22:00:00|2685.9998043620826|Eurkea Port|delay|power converter major repair|end of shift; will resume work in the next shift|b|b|electrical_system|electrical_system|0|0|8.0|0|RPR00000284|port|0|0.0|0.0|0.0|0.0|0.0
2025-05-06 20:50:40.554471|1999-04-22 22:00:00|2685.999976093959|Eurkea Port|delay|direct drive generator major replacement|end of shift; will resume work in the next shift|E4|E4|generator|generator|0|0|8.0|0|RPR00000279|port|0|0.0|0.0|0.0|0.0|0.0
2025-05-06 20:50:40.555413|1999-04-23 00:28:06|2688.468266995078|Diving Support Vessel 1|complete travel|structural subsea inspection|arrived at port|i2|i2|supporting_structure|supporting_structure|1.0|1.0|0|0|MNT00000112|port|0|0|0|0|0|0
2025-05-06 20:50:40.555413|1999-04-23 00:28:06|2688.468266995078|Diving Support Vessel 1|delay|structural subsea inspection|work shift has ended; waiting for next shift to start|i2|i2|supporting_structure|supporting_structure|1.0|1.0|5.531666666666666|0|MNT00000112|port|0|0.0|0.0|0.0|17286.458333333332|17286.458333333332
2025-05-06 20:50:40.556414|1999-04-23 06:00:00|2693.9998043620826|Eurkea Port|repair|power converter major repair|repair|b|b|electrical_system|electrical_system|0|0|5.0|0|RPR00000284|port|0|0.0|0.0|0.0|0.0|0.0
2025-05-06 20:50:40.557466|1999-04-23 06:00:00|2693.9999336617448|Diving Support Vessel 1|traveling|structural subsea inspection|traveling from port to site|i2|i2|supporting_structure|supporting_structure|1.0|1.0|2.7886613026492513|53.0|MNT00000112|enroute|0|0|0.0|0.0|8714.56657077891|8714.56657077891
2025-05-06 20:50:40.557466|1999-04-23 06:00:00|2693.999976093959|Eurkea Port|repair|direct drive generator major replacement|repair|E4|E4|generator|generator|0|0|16.0|0|RPR00000279|port|0|0.0|0.0|0.0|0.0|0.0
2025-05-06 20:50:40.558469|1999-04-23 08:47:19|2696.788594964394|Diving Support Vessel 1|complete travel|structural subsea inspection|arrived at i2|i2|i2|supporting_structure|supporting_structure|1.0|1.0|0|0|MNT00000112|site|0|0|0|0|0|0
2025-05-06 20:50:40.559469|1999-04-23 08:47:19|2696.788594964394|Diving Support Vessel 1|transferring crew|structural subsea inspection|transferring crew from Diving Support Vessel 1 to i2|i2|i2|supporting_structure|supporting_structure|0.0|1.0|0.25|0|MNT00000112|system|0|0.0|0.0|0.0|781.25|781.25
2025-05-06 20:50:40.560485|1999-04-23 09:02:19|2697.038594964394|Diving Support Vessel 1|complete transfer|structural subsea inspection|complete|i2|i2|supporting_structure|supporting_structure|0.0|1.0|0|0|MNT00000112|system|0|0|0|0|0|0
2025-05-06 20:50:40.561068|1999-04-23 09:02:19|2697.038594964394|Diving Support Vessel 1|maintenance|structural subsea inspection|maintenance|i2|i2|supporting_structure|supporting_structure|0.0|1.0|6.0|0|MNT00000112|system|0|0.0|0.0|0.0|18750.0|18750.0
2025-05-06 20:50:40.561068|1999-04-23 11:00:00|2698.9998043620826|Eurkea Port|repair complete|power converter major repair|complete|b||electrical_system|electrical_system|0|0|0|0|RPR00000284|na|7000.0|0|0|0|0|7000.0
2025-05-06 20:50:40.562155|1999-04-23 11:00:00|2698.9998043620826|Tugboat 1|towing|towing turbine back to site||b|b|||0|0|0|0.0|RPR00000284|enroute|0|0.0|0.0|0.0|0.0|0.0
2025-05-06 20:50:40.562155|1999-04-23 11:00:00|2698.9998043620826|Tugboat 1|complete towing|towing turbine back to site|complete|b|b|||0|0|0|0|RPR00000284|site|0|0.0|0.0|0.0|0.0|0.0
2025-05-06 20:50:40.563083|1999-04-23 11:00:00|2698.9998043620826|Tugboat 1|mooring reconnection|power converter major repair|Reconnecting the mooring to b|b|b|||0.0|0|4.0|0|RPR00000284|system|0|0.0|0.0|0.0|0.0|0.0
2025-05-06 20:50:40.566123|1999-04-23 11:00:07|2699.001748806527|Tugboat 2|traveling|power electrical system major repair|traveling from port to site|C7|C7|||0|0|0.0|0.0|RPR00000285|enroute|0|0|0.0|0.0|0.0|0.0
2025-05-06 20:50:40.566123|1999-04-23 11:00:07|2699.001748806527|Tugboat 2|complete travel|power electrical system major repair|arrived at C7|C7|C7|||0|0|0|0|RPR00000285|site|0|0|0|0|0|0
2025-05-06 20:50:40.567080|1999-04-23 11:00:07|2699.001748806527|Tugboat 2|unmooring|power electrical system major repair|Unmooring C7 to tow to port|C7|C7|||0.0|0|2.0|0|RPR00000285|system|0|0.0|0.0|0.0|0.0|0.0
2025-05-06 20:50:40.568174|1999-04-23 13:00:07|2701.001748806527|Tugboat 2|complete unmooring|power electrical system major repair|complete|C7|C7|||0.0|0|0|0|RPR00000285|na|0|0|0|0|0|0
2025-05-06 20:50:40.568174|1999-04-23 13:00:07|2701.001748806527|Tugboat 2|towing|towing turbine to port||C7|C7|||0|0|0|0.0|RPR00000285|enroute|0|0.0|0.0|0.0|0.0|0.0
2025-05-06 20:50:40.568174|1999-04-23 13:00:07|2701.001748806527|Tugboat 2|complete towing|towing turbine to port|complete|C7|C7|||0|0|0|0|RPR00000285|port|0|0.0|0.0|0.0|0.0|0.0
2025-05-06 20:50:40.568174|1999-04-23 13:00:07|2701.001748806527|Eurkea Port|requests being moved|||C7|C7|electrical_system|electrical_system|nan|nan|0|0|RPR00000018|na|0|0|0|0|0|0
2025-05-06 20:50:40.569158|1999-04-23 13:00:07|2701.001748806527|Eurkea Port|requests being moved|||C7|C7|generator|generator|nan|nan|0|0|MNT00000182|na|0|0|0|0|0|0
2025-05-06 20:50:40.569158|1999-04-23 13:00:07|2701.001748806527|Eurkea Port|requests being moved|||C7|C7|supporting_structure|supporting_structure|nan|nan|0|0|MNT00000183|na|0|0|0|0|0|0
2025-05-06 20:50:40.569158|1999-04-23 13:00:07|2701.001748806527|Eurkea Port|requests being moved|||C7|C7|supporting_structure|supporting_structure|nan|nan|0|0|MNT00000184|na|0|0|0|0|0|0
2025-05-06 20:50:40.569158|1999-04-23 13:00:07|2701.001748806527|Eurkea Port|requests being moved|||C7|C7|electrical_system|electrical_system|nan|nan|0|0|RPR00000285|na|0|0|0|0|0|0
2025-05-06 20:50:40.569158|1999-04-23 13:00:07|2701.001748806527|Eurkea Port|requests being moved|||C7|C7|electrical_system|electrical_system|nan|nan|0|0|RPR00000288|na|0|0|0|0|0|0
2025-05-06 20:50:40.569158|1999-04-23 13:00:07|2701.001748806527|Eurkea Port|requests moved to port|at-port repair can now proceed||C7|C7|electrical_system|electrical_system|nan|nan|0|0|RPR00000018|na|0|0|0|0|0|0
2025-05-06 20:50:40.569158|1999-04-23 13:00:07|2701.001748806527|Eurkea Port|requests moved to port|at-port repair can now proceed||C7|C7|generator|generator|nan|nan|0|0|MNT00000182|na|0|0|0|0|0|0
2025-05-06 20:50:40.569158|1999-04-23 13:00:07|2701.001748806527|Eurkea Port|requests moved to port|at-port repair can now proceed||C7|C7|supporting_structure|supporting_structure|nan|nan|0|0|MNT00000183|na|0|0|0|0|0|0
2025-05-06 20:50:40.569158|1999-04-23 13:00:07|2701.001748806527|Eurkea Port|requests moved to port|at-port repair can now proceed||C7|C7|supporting_structure|supporting_structure|nan|nan|0|0|MNT00000184|na|0|0|0|0|0|0
2025-05-06 20:50:40.570160|1999-04-23 13:00:07|2701.001748806527|Eurkea Port|requests moved to port|at-port repair can now proceed||C7|C7|electrical_system|electrical_system|nan|nan|0|0|RPR00000285|na|0|0|0|0|0|0
2025-05-06 20:50:40.570160|1999-04-23 13:00:07|2701.001748806527|Eurkea Port|requests moved to port|at-port repair can now proceed||C7|C7|electrical_system|electrical_system|nan|nan|0|0|RPR00000288|na|0|0|0|0|0|0
2025-05-06 20:50:40.570160|1999-04-23 13:00:07|2701.001748806527|Eurkea Port|repair|power converter minor repair|repair|C7|C7|electrical_system|electrical_system|0|0|8.998055555555556|0|RPR00000018|port|0|0.0|0.0|0.0|0.0|0.0
2025-05-06 20:50:40.570160|1999-04-23 15:00:00|2702.9998043620826|Tugboat 1|complete mooring reconnection|power converter major repair|complete|b|b|||0.0|0|0|0|RPR00000284|na|0|0|0|0|0|0
2025-05-06 20:50:40.573502|1999-04-23 15:00:00|2702.9998043620826|Tugboat 1|traveling|traveling back to port after returning turbine|traveling from site to port|b|b|||0|0|0.0|0.0|RPR00000284|enroute|0|0|0.0|0.0|0.0|0.0
2025-05-06 20:50:40.573502|1999-04-23 15:00:00|2702.9998043620826|Tugboat 1|complete travel|traveling back to port after returning turbine|arrived at port|b|b|||0|0|0|0|RPR00000284|port|0|0|0|0|0|0
2025-05-06 20:50:40.576491|1999-04-23 15:02:19|2703.038594964394|Diving Support Vessel 1|transferring crew|structural subsea inspection|transferring crew from i2 to Diving Support Vessel 1|i2|i2|supporting_structure|supporting_structure|0.0|1.0|0.25|0|MNT00000112|system|0|0.0|0.0|0.0|781.25|781.25
2025-05-06 20:50:40.576491|1999-04-23 15:17:19|2703.288594964394|Diving Support Vessel 1|complete transfer|structural subsea inspection|complete|i2|i2|supporting_structure|supporting_structure|0.0|1.0|0|0|MNT00000112|system|0|0|0|0|0|0
2025-05-06 20:50:40.577497|1999-04-23 15:17:19|2703.288594964394|Diving Support Vessel 1|maintenance complete|structural subsea inspection|complete|i2|i2|supporting_structure|supporting_structure|1.0|1.0|0|0|MNT00000112|system|500.0|0|0|0|0|500.0
2025-05-06 20:50:40.580409|1999-04-23 15:17:19|2703.288594964394|Diving Support Vessel 1|traveling|structural subsea inspection|traveling from i2 to s6|s6|s6|supporting_structure|supporting_structure|1.0|1.0|0.05153722332356282|1.5270479270771664|MNT00000115|enroute|0|0|0.0|0.0|161.05382288613382|161.05382288613382
2025-05-06 20:50:40.580409|1999-04-23 15:20:25|2703.3401321877177|Diving Support Vessel 1|complete travel|structural subsea inspection|arrived at s6|s6|s6|supporting_structure|supporting_structure|1.0|1.0|0|0|MNT00000115|system|0|0|0|0|0|0
2025-05-06 20:50:40.582575|1999-04-23 15:20:25|2703.3401321877177|Diving Support Vessel 1|transferring crew|structural subsea inspection|transferring crew from Diving Support Vessel 1 to s6|s6|s6|supporting_structure|supporting_structure|0.0|1.0|0.25|0|MNT00000115|system|0|0.0|0.0|0.0|781.25|781.25
2025-05-06 20:50:40.583574|1999-04-23 15:35:25|2703.5901321877177|Diving Support Vessel 1|complete transfer|structural subsea inspection|complete|s6|s6|supporting_structure|supporting_structure|0.0|1.0|0|0|MNT00000115|system|0|0|0|0|0|0
2025-05-06 20:50:40.583574|1999-04-23 15:35:25|2703.5901321877177|Diving Support Vessel 1|maintenance|structural subsea inspection|maintenance|s6|s6|supporting_structure|supporting_structure|0.0|1.0|6.0|0|MNT00000115|system|0|0.0|0.0|0.0|18750.0|18750.0
2025-05-06 20:50:40.585572|1999-04-23 21:35:25|2709.5901321877177|Diving Support Vessel 1|transferring crew|structural subsea inspection|transferring crew from s6 to Diving Support Vessel 1|s6|s6|supporting_structure|supporting_structure|0.0|1.0|0.25|0|MNT00000115|system|0|0.0|0.0|0.0|781.25|781.25
2025-05-06 20:50:40.585572|1999-04-23 21:50:25|2709.8401321877177|Diving Support Vessel 1|complete transfer|structural subsea inspection|complete|s6|s6|supporting_structure|supporting_structure|0.0|1.0|0|0|MNT00000115|system|0|0|0|0|0|0
2025-05-06 20:50:40.586574|1999-04-23 21:50:25|2709.8401321877177|Diving Support Vessel 1|maintenance complete|structural subsea inspection|complete|s6|s6|supporting_structure|supporting_structure|1.0|1.0|0|0|MNT00000115|system|500.0|0|0|0|0|500.0
2025-05-06 20:50:40.589574|1999-04-23 21:50:25|2709.8401321877177|Diving Support Vessel 1|traveling|structural subsea inspection|traveling from site to port|q5|q5|supporting_structure|supporting_structure|1.0|1.0|2.6288598286221885|53.0|MNT00000118|enroute|0|0|0.0|0.0|8215.18696444434|8215.18696444434
2025-05-06 20:50:40.591204|1999-04-23 22:00:00|2709.9998043620826|Eurkea Port|delay|power converter minor repair|end of shift; will resume work in the next shift|C7|C7|electrical_system|electrical_system|0|0|8.0|0|RPR00000018|port|0|0.0|0.0|0.0|0.0|0.0
2025-05-06 20:50:40.591204|1999-04-23 22:00:00|2709.999976093959|Eurkea Port|delay|direct drive generator major replacement|end of shift; will resume work in the next shift|E4|E4|generator|generator|0|0|8.0|0|RPR00000279|port|0|0.0|0.0|0.0|0.0|0.0
2025-05-06 20:50:40.592094|1999-04-24 00:28:09|2712.46899201634|Diving Support Vessel 1|complete travel|structural subsea inspection|arrived at port|q5|q5|supporting_structure|supporting_structure|1.0|1.0|0|0|MNT00000118|port|0|0|0|0|0|0
2025-05-06 20:50:40.592094|1999-04-24 00:28:09|2712.46899201634|Diving Support Vessel 1|delay|structural subsea inspection|work shift has ended; waiting for next shift to start|q5|q5|supporting_structure|supporting_structure|1.0|1.0|5.530833333333334|0|MNT00000118|port|0|0.0|0.0|0.0|17283.854166666668|17283.854166666668
2025-05-06 20:50:40.594094|1999-04-24 06:00:00|2717.9998043620826|Eurkea Port|repair|power converter minor repair|repair|C7|C7|electrical_system|electrical_system|0|0|5.001944444444444|0|RPR00000018|port|0|0.0|0.0|0.0|0.0|0.0
2025-05-06 20:50:40.595097|1999-04-24 06:00:00|2717.9998253496733|Diving Support Vessel 1|traveling|structural subsea inspection|traveling from port to site|q5|q5|supporting_structure|supporting_structure|1.0|1.0|2.78855299057779|53.0|MNT00000118|enroute|0|0|0.0|0.0|8714.228095555594|8714.228095555594
2025-05-06 20:50:40.595097|1999-04-24 06:00:00|2717.999976093959|Eurkea Port|repair|direct drive generator major replacement|repair|E4|E4|generator|generator|0|0|16.0|0|RPR00000279|port|0|0.0|0.0|0.0|0.0|0.0
2025-05-06 20:50:40.596096|1999-04-24 08:47:19|2720.7883783402513|Diving Support Vessel 1|complete travel|structural subsea inspection|arrived at q5|q5|q5|supporting_structure|supporting_structure|1.0|1.0|0|0|MNT00000118|site|0|0|0|0|0|0
2025-05-06 20:50:40.598090|1999-04-24 08:47:19|2720.7883783402513|Diving Support Vessel 1|transferring crew|structural subsea inspection|transferring crew from Diving Support Vessel 1 to q5|q5|q5|supporting_structure|supporting_structure|0.0|1.0|0.25|0|MNT00000118|system|0|0.0|0.0|0.0|781.25|781.25
2025-05-06 20:50:40.598090|1999-04-24 09:02:19|2721.0383783402513|Diving Support Vessel 1|complete transfer|structural subsea inspection|complete|q5|q5|supporting_structure|supporting_structure|0.0|1.0|0|0|MNT00000118|system|0|0|0|0|0|0
2025-05-06 20:50:40.599092|1999-04-24 09:02:19|2721.0383783402513|Diving Support Vessel 1|maintenance|structural subsea inspection|maintenance|q5|q5|supporting_structure|supporting_structure|0.0|1.0|6.0|0|MNT00000118|system|0|0.0|0.0|0.0|18750.0|18750.0
2025-05-06 20:50:40.599092|1999-04-24 11:00:07|2723.001748806527|Eurkea Port|repair complete|power converter minor repair|complete|C7||electrical_system|electrical_system|0|0|0|0|RPR00000018|na|1000.0|0|0|0|0|1000.0
2025-05-06 20:50:40.600091|1999-04-24 11:00:07|2723.001748806527|Eurkea Port|maintenance|annual turbine inspection|maintenance|C7|C7|generator|generator|0|0|10.998055555555556|0|MNT00000182|port|0|0.0|0.0|0.0|0.0|0.0
2025-05-06 20:50:40.601594|1999-04-24 15:02:19|2727.0383783402513|Diving Support Vessel 1|transferring crew|structural subsea inspection|transferring crew from q5 to Diving Support Vessel 1|q5|q5|supporting_structure|supporting_structure|0.0|1.0|0.25|0|MNT00000118|system|0|0.0|0.0|0.0|781.25|781.25
2025-05-06 20:50:40.601594|1999-04-24 15:17:19|2727.2883783402513|Diving Support Vessel 1|complete transfer|structural subsea inspection|complete|q5|q5|supporting_structure|supporting_structure|0.0|1.0|0|0|MNT00000118|system|0|0|0|0|0|0
2025-05-06 20:50:40.601594|1999-04-24 15:17:19|2727.2883783402513|Diving Support Vessel 1|maintenance complete|structural subsea inspection|complete|q5|q5|supporting_structure|supporting_structure|1.0|1.0|0|0|MNT00000118|system|500.0|0|0|0|0|500.0
2025-05-06 20:50:40.605604|1999-04-24 15:17:19|2727.2883783402513|Diving Support Vessel 1|traveling|structural subsea inspection|traveling from q5 to D3|D3|D3|supporting_structure|supporting_structure|1.0|1.0|0.2640391022679324|7.823478600198837|MNT00000124|enroute|0|0|0.0|0.0|825.1221945872888|825.1221945872888
2025-05-06 20:50:40.605604|1999-04-24 15:33:09|2727.552417442519|Diving Support Vessel 1|complete travel|structural subsea inspection|arrived at D3|D3|D3|supporting_structure|supporting_structure|1.0|1.0|0|0|MNT00000124|system|0|0|0|0|0|0
2025-05-06 20:50:40.607602|1999-04-24 15:33:09|2727.552417442519|Diving Support Vessel 1|transferring crew|structural subsea inspection|transferring crew from Diving Support Vessel 1 to D3|D3|D3|supporting_structure|supporting_structure|0.0|1.0|0.25|0|MNT00000124|system|0|0.0|0.0|0.0|781.25|781.25
2025-05-06 20:50:40.607602|1999-04-24 15:48:09|2727.802417442519|Diving Support Vessel 1|complete transfer|structural subsea inspection|complete|D3|D3|supporting_structure|supporting_structure|0.0|1.0|0|0|MNT00000124|system|0|0|0|0|0|0
2025-05-06 20:50:40.607602|1999-04-24 15:48:09|2727.802417442519|Diving Support Vessel 1|maintenance|structural subsea inspection|maintenance|D3|D3|supporting_structure|supporting_structure|0.0|1.0|5.947500000000001|0|MNT00000124|system|0|0.0|0.0|0.0|18585.9375|18585.9375
2025-05-06 20:50:40.609603|1999-04-24 21:45:00|2733.7499174425193|Diving Support Vessel 1|transferring crew|structural subsea inspection|transferring crew from D3 to Diving Support Vessel 1|D3|D3|supporting_structure|supporting_structure|0.0|1.0|0.25|0|MNT00000124|system|0|0.0|0.0|0.0|781.25|781.25
2025-05-06 20:50:40.609603|1999-04-24 22:00:00|2733.9998043620826|Eurkea Port|delay|annual turbine inspection|end of shift; will resume work in the next shift|C7|C7|generator|generator|0|0|8.0|0|MNT00000182|port|0|0.0|0.0|0.0|0.0|0.0
2025-05-06 20:50:40.609603|1999-04-24 22:00:00|2733.9999174425193|Diving Support Vessel 1|complete transfer|structural subsea inspection|complete|D3|D3|supporting_structure|supporting_structure|0.0|1.0|0|0|MNT00000124|system|0|0|0|0|0|0
2025-05-06 20:50:40.611195|1999-04-24 22:00:00|2733.9999174425193|Diving Support Vessel 1|traveling|structural subsea inspection|traveling from site to port|D3|D3|supporting_structure|supporting_structure|0.0|1.0|2.7886450834237793|53.0|MNT00000124|enroute|0|0|0.0|0.0|8714.51588569931|8714.51588569931
2025-05-06 20:50:40.611195|1999-04-24 22:00:00|2733.999976093959|Eurkea Port|delay|direct drive generator major replacement|end of shift; will resume work in the next shift|E4|E4|generator|generator|0|0|8.0|0|RPR00000279|port|0|0.0|0.0|0.0|0.0|0.0
2025-05-06 20:50:40.612118|1999-04-25 00:47:19|2736.7885625259432|Diving Support Vessel 1|complete travel|structural subsea inspection|arrived at port|D3|D3|supporting_structure|supporting_structure|0.0|1.0|0|0|MNT00000124|port|0|0|0|0|0|0
2025-05-06 20:50:40.612118|1999-04-25 00:47:19|2736.7885625259432|Diving Support Vessel 1|delay|structural subsea inspection|work shift has ended; waiting for next shift to start|D3|D3|supporting_structure|supporting_structure|0.0|1.0|5.211388888888889|0|MNT00000124|port|0|0.0|0.0|0.0|16285.59027777778|16285.59027777778
2025-05-06 20:50:40.614120|1999-04-25 06:00:00|2741.9998043620826|Eurkea Port|maintenance|annual turbine inspection|maintenance|C7|C7|generator|generator|0|0|13.001944444444444|0|MNT00000182|port|0|0.0|0.0|0.0|0.0|0.0
2025-05-06 20:50:40.614120|1999-04-25 06:00:00|2741.999951414832|Diving Support Vessel 1|traveling|structural subsea inspection|traveling from port to site|D3|D3|supporting_structure|supporting_structure|0.0|1.0|2.7886790557366283|53.0|MNT00000124|enroute|0|0|0.0|0.0|8714.622049176964|8714.622049176964
2025-05-06 20:50:40.614120|1999-04-25 06:00:00|2741.999976093959|Eurkea Port|repair|direct drive generator major replacement|repair|E4|E4|generator|generator|0|0|16.0|0|RPR00000279|port|0|0.0|0.0|0.0|0.0|0.0
2025-05-06 20:50:40.615122|1999-04-25 08:47:20|2744.788630470569|Diving Support Vessel 1|complete travel|structural subsea inspection|arrived at D3|D3|D3|supporting_structure|supporting_structure|0.0|1.0|0|0|MNT00000124|site|0|0|0|0|0|0
2025-05-06 20:50:40.616121|1999-04-25 08:47:20|2744.788630470569|Diving Support Vessel 1|transferring crew|structural subsea inspection|transferring crew from Diving Support Vessel 1 to D3|D3|D3|supporting_structure|supporting_structure|0.0|1.0|0.25|0|MNT00000124|system|0|0.0|0.0|0.0|781.25|781.25
2025-05-06 20:50:40.616121|1999-04-25 09:02:20|2745.038630470569|Diving Support Vessel 1|complete transfer|structural subsea inspection|complete|D3|D3|supporting_structure|supporting_structure|0.0|1.0|0|0|MNT00000124|system|0|0|0|0|0|0
2025-05-06 20:50:40.616121|1999-04-25 09:02:20|2745.038630470569|Diving Support Vessel 1|maintenance|structural subsea inspection|maintenance|D3|D3|supporting_structure|supporting_structure|0.0|1.0|0.052499999999999325|0|MNT00000124|system|0|0.0|0.0|0.0|164.0624999999979|164.0624999999979
2025-05-06 20:50:40.617122|1999-04-25 09:05:29|2745.0911304705687|Diving Support Vessel 1|transferring crew|structural subsea inspection|transferring crew from D3 to Diving Support Vessel 1|D3|D3|supporting_structure|supporting_structure|0.0|1.0|0.25|0|MNT00000124|system|0|0.0|0.0|0.0|781.25|781.25
2025-05-06 20:50:40.617122|1999-04-25 09:20:29|2745.3411304705687|Diving Support Vessel 1|complete transfer|structural subsea inspection|complete|D3|D3|supporting_structure|supporting_structure|0.0|1.0|0|0|MNT00000124|system|0|0|0|0|0|0
2025-05-06 20:50:40.617122|1999-04-25 09:20:29|2745.3411304705687|Diving Support Vessel 1|maintenance complete|structural subsea inspection|complete|D3|D3|supporting_structure|supporting_structure|1.0|1.0|0|0|MNT00000124|system|500.0|0|0|0|0|500.0
2025-05-06 20:50:40.620121|1999-04-25 09:20:29|2745.3411304705687|Diving Support Vessel 1|traveling|structural subsea inspection|traveling from D3 to D2|D2|D2|supporting_structure|supporting_structure|1.0|1.0|0.051527910241273234|1.526771980448926|MNT00000127|enroute|0|0|0.0|0.0|161.02471950397887|161.02471950397887
2025-05-06 20:50:40.621120|1999-04-25 09:23:34|2745.39265838081|Diving Support Vessel 1|complete travel|structural subsea inspection|arrived at D2|D2|D2|supporting_structure|supporting_structure|1.0|1.0|0|0|MNT00000127|system|0|0|0|0|0|0
2025-05-06 20:50:40.621624|1999-04-25 09:23:34|2745.39265838081|Diving Support Vessel 1|transferring crew|structural subsea inspection|transferring crew from Diving Support Vessel 1 to D2|D2|D2|supporting_structure|supporting_structure|0.0|1.0|0.25|0|MNT00000127|system|0|0.0|0.0|0.0|781.25|781.25
2025-05-06 20:50:40.621624|1999-04-25 09:38:34|2745.64265838081|Diving Support Vessel 1|complete transfer|structural subsea inspection|complete|D2|D2|supporting_structure|supporting_structure|0.0|1.0|0|0|MNT00000127|system|0|0|0|0|0|0
2025-05-06 20:50:40.622628|1999-04-25 09:38:34|2745.64265838081|Diving Support Vessel 1|maintenance|structural subsea inspection|maintenance|D2|D2|supporting_structure|supporting_structure|0.0|1.0|6.0|0|MNT00000127|system|0|0.0|0.0|0.0|18750.0|18750.0
2025-05-06 20:50:40.624632|1999-04-25 15:38:34|2751.64265838081|Diving Support Vessel 1|transferring crew|structural subsea inspection|transferring crew from D2 to Diving Support Vessel 1|D2|D2|supporting_structure|supporting_structure|0.0|1.0|0.25|0|MNT00000127|system|0|0.0|0.0|0.0|781.25|781.25
2025-05-06 20:50:40.624632|1999-04-25 15:53:34|2751.89265838081|Diving Support Vessel 1|complete transfer|structural subsea inspection|complete|D2|D2|supporting_structure|supporting_structure|0.0|1.0|0|0|MNT00000127|system|0|0|0|0|0|0
2025-05-06 20:50:40.624632|1999-04-25 15:53:34|2751.89265838081|Diving Support Vessel 1|maintenance complete|structural subsea inspection|complete|D2|D2|supporting_structure|supporting_structure|1.0|1.0|0|0|MNT00000127|system|500.0|0|0|0|0|500.0
2025-05-06 20:50:40.627634|1999-04-25 15:53:34|2751.89265838081|Diving Support Vessel 1|traveling|structural subsea inspection|traveling from D2 to F1|F1|F1|supporting_structure|supporting_structure|1.0|1.0|0.051532233077288256|1.526900066080051|MNT00000130|enroute|0|0|0.0|0.0|161.0382283665258|161.0382283665258
2025-05-06 20:50:40.628633|1999-04-25 15:56:40|2751.9441906138873|Diving Support Vessel 1|complete travel|structural subsea inspection|arrived at F1|F1|F1|supporting_structure|supporting_structure|1.0|1.0|0|0|MNT00000130|system|0|0|0|0|0|0
2025-05-06 20:50:40.629632|1999-04-25 15:56:40|2751.9441906138873|Diving Support Vessel 1|transferring crew|structural subsea inspection|transferring crew from Diving Support Vessel 1 to F1|F1|F1|supporting_structure|supporting_structure|0.0|1.0|0.25|0|MNT00000130|system|0|0.0|0.0|0.0|781.25|781.25
2025-05-06 20:50:40.629632|1999-04-25 16:11:40|2752.1941906138873|Diving Support Vessel 1|complete transfer|structural subsea inspection|complete|F1|F1|supporting_structure|supporting_structure|0.0|1.0|0|0|MNT00000130|system|0|0|0|0|0|0
2025-05-06 20:50:40.629632|1999-04-25 16:11:40|2752.1941906138873|Diving Support Vessel 1|maintenance|structural subsea inspection|maintenance|F1|F1|supporting_structure|supporting_structure|0.0|1.0|5.555555555555555|0|MNT00000130|system|0|0.0|0.0|0.0|17361.11111111111|17361.11111111111
2025-05-06 20:50:40.631254|1999-04-25 19:00:07|2755.001748806527|Eurkea Port|maintenance complete|annual turbine inspection|complete|C7||generator|generator|0|0|0|0|MNT00000182|na|1500.0|0|0|0|0|1500.0
2025-05-06 20:50:40.631254|1999-04-25 19:00:07|2755.001748806527|Eurkea Port|maintenance|structural annual inspection|maintenance|C7|C7|supporting_structure|supporting_structure|0|0|2.9980555555555553|0|MNT00000183|port|0|0.0|0.0|0.0|0.0|0.0
2025-05-06 20:50:40.632140|1999-04-25 21:45:00|2757.749746169443|Diving Support Vessel 1|transferring crew|structural subsea inspection|transferring crew from F1 to Diving Support Vessel 1|F1|F1|supporting_structure|supporting_structure|0.0|1.0|0.25|0|MNT00000130|system|0|0.0|0.0|0.0|781.25|781.25
2025-05-06 20:50:40.632140|1999-04-25 22:00:00|2757.999746169443|Diving Support Vessel 1|complete transfer|structural subsea inspection|complete|F1|F1|supporting_structure|supporting_structure|0.0|1.0|0|0|MNT00000130|system|0|0|0|0|0|0
2025-05-06 20:50:40.633141|1999-04-25 22:00:00|2757.999746169443|Diving Support Vessel 1|traveling|structural subsea inspection|traveling from site to port|F1|F1|supporting_structure|supporting_structure|0.0|1.0|2.7884738103474036|53.0|MNT00000130|enroute|0|0|0.0|0.0|8713.980657335636|8713.980657335636
2025-05-06 20:50:40.633141|1999-04-25 22:00:00|2757.9998043620826|Eurkea Port|delay|structural annual inspection|end of shift; will resume work in the next shift|C7|C7|supporting_structure|supporting_structure|0|0|8.0|0|MNT00000183|port|0|0.0|0.0|0.0|0.0|0.0
2025-05-06 20:50:40.633141|1999-04-25 22:00:00|2757.999976093959|Eurkea Port|delay|direct drive generator major replacement|end of shift; will resume work in the next shift|E4|E4|generator|generator|0|0|8.0|0|RPR00000279|port|0|0.0|0.0|0.0|0.0|0.0
2025-05-06 20:50:40.633141|1999-04-26 00:47:18|2760.7882199797905|Diving Support Vessel 1|complete travel|structural subsea inspection|arrived at port|F1|F1|supporting_structure|supporting_structure|0.0|1.0|0|0|MNT00000130|port|0|0|0|0|0|0
2025-05-06 20:50:40.633141|1999-04-26 00:47:18|2760.7882199797905|Diving Support Vessel 1|delay|structural subsea inspection|work shift has ended; waiting for next shift to start|F1|F1|supporting_structure|supporting_structure|0.0|1.0|5.211666666666667|0|MNT00000130|port|0|0.0|0.0|0.0|16286.458333333334|16286.458333333334
2025-05-06 20:50:40.634144|1999-04-26 06:00:00|2765.9998043620826|Eurkea Port|maintenance|structural annual inspection|maintenance|C7|C7|supporting_structure|supporting_structure|0|0|16.0|0|MNT00000183|port|0|0.0|0.0|0.0|0.0|0.0
2025-05-06 20:50:40.635144|1999-04-26 06:00:00|2765.999886646457|Diving Support Vessel 1|traveling|structural subsea inspection|traveling from port to site|F1|F1|supporting_structure|supporting_structure|0.0|1.0|2.78861428736156|53.0|MNT00000130|enroute|0|0|0.0|0.0|8714.419648004874|8714.419648004874
2025-05-06 20:50:40.635144|1999-04-26 06:00:00|2765.999976093959|Eurkea Port|repair|direct drive generator major replacement|repair|E4|E4|generator|generator|0|0|16.0|0|RPR00000279|port|0|0.0|0.0|0.0|0.0|0.0
2025-05-06 20:50:40.636145|1999-04-26 08:47:19|2768.788500933819|Diving Support Vessel 1|complete travel|structural subsea inspection|arrived at F1|F1|F1|supporting_structure|supporting_structure|0.0|1.0|0|0|MNT00000130|site|0|0|0|0|0|0
2025-05-06 20:50:40.636145|1999-04-26 08:47:19|2768.788500933819|Diving Support Vessel 1|transferring crew|structural subsea inspection|transferring crew from Diving Support Vessel 1 to F1|F1|F1|supporting_structure|supporting_structure|0.0|1.0|0.25|0|MNT00000130|system|0|0.0|0.0|0.0|781.25|781.25
2025-05-06 20:50:40.636145|1999-04-26 09:02:19|2769.038500933819|Diving Support Vessel 1|complete transfer|structural subsea inspection|complete|F1|F1|supporting_structure|supporting_structure|0.0|1.0|0|0|MNT00000130|system|0|0|0|0|0|0
2025-05-06 20:50:40.636145|1999-04-26 09:02:19|2769.038500933819|Diving Support Vessel 1|maintenance|structural subsea inspection|maintenance|F1|F1|supporting_structure|supporting_structure|0.0|1.0|0.44444444444444464|0|MNT00000130|system|0|0.0|0.0|0.0|1388.8888888888896|1388.8888888888896
2025-05-06 20:50:40.637144|1999-04-26 09:28:59|2769.482945378263|Diving Support Vessel 1|transferring crew|structural subsea inspection|transferring crew from F1 to Diving Support Vessel 1|F1|F1|supporting_structure|supporting_structure|0.0|1.0|0.25|0|MNT00000130|system|0|0.0|0.0|0.0|781.25|781.25
2025-05-06 20:50:40.637144|1999-04-26 09:43:59|2769.732945378263|Diving Support Vessel 1|complete transfer|structural subsea inspection|complete|F1|F1|supporting_structure|supporting_structure|0.0|1.0|0|0|MNT00000130|system|0|0|0|0|0|0
2025-05-06 20:50:40.637144|1999-04-26 09:43:59|2769.732945378263|Diving Support Vessel 1|maintenance complete|structural subsea inspection|complete|F1|F1|supporting_structure|supporting_structure|1.0|1.0|0|0|MNT00000130|system|500.0|0|0|0|0|500.0
2025-05-06 20:50:40.638144|1999-04-26 09:43:59|2769.732945378263|Diving Support Vessel 1|leaving site|charter period has ended||||||0|0|0|0|na|na|0|0|0|0|0|0
2025-05-06 20:50:40.641145|1999-04-26 09:45:29|2769.7579453782637|Diving Support Vessel 2|mobilization|Diving Support Vessel 2 is being mobilized|mobilization|||||0|0|360|0|na|enroute|0|0|0|0|0|0
2025-05-06 20:50:40.641649|1999-04-26 11:18:42|2771.311405119975|electrical_system|repair request|power converter minor repair|severity level 1|F2|F2|electrical_system|electrical_system|1.0|1.0|0|0|RPR00000291|na|0|0|0|0|0|0
2025-05-06 20:50:40.642652|1999-04-26 16:16:22|2776.272722346496|electrical_system|repair request|power converter minor repair|severity level 1|E6|E6|electrical_system|electrical_system|1.0|1.0|0|0|RPR00000292|na|0|0|0|0|0|0
2025-05-06 20:50:40.643653|1999-04-26 22:00:00|2781.9998043620826|Eurkea Port|delay|structural annual inspection|end of shift; will resume work in the next shift|C7|C7|supporting_structure|supporting_structure|0|0|8.0|0|MNT00000183|port|0|0.0|0.0|0.0|0.0|0.0
2025-05-06 20:50:40.643653|1999-04-26 22:00:00|2781.999976093959|Eurkea Port|delay|direct drive generator major replacement|end of shift; will resume work in the next shift|E4|E4|generator|generator|0|0|8.0|0|RPR00000279|port|0|0.0|0.0|0.0|0.0|0.0
2025-05-06 20:50:40.644655|1999-04-27 02:11:01|2786.183474747678|hydraulic_system|repair request|minor pitch system repair|severity level 1|B2|B2|hydraulic_system|hydraulic_system|1.0|1.0|0|0|RPR00000293|na|0|0|0|0|0|0
2025-05-06 20:50:40.645656|1999-04-27 06:00:00|2789.9998043620826|Eurkea Port|maintenance|structural annual inspection|maintenance|C7|C7|supporting_structure|supporting_structure|0|0|5.001944444444444|0|MNT00000183|port|0|0.0|0.0|0.0|0.0|0.0
2025-05-06 20:50:40.645656|1999-04-27 06:00:00|2789.999976093959|Eurkea Port|repair|direct drive generator major replacement|repair|E4|E4|generator|generator|0|0|16.0|0|RPR00000279|port|0|0.0|0.0|0.0|0.0|0.0
2025-05-06 20:50:40.646655|1999-04-27 11:00:07|2795.001748806527|Eurkea Port|maintenance complete|structural annual inspection|complete|C7||supporting_structure|supporting_structure|0|0|0|0|MNT00000183|na|600.0|0|0|0|0|600.0
2025-05-06 20:50:40.646655|1999-04-27 11:00:07|2795.001748806527|Eurkea Port|maintenance|structural subsea inspection|maintenance|C7|C7|supporting_structure|supporting_structure|0|0|6.0|0|MNT00000184|port|0|0.0|0.0|0.0|0.0|0.0
2025-05-06 20:50:40.647655|1999-04-27 17:00:07|2801.001748806527|Eurkea Port|maintenance complete|structural subsea inspection|complete|C7||supporting_structure|supporting_structure|0|0|0|0|MNT00000184|na|500.0|0|0|0|0|500.0
2025-05-06 20:50:40.647655|1999-04-27 17:00:07|2801.001748806527|Eurkea Port|repair|power electrical system major repair|repair|C7|C7|electrical_system|electrical_system|0|0|4.998055555555555|0|RPR00000285|port|0|0.0|0.0|0.0|0.0|0.0
2025-05-06 20:50:40.648656|1999-04-27 22:00:00|2805.9998043620826|Eurkea Port|delay|power electrical system major repair|end of shift; will resume work in the next shift|C7|C7|electrical_system|electrical_system|0|0|8.0|0|RPR00000285|port|0|0.0|0.0|0.0|0.0|0.0
2025-05-06 20:50:40.648656|1999-04-27 22:00:00|2805.999976093959|Eurkea Port|delay|direct drive generator major replacement|end of shift; will resume work in the next shift|E4|E4|generator|generator|0|0|8.0|0|RPR00000279|port|0|0.0|0.0|0.0|0.0|0.0
2025-05-06 20:50:40.649655|1999-04-28 02:29:45|2810.4956843433633|electrical_system|repair request|power electrical system minor repair|severity level 1|E1|E1|electrical_system|electrical_system|1.0|1.0|0|0|RPR00000294|na|0|0|0|0|0|0
2025-05-06 20:50:40.650158|1999-04-28 06:00:00|2813.9998043620826|Eurkea Port|repair|power electrical system major repair|repair|C7|C7|electrical_system|electrical_system|0|0|16.0|0|RPR00000285|port|0|0.0|0.0|0.0|0.0|0.0
2025-05-06 20:50:40.650158|1999-04-28 06:00:00|2813.999976093959|Eurkea Port|repair|direct drive generator major replacement|repair|E4|E4|generator|generator|0|0|16.0|0|RPR00000279|port|0|0.0|0.0|0.0|0.0|0.0
2025-05-06 20:50:40.653163|1999-04-28 22:00:00|2829.9998043620826|Eurkea Port|delay|power electrical system major repair|end of shift; will resume work in the next shift|C7|C7|electrical_system|electrical_system|0|0|8.0|0|RPR00000285|port|0|0.0|0.0|0.0|0.0|0.0
2025-05-06 20:50:40.653163|1999-04-28 22:00:00|2829.999976093959|Eurkea Port|delay|direct drive generator major replacement|end of shift; will resume work in the next shift|E4|E4|generator|generator|0|0|8.0|0|RPR00000279|port|0|0.0|0.0|0.0|0.0|0.0
2025-05-06 20:50:40.655166|1999-04-29 06:00:00|2837.9998043620826|Eurkea Port|repair|power electrical system major repair|repair|C7|C7|electrical_system|electrical_system|0|0|7.001944444444444|0|RPR00000285|port|0|0.0|0.0|0.0|0.0|0.0
2025-05-06 20:50:40.655166|1999-04-29 06:00:00|2837.999976093959|Eurkea Port|repair|direct drive generator major replacement|repair|E4|E4|generator|generator|0|0|11.787222222222226|0|RPR00000279|port|0|0.0|0.0|0.0|0.0|0.0
2025-05-06 20:50:40.656167|1999-04-29 13:00:07|2845.001748806527|Eurkea Port|repair complete|power electrical system major repair|complete|C7||electrical_system|electrical_system|0|0|0|0|RPR00000285|na|5000.0|0|0|0|0|5000.0
2025-05-06 20:50:40.656167|1999-04-29 13:00:07|2845.001748806527|Eurkea Port|repair|power electrical system minor repair|repair|C7|C7|electrical_system|electrical_system|0|0|8.998055555555556|0|RPR00000288|port|0|0.0|0.0|0.0|0.0|0.0
2025-05-06 20:50:40.657167|1999-04-29 17:47:14|2849.7871983161813|Eurkea Port|repair complete|direct drive generator major replacement|complete|E4||generator|generator|0|0|0|0|RPR00000279|na|236500.0|0|0|0|0|236500.0
2025-05-06 20:50:40.657167|1999-04-29 17:47:14|2849.7871983161813|Tugboat 2|towing|towing turbine back to site||E4|E4|||0|0|0|0.0|RPR00000279|enroute|0|0.0|0.0|0.0|0.0|0.0
2025-05-06 20:50:40.657167|1999-04-29 17:47:14|2849.7871983161813|Tugboat 2|complete towing|towing turbine back to site|complete|E4|E4|||0|0|0|0|RPR00000279|site|0|0.0|0.0|0.0|0.0|0.0
2025-05-06 20:50:40.657167|1999-04-29 17:47:14|2849.7871983161813|Tugboat 2|delay|direct drive generator major replacement|weather delay|E4|E4|||0.0|0|0.2127777777777778|0|RPR00000279|site|0|0|0.0|0.0|0.0|0.0
2025-05-06 20:50:40.659168|1999-04-29 17:47:15|2849.787476093959|Tugboat 1|traveling|blades major repair|traveling from port to site|B1|B1|||0|0|0.0|0.0|RPR00000286|enroute|0|0|0.0|0.0|0.0|0.0
2025-05-06 20:50:40.659168|1999-04-29 17:47:15|2849.787476093959|Tugboat 1|complete travel|blades major repair|arrived at B1|B1|B1|||0|0|0|0|RPR00000286|site|0|0|0|0|0|0
2025-05-06 20:50:40.660197|1999-04-29 17:47:15|2849.787476093959|Tugboat 1|delay|blades major repair|weather delay|B1|B1|||0.0|0|0.2125|0|RPR00000286|site|0|0|0.0|0.0|0.0|0.0
2025-05-06 20:50:40.660197|1999-04-29 18:00:00|2849.999976093959|Tugboat 2|delay|direct drive generator major replacement|weather unsuitable for mooring reconnection|E4|E4|||0.0|0|12.0|0|RPR00000279|site|0|0.0|0.0|0.0|0.0|0.0
2025-05-06 20:50:40.660197|1999-04-29 18:00:00|2849.999976093959|Tugboat 1|delay|blades major repair|weather unsuitable for unmooring|B1|B1|||0.0|0|12.0|0|RPR00000286|site|0|0.0|0.0|0.0|0.0|0.0
2025-05-06 20:50:40.661247|1999-04-29 19:54:56|2851.915430251592|electrical_system|repair request|power converter major repair|severity level 2|q5|q5|electrical_system|electrical_system|1.0|1.0|0|0|RPR00000295|na|0|0|0|0|0|0
2025-05-06 20:50:40.661837|1999-04-29 22:00:00|2853.9998043620826|Eurkea Port|delay|power electrical system minor repair|end of shift; will resume work in the next shift|C7|C7|electrical_system|electrical_system|0|0|8.0|0|RPR00000288|port|0|0.0|0.0|0.0|0.0|0.0
2025-05-06 20:50:40.662926|1999-04-30 06:00:00|2861.9998043620826|Eurkea Port|repair|power electrical system minor repair|repair|C7|C7|electrical_system|electrical_system|0|0|1.0019444444444439|0|RPR00000288|port|0|0.0|0.0|0.0|0.0|0.0
2025-05-06 20:50:40.662926|1999-04-30 06:00:00|2861.999976093959|Tugboat 2|delay|direct drive generator major replacement|weather delay|E4|E4|||0.0|0|2.0|0|RPR00000279|site|0|0|0.0|0.0|0.0|0.0
2025-05-06 20:50:40.663925|1999-04-30 06:00:00|2861.999976093959|Tugboat 1|delay|blades major repair|weather delay|B1|B1|||0.0|0|2.0|0|RPR00000286|site|0|0|0.0|0.0|0.0|0.0
2025-05-06 20:50:40.663925|1999-04-30 07:00:07|2863.001748806527|Eurkea Port|repair complete|power electrical system minor repair|complete|C7||electrical_system|electrical_system|0|0|0|0|RPR00000288|na|1000.0|0|0|0|0|1000.0
2025-05-06 20:50:40.663925|1999-04-30 08:00:00|2863.999976093959|Tugboat 2|mooring reconnection|direct drive generator major replacement|Reconnecting the mooring to E4|E4|E4|||0.0|0|4.0|0|RPR00000279|system|0|0.0|0.0|0.0|0.0|0.0
2025-05-06 20:50:40.663925|1999-04-30 08:00:00|2863.999976093959|Tugboat 1|unmooring|blades major repair|Unmooring B1 to tow to port|B1|B1|||0.0|0|2.0|0|RPR00000286|system|0|0.0|0.0|0.0|0.0|0.0
2025-05-06 20:50:40.664840|1999-04-30 10:00:00|2865.999976093959|Tugboat 1|complete unmooring|blades major repair|complete|B1|B1|||0.0|0|0|0|RPR00000286|na|0|0|0|0|0|0
2025-05-06 20:50:40.664840|1999-04-30 10:00:00|2865.999976093959|Tugboat 1|towing|towing turbine to port||B1|B1|||0|0|0|0.0|RPR00000286|enroute|0|0.0|0.0|0.0|0.0|0.0
2025-05-06 20:50:40.664840|1999-04-30 10:00:00|2865.999976093959|Tugboat 1|complete towing|towing turbine to port|complete|B1|B1|||0|0|0|0|RPR00000286|port|0|0.0|0.0|0.0|0.0|0.0
2025-05-06 20:50:40.664840|1999-04-30 10:00:00|2865.999976093959|Eurkea Port|requests being moved|||B1|B1|supporting_structure|supporting_structure|nan|nan|0|0|RPR00000058|na|0|0|0|0|0|0
2025-05-06 20:50:40.664840|1999-04-30 10:00:00|2865.999976093959|Eurkea Port|requests being moved|||B1|B1|generator|generator|nan|nan|0|0|MNT00000218|na|0|0|0|0|0|0
2025-05-06 20:50:40.664840|1999-04-30 10:00:00|2865.999976093959|Eurkea Port|requests being moved|||B1|B1|supporting_structure|supporting_structure|nan|nan|0|0|MNT00000219|na|0|0|0|0|0|0
2025-05-06 20:50:40.664840|1999-04-30 10:00:00|2865.999976093959|Eurkea Port|requests being moved|||B1|B1|supporting_structure|supporting_structure|nan|nan|0|0|MNT00000220|na|0|0|0|0|0|0
2025-05-06 20:50:40.664840|1999-04-30 10:00:00|2865.999976093959|Eurkea Port|requests being moved|||B1|B1|rotor_blades|rotor_blades|nan|nan|0|0|RPR00000286|na|0|0|0|0|0|0
2025-05-06 20:50:40.664840|1999-04-30 10:00:00|2865.999976093959|Eurkea Port|requests moved to port|at-port repair can now proceed||B1|B1|supporting_structure|supporting_structure|nan|nan|0|0|RPR00000058|na|0|0|0|0|0|0
2025-05-06 20:50:40.664840|1999-04-30 10:00:00|2865.999976093959|Tugboat 1|towing|towing turbine back to site||C7|C7|||0|0|0|0.0|RPR00000285|enroute|0|0.0|0.0|0.0|0.0|0.0
2025-05-06 20:50:40.664840|1999-04-30 10:00:00|2865.999976093959|Eurkea Port|requests moved to port|at-port repair can now proceed||B1|B1|generator|generator|nan|nan|0|0|MNT00000218|na|0|0|0|0|0|0
2025-05-06 20:50:40.664840|1999-04-30 10:00:00|2865.999976093959|Tugboat 1|complete towing|towing turbine back to site|complete|C7|C7|||0|0|0|0|RPR00000285|site|0|0.0|0.0|0.0|0.0|0.0
2025-05-06 20:50:40.664840|1999-04-30 10:00:00|2865.999976093959|Eurkea Port|requests moved to port|at-port repair can now proceed||B1|B1|supporting_structure|supporting_structure|nan|nan|0|0|MNT00000219|na|0|0|0|0|0|0
2025-05-06 20:50:40.665918|1999-04-30 10:00:00|2865.999976093959|Eurkea Port|requests moved to port|at-port repair can now proceed||B1|B1|supporting_structure|supporting_structure|nan|nan|0|0|MNT00000220|na|0|0|0|0|0|0
2025-05-06 20:50:40.665918|1999-04-30 10:00:00|2865.999976093959|Tugboat 1|mooring reconnection|power electrical system major repair|Reconnecting the mooring to C7|C7|C7|||0.0|0|4.0|0|RPR00000285|system|0|0.0|0.0|0.0|0.0|0.0
2025-05-06 20:50:40.665918|1999-04-30 10:00:00|2865.999976093959|Eurkea Port|requests moved to port|at-port repair can now proceed||B1|B1|rotor_blades|rotor_blades|nan|nan|0|0|RPR00000286|na|0|0|0|0|0|0
2025-05-06 20:50:40.665918|1999-04-30 10:00:00|2865.999976093959|Eurkea Port|repair|marine growth removal|repair|B1|B1|supporting_structure|supporting_structure|0|0|12.0|0|RPR00000058|port|0|0.0|0.0|0.0|0.0|0.0
2025-05-06 20:50:40.665918|1999-04-30 12:00:00|2867.999976093959|Tugboat 2|complete mooring reconnection|direct drive generator major replacement|complete|E4|E4|||0.0|0|0|0|RPR00000279|na|0|0|0|0|0|0
2025-05-06 20:50:40.668840|1999-04-30 12:00:00|2867.999976093959|Tugboat 2|traveling|traveling back to port after returning turbine|traveling from site to port|E4|E4|||0|0|0.0|0.0|RPR00000279|enroute|0|0|0.0|0.0|0.0|0.0
2025-05-06 20:50:40.669850|1999-04-30 12:00:00|2867.999976093959|Tugboat 2|complete travel|traveling back to port after returning turbine|arrived at port|E4|E4|||0|0|0|0|RPR00000279|port|0|0|0|0|0|0
2025-05-06 20:50:40.672447|1999-04-30 12:00:00|2867.999976093959|Tugboat 2|traveling|power converter major repair|traveling from port to site|q5|q5|||0|0|0.0|0.0|RPR00000295|enroute|0|0|0.0|0.0|0.0|0.0
2025-05-06 20:50:40.672447|1999-04-30 12:00:00|2867.999976093959|Tugboat 2|complete travel|power converter major repair|arrived at q5|q5|q5|||0|0|0|0|RPR00000295|site|0|0|0|0|0|0
2025-05-06 20:50:40.674538|1999-04-30 12:00:00|2867.999976093959|Tugboat 2|unmooring|power converter major repair|Unmooring q5 to tow to port|q5|q5|||0.0|0|2.0|0|RPR00000295|system|0|0.0|0.0|0.0|0.0|0.0
2025-05-06 20:50:40.675450|1999-04-30 14:00:00|2869.999976093959|Tugboat 1|complete mooring reconnection|power electrical system major repair|complete|C7|C7|||0.0|0|0|0|RPR00000285|na|0|0|0|0|0|0
2025-05-06 20:50:40.675450|1999-04-30 14:00:00|2869.999976093959|Tugboat 2|complete unmooring|power converter major repair|complete|q5|q5|||0.0|0|0|0|RPR00000295|na|0|0|0|0|0|0
2025-05-06 20:50:40.677538|1999-04-30 14:00:00|2869.999976093959|Tugboat 1|traveling|traveling back to port after returning turbine|traveling from site to port|C7|C7|||0|0|0.0|0.0|RPR00000285|enroute|0|0|0.0|0.0|0.0|0.0
2025-05-06 20:50:40.677538|1999-04-30 14:00:00|2869.999976093959|Tugboat 2|towing|towing turbine to port||q5|q5|||0|0|0|0.0|RPR00000295|enroute|0|0.0|0.0|0.0|0.0|0.0
2025-05-06 20:50:40.678456|1999-04-30 14:00:00|2869.999976093959|Tugboat 1|complete travel|traveling back to port after returning turbine|arrived at port|C7|C7|||0|0|0|0|RPR00000285|port|0|0|0|0|0|0
2025-05-06 20:50:40.678456|1999-04-30 14:00:00|2869.999976093959|Tugboat 2|complete towing|towing turbine to port|complete|q5|q5|||0|0|0|0|RPR00000295|port|0|0.0|0.0|0.0|0.0|0.0
2025-05-06 20:50:40.679540|1999-04-30 14:00:00|2869.999976093959|Eurkea Port|requests being moved|||q5|q5|rotor_blades|rotor_blades|nan|nan|0|0|RPR00000025|na|0|0|0|0|0|0
2025-05-06 20:50:40.679540|1999-04-30 14:00:00|2869.999976093959|Eurkea Port|requests being moved|||q5|q5|generator|generator|nan|nan|0|0|MNT00000116|na|0|0|0|0|0|0
2025-05-06 20:50:40.679540|1999-04-30 14:00:00|2869.999976093959|Eurkea Port|requests being moved|||q5|q5|supporting_structure|supporting_structure|nan|nan|0|0|MNT00000117|na|0|0|0|0|0|0
2025-05-06 20:50:40.679540|1999-04-30 14:00:00|2869.999976093959|Eurkea Port|requests being moved|||q5|q5|electrical_system|electrical_system|nan|nan|0|0|RPR00000295|na|0|0|0|0|0|0
2025-05-06 20:50:40.679540|1999-04-30 14:00:00|2869.999976093959|Eurkea Port|requests moved to port|at-port repair can now proceed||q5|q5|rotor_blades|rotor_blades|nan|nan|0|0|RPR00000025|na|0|0|0|0|0|0
2025-05-06 20:50:40.679540|1999-04-30 14:00:00|2869.999976093959|Eurkea Port|requests moved to port|at-port repair can now proceed||q5|q5|generator|generator|nan|nan|0|0|MNT00000116|na|0|0|0|0|0|0
2025-05-06 20:50:40.679540|1999-04-30 14:00:00|2869.999976093959|Eurkea Port|requests moved to port|at-port repair can now proceed||q5|q5|supporting_structure|supporting_structure|nan|nan|0|0|MNT00000117|na|0|0|0|0|0|0
2025-05-06 20:50:40.679540|1999-04-30 14:00:00|2869.999976093959|Eurkea Port|requests moved to port|at-port repair can now proceed||q5|q5|electrical_system|electrical_system|nan|nan|0|0|RPR00000295|na|0|0|0|0|0|0
2025-05-06 20:50:40.679540|1999-04-30 14:00:00|2869.999976093959|Eurkea Port|repair|blades minor repair|repair|q5|q5|rotor_blades|rotor_blades|0|0|8.0|0|RPR00000025|port|0|0.0|0.0|0.0|0.0|0.0
2025-05-06 20:50:40.682208|1999-04-30 22:00:00|2877.999976093959|Eurkea Port|delay|marine growth removal|end of shift; will resume work in the next shift|B1|B1|supporting_structure|supporting_structure|0|0|8.0|0|RPR00000058|port|0|0.0|0.0|0.0|0.0|0.0
2025-05-06 20:50:40.682208|1999-04-30 22:00:00|2877.999976093959|Eurkea Port|delay|blades minor repair|end of shift; will resume work in the next shift|q5|q5|rotor_blades|rotor_blades|0|0|8.0|0|RPR00000025|port|0|0.0|0.0|0.0|0.0|0.0
2025-05-06 20:50:40.683134|1999-05-01 00:00:00|2880|Eurkea Port|monthly lease fee|port lease||||||0|0|0|0|na|na|0|0|0|0|2083333.3333333333|2083333.3333333333
2025-05-06 20:50:40.684134|1999-05-01 06:00:00|2885.999976093959|Eurkea Port|repair|marine growth removal|repair|B1|B1|supporting_structure|supporting_structure|0|0|16.0|0|RPR00000058|port|0|0.0|0.0|0.0|0.0|0.0
2025-05-06 20:50:40.684134|1999-05-01 06:00:00|2885.999976093959|Eurkea Port|repair|blades minor repair|repair|q5|q5|rotor_blades|rotor_blades|0|0|10.0|0|RPR00000025|port|0|0.0|0.0|0.0|0.0|0.0
2025-05-06 20:50:40.686143|1999-05-01 16:00:00|2895.999976093959|Eurkea Port|repair complete|blades minor repair|complete|q5||rotor_blades|rotor_blades|0|0|0|0|RPR00000025|na|6000.0|0|0|0|0|6000.0
2025-05-06 20:50:40.686143|1999-05-01 16:00:00|2895.999976093959|Eurkea Port|maintenance|annual turbine inspection|maintenance|q5|q5|generator|generator|0|0|6.0|0|MNT00000116|port|0|0.0|0.0|0.0|0.0|0.0
2025-05-06 20:50:40.687217|1999-05-01 22:00:00|2901.999976093959|Eurkea Port|delay|marine growth removal|end of shift; will resume work in the next shift|B1|B1|supporting_structure|supporting_structure|0|0|8.0|0|RPR00000058|port|0|0.0|0.0|0.0|0.0|0.0
2025-05-06 20:50:40.687217|1999-05-01 22:00:00|2901.999976093959|Eurkea Port|delay|annual turbine inspection|end of shift; will resume work in the next shift|q5|q5|generator|generator|0|0|8.0|0|MNT00000116|port|0|0.0|0.0|0.0|0.0|0.0
2025-05-06 20:50:40.688221|1999-05-02 06:00:00|2909.999976093959|Eurkea Port|repair|marine growth removal|repair|B1|B1|supporting_structure|supporting_structure|0|0|12.0|0|RPR00000058|port|0|0.0|0.0|0.0|0.0|0.0
2025-05-06 20:50:40.688221|1999-05-02 06:00:00|2909.999976093959|Eurkea Port|maintenance|annual turbine inspection|maintenance|q5|q5|generator|generator|0|0|16.0|0|MNT00000116|port|0|0.0|0.0|0.0|0.0|0.0
2025-05-06 20:50:40.692188|1999-05-02 18:00:00|2921.999976093959|Eurkea Port|repair complete|marine growth removal|complete|B1||supporting_structure|supporting_structure|0|0|0|0|RPR00000058|na|1500.0|0|0|0|0|1500.0
2025-05-06 20:50:40.692188|1999-05-02 18:00:00|2921.999976093959|Eurkea Port|maintenance|annual turbine inspection|maintenance|B1|B1|generator|generator|0|0|4.0|0|MNT00000218|port|0|0.0|0.0|0.0|0.0|0.0
2025-05-06 20:50:40.693190|1999-05-02 22:00:00|2925.999976093959|Eurkea Port|delay|annual turbine inspection|end of shift; will resume work in the next shift|q5|q5|generator|generator|0|0|8.0|0|MNT00000116|port|0|0.0|0.0|0.0|0.0|0.0
2025-05-06 20:50:40.693190|1999-05-02 22:00:00|2925.999976093959|Eurkea Port|delay|annual turbine inspection|end of shift; will resume work in the next shift|B1|B1|generator|generator|0|0|8.0|0|MNT00000218|port|0|0.0|0.0|0.0|0.0|0.0
2025-05-06 20:50:40.694186|1999-05-03 06:00:00|2933.999976093959|Eurkea Port|maintenance|annual turbine inspection|maintenance|q5|q5|generator|generator|0|0|2.0|0|MNT00000116|port|0|0.0|0.0|0.0|0.0|0.0
2025-05-06 20:50:40.694186|1999-05-03 06:00:00|2933.999976093959|Eurkea Port|maintenance|annual turbine inspection|maintenance|B1|B1|generator|generator|0|0|16.0|0|MNT00000218|port|0|0.0|0.0|0.0|0.0|0.0
2025-05-06 20:50:40.695273|1999-05-03 07:30:48|2935.5132072165247|electrical_system|repair request|power converter minor repair|severity level 1|B4|B4|electrical_system|electrical_system|1.0|1.0|0|0|RPR00000296|na|0|0|0|0|0|0
2025-05-06 20:50:40.695273|1999-05-03 08:00:00|2935.999976093959|Eurkea Port|maintenance complete|annual turbine inspection|complete|q5||generator|generator|0|0|0|0|MNT00000116|na|1500.0|0|0|0|0|1500.0
2025-05-06 20:50:40.695273|1999-05-03 08:00:00|2935.999976093959|Eurkea Port|maintenance|structural annual inspection|maintenance|q5|q5|supporting_structure|supporting_structure|0|0|14.0|0|MNT00000117|port|0|0.0|0.0|0.0|0.0|0.0
2025-05-06 20:50:40.698187|1999-05-03 22:00:00|2949.999976093959|Eurkea Port|delay|annual turbine inspection|end of shift; will resume work in the next shift|B1|B1|generator|generator|0|0|8.0|0|MNT00000218|port|0|0.0|0.0|0.0|0.0|0.0
2025-05-06 20:50:40.698187|1999-05-03 22:00:00|2949.999976093959|Eurkea Port|delay|structural annual inspection|end of shift; will resume work in the next shift|q5|q5|supporting_structure|supporting_structure|0|0|8.0|0|MNT00000117|port|0|0.0|0.0|0.0|0.0|0.0
2025-05-06 20:50:40.699190|1999-05-04 03:11:10|2955.1859918191794|yaw_system|repair request|yaw system minor repair|severity level 1|G1|G1|yaw_system|yaw_system|1.0|1.0|0|0|RPR00000297|na|0|0|0|0|0|0
2025-05-06 20:50:40.700187|1999-05-04 06:00:00|2957.999976093959|Eurkea Port|maintenance|annual turbine inspection|maintenance|B1|B1|generator|generator|0|0|4.0|0|MNT00000218|port|0|0.0|0.0|0.0|0.0|0.0
2025-05-06 20:50:40.700187|1999-05-04 06:00:00|2957.999976093959|Eurkea Port|maintenance|structural annual inspection|maintenance|q5|q5|supporting_structure|supporting_structure|0|0|10.0|0|MNT00000117|port|0|0.0|0.0|0.0|0.0|0.0
2025-05-06 20:50:40.701200|1999-05-04 10:00:00|2961.999976093959|Eurkea Port|maintenance complete|annual turbine inspection|complete|B1||generator|generator|0|0|0|0|MNT00000218|na|1500.0|0|0|0|0|1500.0
2025-05-06 20:50:40.701200|1999-05-04 10:00:00|2961.999976093959|Eurkea Port|maintenance|structural annual inspection|maintenance|B1|B1|supporting_structure|supporting_structure|0|0|12.0|0|MNT00000219|port|0|0.0|0.0|0.0|0.0|0.0
2025-05-06 20:50:40.701731|1999-05-04 16:00:00|2967.999976093959|Eurkea Port|maintenance complete|structural annual inspection|complete|q5||supporting_structure|supporting_structure|0|0|0|0|MNT00000117|na|600.0|0|0|0|0|600.0
2025-05-06 20:50:40.701731|1999-05-04 16:00:00|2967.999976093959|Eurkea Port|repair|power converter major repair|repair|q5|q5|electrical_system|electrical_system|0|0|6.0|0|RPR00000295|port|0|0.0|0.0|0.0|0.0|0.0
2025-05-06 20:50:40.703751|1999-05-04 22:00:00|2973.999976093959|Eurkea Port|delay|structural annual inspection|end of shift; will resume work in the next shift|B1|B1|supporting_structure|supporting_structure|0|0|8.0|0|MNT00000219|port|0|0.0|0.0|0.0|0.0|0.0
2025-05-06 20:50:40.703751|1999-05-04 22:00:00|2973.999976093959|Eurkea Port|delay|power converter major repair|end of shift; will resume work in the next shift|q5|q5|electrical_system|electrical_system|0|0|8.0|0|RPR00000295|port|0|0.0|0.0|0.0|0.0|0.0
2025-05-06 20:50:40.703751|1999-05-04 22:06:53|2974.114609037688|hydraulic_system|repair request|major pitch system repair|severity level 2|G5|G5|hydraulic_system|hydraulic_system|1.0|1.0|0|0|RPR00000298|na|0|0|0|0|0|0
2025-05-06 20:50:40.704741|1999-05-05 05:25:14|2981.4204058528067|rotor_blades|repair request|blades minor repair|severity level 1|i2|i2|rotor_blades|rotor_blades|1.0|1.0|0|0|RPR00000299|na|0|0|0|0|0|0
2025-05-06 20:50:40.705827|1999-05-05 06:00:00|2981.999976093959|Eurkea Port|maintenance|structural annual inspection|maintenance|B1|B1|supporting_structure|supporting_structure|0|0|12.0|0|MNT00000219|port|0|0.0|0.0|0.0|0.0|0.0
2025-05-06 20:50:40.705827|1999-05-05 06:00:00|2981.999976093959|Eurkea Port|repair|power converter major repair|repair|q5|q5|electrical_system|electrical_system|0|0|16.0|0|RPR00000295|port|0|0.0|0.0|0.0|0.0|0.0
2025-05-06 20:50:40.707745|1999-05-05 14:27:21|2990.455702521061|hydraulic_system|repair request|minor pitch system repair|severity level 1|C5|C5|hydraulic_system|hydraulic_system|1.0|1.0|0|0|RPR00000300|na|0|0|0|0|0|0
2025-05-06 20:50:40.708745|1999-05-05 18:00:00|2993.999976093959|Eurkea Port|maintenance complete|structural annual inspection|complete|B1||supporting_structure|supporting_structure|0|0|0|0|MNT00000219|na|600.0|0|0|0|0|600.0
2025-05-06 20:50:40.708745|1999-05-05 18:00:00|2993.999976093959|Eurkea Port|maintenance|structural subsea inspection|maintenance|B1|B1|supporting_structure|supporting_structure|0|0|4.0|0|MNT00000220|port|0|0.0|0.0|0.0|0.0|0.0
2025-05-06 20:50:40.709744|1999-05-05 22:00:00|2997.999976093959|Eurkea Port|delay|power converter major repair|end of shift; will resume work in the next shift|q5|q5|electrical_system|electrical_system|0|0|8.0|0|RPR00000295|port|0|0.0|0.0|0.0|0.0|0.0
2025-05-06 20:50:40.709744|1999-05-05 22:00:00|2997.999976093959|Eurkea Port|delay|structural subsea inspection|end of shift; will resume work in the next shift|B1|B1|supporting_structure|supporting_structure|0|0|8.0|0|MNT00000220|port|0|0.0|0.0|0.0|0.0|0.0
2025-05-06 20:50:40.711383|1999-05-06 06:00:00|3005.999976093959|Eurkea Port|repair|power converter major repair|repair|q5|q5|electrical_system|electrical_system|0|0|6.0|0|RPR00000295|port|0|0.0|0.0|0.0|0.0|0.0
2025-05-06 20:50:40.711383|1999-05-06 06:00:00|3005.999976093959|Eurkea Port|maintenance|structural subsea inspection|maintenance|B1|B1|supporting_structure|supporting_structure|0|0|2.0|0|MNT00000220|port|0|0.0|0.0|0.0|0.0|0.0
2025-05-06 20:50:40.712257|1999-05-06 07:22:14|3007.3703834372245|hydraulic_system|repair request|minor pitch system repair|severity level 1|B4|B4|hydraulic_system|hydraulic_system|1.0|1.0|0|0|RPR00000301|na|0|0|0|0|0|0
2025-05-06 20:50:40.712257|1999-05-06 08:00:00|3007.999976093959|Eurkea Port|maintenance complete|structural subsea inspection|complete|B1||supporting_structure|supporting_structure|0|0|0|0|MNT00000220|na|500.0|0|0|0|0|500.0
2025-05-06 20:50:40.712257|1999-05-06 08:00:00|3007.999976093959|Eurkea Port|repair|blades major repair|repair|B1|B1|rotor_blades|rotor_blades|0|0|14.0|0|RPR00000286|port|0|0.0|0.0|0.0|0.0|0.0
2025-05-06 20:50:40.713266|1999-05-06 12:00:00|3011.999976093959|Eurkea Port|repair complete|power converter major repair|complete|q5||electrical_system|electrical_system|0|0|0|0|RPR00000295|na|7000.0|0|0|0|0|7000.0
2025-05-06 20:50:40.713266|1999-05-06 12:00:00|3011.999976093959|Tugboat 1|towing|towing turbine back to site||q5|q5|||0|0|0|0.0|RPR00000295|enroute|0|0.0|0.0|0.0|0.0|0.0
2025-05-06 20:50:40.713266|1999-05-06 12:00:00|3011.999976093959|Tugboat 1|complete towing|towing turbine back to site|complete|q5|q5|||0|0|0|0|RPR00000295|site|0|0.0|0.0|0.0|0.0|0.0
2025-05-06 20:50:40.714259|1999-05-06 12:00:00|3011.999976093959|Tugboat 1|mooring reconnection|power converter major repair|Reconnecting the mooring to q5|q5|q5|||0.0|0|4.0|0|RPR00000295|system|0|0.0|0.0|0.0|0.0|0.0
2025-05-06 20:50:40.715258|1999-05-06 16:00:00|3015.999976093959|Tugboat 1|complete mooring reconnection|power converter major repair|complete|q5|q5|||0.0|0|0|0|RPR00000295|na|0|0|0|0|0|0
2025-05-06 20:50:40.718261|1999-05-06 16:00:00|3015.999976093959|Tugboat 1|traveling|traveling back to port after returning turbine|traveling from site to port|q5|q5|||0|0|0.0|0.0|RPR00000295|enroute|0|0|0.0|0.0|0.0|0.0
2025-05-06 20:50:40.718261|1999-05-06 16:00:00|3015.999976093959|Tugboat 1|complete travel|traveling back to port after returning turbine|arrived at port|q5|q5|||0|0|0|0|RPR00000295|port|0|0|0|0|0|0
2025-05-06 20:50:40.721763|1999-05-06 22:00:00|3021.999976093959|Eurkea Port|delay|blades major repair|end of shift; will resume work in the next shift|B1|B1|rotor_blades|rotor_blades|0|0|8.0|0|RPR00000286|port|0|0.0|0.0|0.0|0.0|0.0
2025-05-06 20:50:40.724773|1999-05-07 06:00:00|3029.999976093959|Eurkea Port|repair|blades major repair|repair|B1|B1|rotor_blades|rotor_blades|0|0|16.0|0|RPR00000286|port|0|0.0|0.0|0.0|0.0|0.0
2025-05-06 20:50:40.730442|1999-05-07 22:00:00|3045.999976093959|Eurkea Port|delay|blades major repair|end of shift; will resume work in the next shift|B1|B1|rotor_blades|rotor_blades|0|0|8.0|0|RPR00000286|port|0|0.0|0.0|0.0|0.0|0.0
2025-05-06 20:50:40.731446|1999-05-07 23:55:01|3047.9167905972913|rotor_blades|repair request|blades minor repair|severity level 1|G3|G3|rotor_blades|rotor_blades|1.0|1.0|0|0|RPR00000302|na|0|0|0|0|0|0
2025-05-06 20:50:40.733370|1999-05-08 06:00:00|3053.999976093959|Eurkea Port|repair|blades major repair|repair|B1|B1|rotor_blades|rotor_blades|0|0|12.0|0|RPR00000286|port|0|0.0|0.0|0.0|0.0|0.0
2025-05-06 20:50:40.735369|1999-05-08 18:00:00|3065.999976093959|Eurkea Port|repair complete|blades major repair|complete|B1||rotor_blades|rotor_blades|0|0|0|0|RPR00000286|na|51732.0|0|0|0|0|51732.0
2025-05-06 20:50:40.735369|1999-05-08 18:00:00|3065.999976093959|Tugboat 2|towing|towing turbine back to site||B1|B1|||0|0|0|0.0|RPR00000286|enroute|0|0.0|0.0|0.0|0.0|0.0
2025-05-06 20:50:40.735369|1999-05-08 18:00:00|3065.999976093959|Tugboat 2|complete towing|towing turbine back to site|complete|B1|B1|||0|0|0|0|RPR00000286|site|0|0.0|0.0|0.0|0.0|0.0
2025-05-06 20:50:40.735369|1999-05-08 18:00:00|3065.999976093959|Tugboat 2|delay|blades major repair|weather unsuitable for mooring reconnection|B1|B1|||0.0|0|12.0|0|RPR00000286|site|0|0.0|0.0|0.0|0.0|0.0
2025-05-06 20:50:40.738370|1999-05-09 06:00:00|3077.999976093959|Tugboat 2|delay|blades major repair|weather delay|B1|B1|||0.0|0|1.0|0|RPR00000286|site|0|0|0.0|0.0|0.0|0.0
2025-05-06 20:50:40.738370|1999-05-09 07:00:00|3078.999976093959|Tugboat 2|mooring reconnection|blades major repair|Reconnecting the mooring to B1|B1|B1|||0.0|0|4.0|0|RPR00000286|system|0|0.0|0.0|0.0|0.0|0.0
2025-05-06 20:50:40.739367|1999-05-09 11:00:00|3082.999976093959|Tugboat 2|complete mooring reconnection|blades major repair|complete|B1|B1|||0.0|0|0|0|RPR00000286|na|0|0|0|0|0|0
2025-05-06 20:50:40.741878|1999-05-09 11:00:00|3082.999976093959|Tugboat 2|traveling|traveling back to port after returning turbine|traveling from site to port|B1|B1|||0|0|0.0|0.0|RPR00000286|enroute|0|0|0.0|0.0|0.0|0.0
2025-05-06 20:50:40.741878|1999-05-09 11:00:00|3082.999976093959|Tugboat 2|complete travel|traveling back to port after returning turbine|arrived at port|B1|B1|||0|0|0|0|RPR00000286|port|0|0|0|0|0|0
2025-05-06 20:50:40.750392|1999-05-11 03:17:24|3123.2897365474582|array cable|repair request|array cable replacement|severity level 3|cable::B2::D1|array cable|cable::B2::D1|array cable|1.0|1.0|0|0|RPR00000303|na|0|0|0|0|0|0
2025-05-06 20:50:40.751504|1999-05-11 03:18:20|3123.305292103014|Cable Lay Vessel|mobilization|Cable Lay Vessel is being mobilized|mobilization|||||0|0|336|0|na|enroute|0|0|0|0|0|0
2025-05-06 20:50:40.752406|1999-05-11 09:45:29|3129.7579453782637|Diving Support Vessel 2|mobilization|Diving Support Vessel 2 has arrived on site|mobilization|||||0|0|0|0|na|site|0|0|0|0|225000.0|225000.0
2025-05-06 20:50:40.753409|1999-05-11 09:45:29|3129.7579453782637|Diving Support Vessel 2|traveling|structural subsea inspection|traveling from None to p4|p4|p4|supporting_structure|supporting_structure|1.0|1.0|0.0|0.0|MNT00000136|enroute|0|0|0.0|0.0|0.0|0.0
2025-05-06 20:50:40.753409|1999-05-11 09:45:29|3129.7579453782637|Diving Support Vessel 2|complete travel|structural subsea inspection|arrived at p4|p4|p4|supporting_structure|supporting_structure|1.0|1.0|0|0|MNT00000136|system|0|0|0|0|0|0
2025-05-06 20:50:40.754405|1999-05-11 09:45:29|3129.7579453782637|Diving Support Vessel 2|transferring crew|structural subsea inspection|transferring crew from Diving Support Vessel 2 to p4|p4|p4|supporting_structure|supporting_structure|0.0|1.0|0.25|0|MNT00000136|system|0|0.0|0.0|0.0|781.25|781.25
2025-05-06 20:50:40.754405|1999-05-11 10:00:29|3130.0079453782637|Diving Support Vessel 2|complete transfer|structural subsea inspection|complete|p4|p4|supporting_structure|supporting_structure|0.0|1.0|0|0|MNT00000136|system|0|0|0|0|0|0
2025-05-06 20:50:40.755407|1999-05-11 10:00:29|3130.0079453782637|Diving Support Vessel 2|maintenance|structural subsea inspection|maintenance|p4|p4|supporting_structure|supporting_structure|0.0|1.0|6.0|0|MNT00000136|system|0|0.0|0.0|0.0|18750.0|18750.0
2025-05-06 20:50:40.756406|1999-05-11 16:00:29|3136.0079453782637|Diving Support Vessel 2|transferring crew|structural subsea inspection|transferring crew from p4 to Diving Support Vessel 2|p4|p4|supporting_structure|supporting_structure|0.0|1.0|0.25|0|MNT00000136|system|0|0.0|0.0|0.0|781.25|781.25
2025-05-06 20:50:40.756406|1999-05-11 16:15:29|3136.2579453782637|Diving Support Vessel 2|complete transfer|structural subsea inspection|complete|p4|p4|supporting_structure|supporting_structure|0.0|1.0|0|0|MNT00000136|system|0|0|0|0|0|0
2025-05-06 20:50:40.756406|1999-05-11 16:15:29|3136.2579453782637|Diving Support Vessel 2|maintenance complete|structural subsea inspection|complete|p4|p4|supporting_structure|supporting_structure|1.0|1.0|0|0|MNT00000136|system|500.0|0|0|0|0|500.0
2025-05-06 20:50:40.758406|1999-05-11 16:15:29|3136.2579453782637|Diving Support Vessel 2|traveling|structural subsea inspection|traveling from p4 to G7|G7|G7|supporting_structure|supporting_structure|1.0|1.0|0.41626545538382476|12.333945443022728|MNT00000139|enroute|0|0|0.0|0.0|1300.8295480744525|1300.8295480744525
2025-05-06 20:50:40.759406|1999-05-11 16:40:28|3136.6742108336475|Diving Support Vessel 2|complete travel|structural subsea inspection|arrived at G7|G7|G7|supporting_structure|supporting_structure|1.0|1.0|0|0|MNT00000139|system|0|0|0|0|0|0
2025-05-06 20:50:40.760405|1999-05-11 16:40:28|3136.6742108336475|Diving Support Vessel 2|transferring crew|structural subsea inspection|transferring crew from Diving Support Vessel 2 to G7|G7|G7|supporting_structure|supporting_structure|0.0|1.0|0.25|0|MNT00000139|system|0|0.0|0.0|0.0|781.25|781.25
2025-05-06 20:50:40.760405|1999-05-11 16:55:28|3136.9242108336475|Diving Support Vessel 2|complete transfer|structural subsea inspection|complete|G7|G7|supporting_structure|supporting_structure|0.0|1.0|0|0|MNT00000139|system|0|0|0|0|0|0
2025-05-06 20:50:40.760405|1999-05-11 16:55:28|3136.9242108336475|Diving Support Vessel 2|maintenance|structural subsea inspection|maintenance|G7|G7|supporting_structure|supporting_structure|0.0|1.0|4.825555555555556|0|MNT00000139|system|0|0.0|0.0|0.0|15079.861111111113|15079.861111111113
2025-05-06 20:50:40.761914|1999-05-11 21:45:00|3141.749766389203|Diving Support Vessel 2|transferring crew|structural subsea inspection|transferring crew from G7 to Diving Support Vessel 2|G7|G7|supporting_structure|supporting_structure|0.0|1.0|0.25|0|MNT00000139|system|0|0.0|0.0|0.0|781.25|781.25
2025-05-06 20:50:40.761914|1999-05-11 22:00:00|3141.999766389203|Diving Support Vessel 2|complete transfer|structural subsea inspection|complete|G7|G7|supporting_structure|supporting_structure|0.0|1.0|0|0|MNT00000139|system|0|0|0|0|0|0
2025-05-06 20:50:40.762922|1999-05-11 22:00:00|3141.999766389203|Diving Support Vessel 2|traveling|structural subsea inspection|traveling from site to port|G7|G7|supporting_structure|supporting_structure|0.0|1.0|2.7884940301076484|53.0|MNT00000139|enroute|0|0|0.0|0.0|8714.043844086402|8714.043844086402
2025-05-06 20:50:40.763921|1999-05-12 00:47:18|3144.788260419311|Diving Support Vessel 2|complete travel|structural subsea inspection|arrived at port|G7|G7|supporting_structure|supporting_structure|0.0|1.0|0|0|MNT00000139|port|0|0|0|0|0|0
2025-05-06 20:50:40.763921|1999-05-12 00:47:18|3144.788260419311|Diving Support Vessel 2|delay|structural subsea inspection|work shift has ended; waiting for next shift to start|G7|G7|supporting_structure|supporting_structure|0.0|1.0|5.211666666666667|0|MNT00000139|port|0|0.0|0.0|0.0|16286.458333333334|16286.458333333334
2025-05-06 20:50:40.764920|1999-05-12 06:00:00|3149.9999270859776|Diving Support Vessel 2|traveling|structural subsea inspection|traveling from port to site|G7|G7|supporting_structure|supporting_structure|0.0|1.0|2.7886547268820494|53.0|MNT00000139|enroute|0|0|0.0|0.0|8714.546021506405|8714.546021506405
2025-05-06 20:50:40.765921|1999-05-12 08:47:19|3152.78858181286|Diving Support Vessel 2|complete travel|structural subsea inspection|arrived at G7|G7|G7|supporting_structure|supporting_structure|0.0|1.0|0|0|MNT00000139|site|0|0|0|0|0|0
2025-05-06 20:50:40.765921|1999-05-12 08:47:19|3152.78858181286|Diving Support Vessel 2|transferring crew|structural subsea inspection|transferring crew from Diving Support Vessel 2 to G7|G7|G7|supporting_structure|supporting_structure|0.0|1.0|0.25|0|MNT00000139|system|0|0.0|0.0|0.0|781.25|781.25
2025-05-06 20:50:40.765921|1999-05-12 09:02:19|3153.03858181286|Diving Support Vessel 2|complete transfer|structural subsea inspection|complete|G7|G7|supporting_structure|supporting_structure|0.0|1.0|0|0|MNT00000139|system|0|0|0|0|0|0
2025-05-06 20:50:40.765921|1999-05-12 09:02:19|3153.03858181286|Diving Support Vessel 2|maintenance|structural subsea inspection|maintenance|G7|G7|supporting_structure|supporting_structure|0.0|1.0|1.1744444444444442|0|MNT00000139|system|0|0.0|0.0|0.0|3670.138888888888|3670.138888888888
2025-05-06 20:50:40.766921|1999-05-12 10:12:47|3154.213026257304|Diving Support Vessel 2|transferring crew|structural subsea inspection|transferring crew from G7 to Diving Support Vessel 2|G7|G7|supporting_structure|supporting_structure|0.0|1.0|0.25|0|MNT00000139|system|0|0.0|0.0|0.0|781.25|781.25
2025-05-06 20:50:40.766921|1999-05-12 10:27:47|3154.463026257304|Diving Support Vessel 2|complete transfer|structural subsea inspection|complete|G7|G7|supporting_structure|supporting_structure|0.0|1.0|0|0|MNT00000139|system|0|0|0|0|0|0
2025-05-06 20:50:40.766921|1999-05-12 10:27:47|3154.463026257304|Diving Support Vessel 2|maintenance complete|structural subsea inspection|complete|G7|G7|supporting_structure|supporting_structure|1.0|1.0|0|0|MNT00000139|system|500.0|0|0|0|0|500.0
2025-05-06 20:50:40.768920|1999-05-12 10:27:47|3154.463026257304|Diving Support Vessel 2|leaving site|charter period has ended||||||0|0|0|0|na|na|0|0|0|0|0|0
2025-05-06 20:50:40.771503|1999-05-12 10:29:31|3154.491915146193|Diving Support Vessel 1|mobilization|Diving Support Vessel 1 is being mobilized|mobilization|||||0|0|360|0|na|enroute|0|0|0|0|0|0
2025-05-06 20:50:40.777591|1999-05-13 10:47:44|3178.795285883352|generator|repair request|direct drive generator minor repair|severity level 1|q5|q5|generator|generator|1.0|1.0|0|0|RPR00000304|na|0|0|0|0|0|0
2025-05-06 20:50:40.778591|1999-05-13 11:43:50|3179.730521746736|yaw_system|repair request|yaw system minor repair|severity level 1|A5|A5|yaw_system|yaw_system|1.0|1.0|0|0|RPR00000305|na|0|0|0|0|0|0
2025-05-06 20:50:40.786144|1999-05-14 12:03:08|3204.052058897732|hydraulic_system|repair request|minor pitch system repair|severity level 1|C3|C3|hydraulic_system|hydraulic_system|1.0|1.0|0|0|RPR00000306|na|0|0|0|0|0|0
2025-05-06 20:50:40.793837|1999-05-15 19:25:10|3235.4192358641885|generator|repair request|direct drive generator minor repair|severity level 1|p4|p4|generator|generator|1.0|1.0|0|0|RPR00000307|na|0|0|0|0|0|0
2025-05-06 20:50:40.796830|1999-05-16 06:47:38|3246.7938545100583|hydraulic_system|repair request|minor pitch system repair|severity level 1|F7|F7|hydraulic_system|hydraulic_system|1.0|1.0|0|0|RPR00000308|na|0|0|0|0|0|0
2025-05-06 20:50:40.804431|1999-05-17 10:59:52|3274.997697690227|hydraulic_system|repair request|major pitch system repair|severity level 2|b|b|hydraulic_system|hydraulic_system|1.0|1.0|0|0|RPR00000309|na|0|0|0|0|0|0
2025-05-06 20:50:40.809504|1999-05-18 02:58:19|3290.971926814928|generator|repair request|direct drive generator minor repair|severity level 1|D6|D6|generator|generator|1.0|1.0|0|0|RPR00000310|na|0|0|0|0|0|0
2025-05-06 20:50:40.815215|1999-05-18 23:31:18|3311.5215258576786|generator|repair request|direct drive generator minor repair|severity level 1|G1|G1|generator|generator|1.0|1.0|0|0|RPR00000311|na|0|0|0|0|0|0
2025-05-06 20:50:40.824422|1999-05-20 11:24:41|3347.41116779536|rotor_blades|repair request|blades minor repair|severity level 1|f|f|rotor_blades|rotor_blades|1.0|1.0|0|0|RPR00000312|na|0|0|0|0|0|0
2025-05-06 20:50:40.827348|1999-05-20 19:44:10|3355.7359319956536|RepairManager|maintenance canceled|replacement required||F6|F6|supporting_structure|supporting_structure|nan|nan|0|0|MNT00000141|na|0|0|0|0|0|0
2025-05-06 20:50:40.827348|1999-05-20 19:44:10|3355.7359319956536|supporting_structure|repair request|anchor replacement|severity level 2|F6|F6|supporting_structure|supporting_structure|1.0|1.0|0|0|RPR00000313|na|0|0|0|0|0|0
2025-05-06 20:50:40.829346|1999-05-20 19:44:47|3355.7462097734315|Anchor Handling Tug|mobilization|Anchor Handling Tug is being mobilized|mobilization|||||0|0|336|0|na|enroute|0|0|0|0|0|0
2025-05-06 20:50:40.844025|1999-05-23 16:05:50|3424.097181038565|generator|repair request|direct drive generator minor repair|severity level 1|H4|H4|generator|generator|1.0|1.0|0|0|RPR00000314|na|0|0|0|0|0|0
2025-05-06 20:50:40.846027|1999-05-23 21:26:36|3429.443284764419|hydraulic_system|repair request|minor pitch system repair|severity level 1|D6|D6|hydraulic_system|hydraulic_system|1.0|1.0|0|0|RPR00000315|na|0|0|0|0|0|0
2025-05-06 20:50:40.850024|1999-05-24 12:08:57|3444.149014774637|generator|repair request|direct drive generator minor repair|severity level 1|C1|C1|generator|generator|1.0|1.0|0|0|RPR00000316|na|0|0|0|0|0|0
2025-05-06 20:50:40.850533|1999-05-24 14:07:44|3446.128878448286|rotor_blades|repair request|blades minor repair|severity level 1|y4|y4|rotor_blades|rotor_blades|1.0|1.0|0|0|RPR00000317|na|0|0|0|0|0|0
2025-05-06 20:50:40.851541|1999-05-24 19:13:47|3451.2296066041467|supporting_structure|repair request|marine growth removal|severity level 1|D4|D4|supporting_structure|supporting_structure|1.0|1.0|0|0|RPR00000318|na|0|0|0|0|0|0
2025-05-06 20:50:40.852548|1999-05-24 19:26:14|3451.4370864466055|hydraulic_system|repair request|major pitch system repair|severity level 2|a|a|hydraulic_system|hydraulic_system|1.0|1.0|0|0|RPR00000319|na|0|0|0|0|0|0
2025-05-06 20:50:40.853548|1999-05-25 03:18:20|3459.305292103014|Cable Lay Vessel|mobilization|Cable Lay Vessel has arrived on site|mobilization|||||0|0|0|0|na|site|0|0|0|0|543615.71|543615.71
2025-05-06 20:50:40.853548|1999-05-25 03:18:20|3459.305292103014|Cable Lay Vessel|traveling|array cable replacement|traveling from system to port|cable::B2::D1|array cable|cable::B2::D1|array cable|1.0|1.0|0.0|0.0|RPR00000303|enroute|0|0|0.0|0.0|0.0|0.0
2025-05-06 20:50:40.853548|1999-05-25 03:18:20|3459.305292103014|Cable Lay Vessel|complete travel|array cable replacement|arrived at port|cable::B2::D1|array cable|cable::B2::D1|array cable|1.0|1.0|0|0|RPR00000303|port|0|0|0|0|0|0
2025-05-06 20:50:40.853548|1999-05-25 03:18:20|3459.305292103014|Cable Lay Vessel|delay|array cable replacement|work shift has ended; waiting for next shift to start|cable::B2::D1|array cable|cable::B2::D1|array cable|1.0|1.0|2.694444444444444|0|RPR00000303|port|0|0.0|0.0|0.0|6713.4025578703695|6713.4025578703695
2025-05-06 20:50:40.854547|1999-05-25 06:00:00|3461.9997365474583|Cable Lay Vessel|traveling|array cable replacement|traveling from None to cable::B2::D1|cable::B2::D1|array cable|cable::B2::D1|array cable|1.0|1.0|0.0|0.0|RPR00000303|enroute|0|0|0.0|0.0|0.0|0.0
2025-05-06 20:50:40.854547|1999-05-25 06:00:00|3461.9997365474583|Cable Lay Vessel|complete travel|array cable replacement|arrived at cable::B2::D1|cable::B2::D1|array cable|cable::B2::D1|array cable|1.0|1.0|0|0|RPR00000303|system|0|0|0|0|0|0
2025-05-06 20:50:40.854547|1999-05-25 06:00:00|3461.9997365474583|Cable Lay Vessel|delay|array cable replacement|weather delay|cable::B2::D1|array cable|cable::B2::D1|array cable|1.0|1.0|1.0|0|RPR00000303|system|0|0|0.0|0.0|2491.5720833333335|2491.5720833333335
2025-05-06 20:50:40.855548|1999-05-25 07:00:00|3462.9997365474583|Cable Lay Vessel|transferring crew|array cable replacement|transferring crew from Cable Lay Vessel to cable::B2::D1|cable::B2::D1|array cable|cable::B2::D1|array cable|1.0|1.0|0.25|0|RPR00000303|system|0|0.0|0.0|0.0|622.8930208333334|622.8930208333334
2025-05-06 20:50:40.855548|1999-05-25 07:15:00|3463.2497365474583|Cable Lay Vessel|complete transfer|array cable replacement|complete|cable::B2::D1|array cable|cable::B2::D1|array cable|1.0|1.0|0|0|RPR00000303|system|0|0|0|0|0|0
2025-05-06 20:50:40.855548|1999-05-25 07:15:00|3463.2497365474583|Cable Lay Vessel|repair|array cable replacement|repair|cable::B2::D1|array cable|cable::B2::D1|array cable|1.0|1.0|14.5|0|RPR00000303|system|0|0.0|0.0|0.0|36127.79520833334|36127.79520833334
2025-05-06 20:50:40.858546|1999-05-25 21:45:00|3477.7497365474583|Cable Lay Vessel|transferring crew|array cable replacement|transferring crew from cable::B2::D1 to Cable Lay Vessel|cable::B2::D1|array cable|cable::B2::D1|array cable|1.0|1.0|0.25|0|RPR00000303|system|0|0.0|0.0|0.0|622.8930208333334|622.8930208333334
2025-05-06 20:50:40.858546|1999-05-25 22:00:00|3477.9997365474583|Cable Lay Vessel|complete transfer|array cable replacement|complete|cable::B2::D1|array cable|cable::B2::D1|array cable|1.0|1.0|0|0|RPR00000303|system|0|0|0|0|0|0
2025-05-06 20:50:40.859549|1999-05-25 22:00:00|3477.9997365474583|Cable Lay Vessel|traveling|array cable replacement|traveling from site to port|cable::B2::D1|array cable|cable::B2::D1|array cable|1.0|1.0|3.0437010673194345|53.0|RPR00000303|enroute|0|0|0.0|0.0|7583.600609344974|7583.600609344974
2025-05-06 20:50:40.859549|1999-05-26 01:02:37|3481.0434376147778|Cable Lay Vessel|complete travel|array cable replacement|arrived at port|cable::B2::D1|array cable|cable::B2::D1|array cable|1.0|1.0|0|0|RPR00000303|port|0|0|0|0|0|0
2025-05-06 20:50:40.859549|1999-05-26 01:02:37|3481.0434376147778|Cable Lay Vessel|delay|array cable replacement|work shift has ended; waiting for next shift to start|cable::B2::D1|array cable|cable::B2::D1|array cable|1.0|1.0|4.956388888888889|0|RPR00000303|port|0|0.0|0.0|0.0|12349.200189699075|12349.200189699075
2025-05-06 20:50:40.859549|1999-05-26 01:05:50|3481.0970518523027|electrical_system|repair request|power converter minor repair|severity level 1|E4|E4|electrical_system|electrical_system|1.0|1.0|0|0|RPR00000320|na|0|0|0|0|0|0
2025-05-06 20:50:40.862061|1999-05-26 06:00:00|3485.9998265036666|Cable Lay Vessel|traveling|array cable replacement|traveling from port to site|cable::B2::D1|array cable|cable::B2::D1|array cable|1.0|1.0|3.0437910235277186|53.0|RPR00000303|enroute|0|0|0.0|0.0|7583.8247417222565|7583.8247417222565
2025-05-06 20:50:40.863064|1999-05-26 06:51:11|3486.8528518388457|hydraulic_system|repair request|minor pitch system repair|severity level 1|p4|p4|hydraulic_system|hydraulic_system|1.0|1.0|0|0|RPR00000321|na|0|0|0|0|0|0
2025-05-06 20:50:40.864065|1999-05-26 09:02:38|3489.0436175271943|Cable Lay Vessel|complete travel|array cable replacement|arrived at cable::B2::D1|cable::B2::D1|array cable|cable::B2::D1|array cable|1.0|1.0|0|0|RPR00000303|site|0|0|0|0|0|0
2025-05-06 20:50:40.864065|1999-05-26 09:02:38|3489.0436175271943|Cable Lay Vessel|transferring crew|array cable replacement|transferring crew from Cable Lay Vessel to cable::B2::D1|cable::B2::D1|array cable|cable::B2::D1|array cable|1.0|1.0|0.25|0|RPR00000303|system|0|0.0|0.0|0.0|622.8930208333334|622.8930208333334
2025-05-06 20:50:40.864065|1999-05-26 09:17:38|3489.2936175271943|Cable Lay Vessel|complete transfer|array cable replacement|complete|cable::B2::D1|array cable|cable::B2::D1|array cable|1.0|1.0|0|0|RPR00000303|system|0|0|0|0|0|0
2025-05-06 20:50:40.864065|1999-05-26 09:17:38|3489.2936175271943|Cable Lay Vessel|repair|array cable replacement|repair|cable::B2::D1|array cable|cable::B2::D1|array cable|1.0|1.0|12.456111111111111|0|RPR00000303|system|0|0.0|0.0|0.0|31035.2987113426|31035.2987113426
2025-05-06 20:50:40.867063|1999-05-26 21:04:10|3501.069349136654|electrical_system|repair request|power converter major repair|severity level 2|E5|E5|electrical_system|electrical_system|1.0|1.0|0|0|RPR00000322|na|0|0|0|0|0|0
2025-05-06 20:50:40.868065|1999-05-26 21:04:15|3501.070738025543|Tugboat 1|delay|power converter major repair|insufficient time to complete travel before end of the shift|E5|E5|||0|0|8.929166666666667|0|RPR00000322|port|0|0.0|0.0|0.0|0.0|0.0
2025-05-06 20:50:40.869064|1999-05-26 21:45:00|3501.7497286383054|Cable Lay Vessel|transferring crew|array cable replacement|transferring crew from cable::B2::D1 to Cable Lay Vessel|cable::B2::D1|array cable|cable::B2::D1|array cable|1.0|1.0|0.25|0|RPR00000303|system|0|0.0|0.0|0.0|622.8930208333334|622.8930208333334
2025-05-06 20:50:40.869064|1999-05-26 22:00:00|3501.9997286383054|Cable Lay Vessel|complete transfer|array cable replacement|complete|cable::B2::D1|array cable|cable::B2::D1|array cable|1.0|1.0|0|0|RPR00000303|system|0|0|0|0|0|0
2025-05-06 20:50:40.869064|1999-05-26 22:00:00|3501.9997286383054|Cable Lay Vessel|traveling|array cable replacement|traveling from site to port|cable::B2::D1|array cable|cable::B2::D1|array cable|1.0|1.0|3.0436931581666062|53.0|RPR00000303|enroute|0|0|0.0|0.0|7583.580903120584|7583.580903120584
2025-05-06 20:50:40.870065|1999-05-27 01:02:37|3505.043421796472|Cable Lay Vessel|complete travel|array cable replacement|arrived at port|cable::B2::D1|array cable|cable::B2::D1|array cable|1.0|1.0|0|0|RPR00000303|port|0|0|0|0|0|0
2025-05-06 20:50:40.870065|1999-05-27 01:02:37|3505.043421796472|Cable Lay Vessel|delay|array cable replacement|work shift has ended; waiting for next shift to start|cable::B2::D1|array cable|cable::B2::D1|array cable|1.0|1.0|4.956388888888889|0|RPR00000303|port|0|0.0|0.0|0.0|12349.200189699075|12349.200189699075
2025-05-06 20:50:40.871571|1999-05-27 06:00:00|3509.999810685361|Cable Lay Vessel|traveling|array cable replacement|traveling from port to site|cable::B2::D1|array cable|cable::B2::D1|array cable|1.0|1.0|3.0437752052220635|53.0|RPR00000303|enroute|0|0|0.0|0.0|7583.785329273482|7583.785329273482
2025-05-06 20:50:40.871571|1999-05-27 06:00:00|3509.99990469221|Tugboat 1|traveling|power converter major repair|traveling from port to site|E5|E5|||0|0|0.0|0.0|RPR00000322|enroute|0|0|0.0|0.0|0.0|0.0
2025-05-06 20:50:40.871571|1999-05-27 06:00:00|3509.99990469221|Tugboat 1|complete travel|power converter major repair|arrived at E5|E5|E5|||0|0|0|0|RPR00000322|site|0|0|0|0|0|0
2025-05-06 20:50:40.873578|1999-05-27 06:00:00|3509.99990469221|Tugboat 1|delay|power converter major repair|weather delay|E5|E5|||0.0|0|1.0|0|RPR00000322|site|0|0|0.0|0.0|0.0|0.0
2025-05-06 20:50:40.873578|1999-05-27 07:00:00|3510.99990469221|Tugboat 1|unmooring|power converter major repair|Unmooring E5 to tow to port|E5|E5|||0.0|0|2.0|0|RPR00000322|system|0|0.0|0.0|0.0|0.0|0.0
2025-05-06 20:50:40.873578|1999-05-27 09:00:00|3512.99990469221|Tugboat 1|complete unmooring|power converter major repair|complete|E5|E5|||0.0|0|0|0|RPR00000322|na|0|0|0|0|0|0
2025-05-06 20:50:40.873578|1999-05-27 09:00:00|3512.99990469221|Tugboat 1|towing|towing turbine to port||E5|E5|||0|0|0|0.0|RPR00000322|enroute|0|0.0|0.0|0.0|0.0|0.0
2025-05-06 20:50:40.873578|1999-05-27 09:00:00|3512.99990469221|Tugboat 1|complete towing|towing turbine to port|complete|E5|E5|||0|0|0|0|RPR00000322|port|0|0.0|0.0|0.0|0.0|0.0
2025-05-06 20:50:40.874578|1999-05-27 09:00:00|3512.99990469221|Eurkea Port|requests being moved|||E5|E5|generator|generator|nan|nan|0|0|MNT00000233|na|0|0|0|0|0|0
2025-05-06 20:50:40.874578|1999-05-27 09:00:00|3512.99990469221|Eurkea Port|requests being moved|||E5|E5|supporting_structure|supporting_structure|nan|nan|0|0|MNT00000234|na|0|0|0|0|0|0
2025-05-06 20:50:40.874578|1999-05-27 09:00:00|3512.99990469221|Eurkea Port|requests being moved|||E5|E5|supporting_structure|supporting_structure|nan|nan|0|0|MNT00000235|na|0|0|0|0|0|0
2025-05-06 20:50:40.874578|1999-05-27 09:00:00|3512.99990469221|Eurkea Port|requests being moved|||E5|E5|electrical_system|electrical_system|nan|nan|0|0|RPR00000322|na|0|0|0|0|0|0
2025-05-06 20:50:40.874578|1999-05-27 09:00:00|3512.99990469221|Eurkea Port|requests moved to port|at-port repair can now proceed||E5|E5|generator|generator|nan|nan|0|0|MNT00000233|na|0|0|0|0|0|0
2025-05-06 20:50:40.874578|1999-05-27 09:00:00|3512.99990469221|Eurkea Port|requests moved to port|at-port repair can now proceed||E5|E5|supporting_structure|supporting_structure|nan|nan|0|0|MNT00000234|na|0|0|0|0|0|0
2025-05-06 20:50:40.874578|1999-05-27 09:00:00|3512.99990469221|Eurkea Port|requests moved to port|at-port repair can now proceed||E5|E5|supporting_structure|supporting_structure|nan|nan|0|0|MNT00000235|na|0|0|0|0|0|0
2025-05-06 20:50:40.874578|1999-05-27 09:00:00|3512.99990469221|Eurkea Port|requests moved to port|at-port repair can now proceed||E5|E5|electrical_system|electrical_system|nan|nan|0|0|RPR00000322|na|0|0|0|0|0|0
2025-05-06 20:50:40.874578|1999-05-27 09:00:00|3512.99990469221|Eurkea Port|maintenance|annual turbine inspection|maintenance|E5|E5|generator|generator|0|0|13.0|0|MNT00000233|port|0|0.0|0.0|0.0|0.0|0.0
2025-05-06 20:50:40.875577|1999-05-27 09:02:37|3513.043585890583|Cable Lay Vessel|complete travel|array cable replacement|arrived at cable::B2::D1|cable::B2::D1|array cable|cable::B2::D1|array cable|1.0|1.0|0|0|RPR00000303|site|0|0|0|0|0|0
2025-05-06 20:50:40.875577|1999-05-27 09:02:37|3513.043585890583|Cable Lay Vessel|transferring crew|array cable replacement|transferring crew from Cable Lay Vessel to cable::B2::D1|cable::B2::D1|array cable|cable::B2::D1|array cable|1.0|1.0|0.25|0|RPR00000303|system|0|0.0|0.0|0.0|622.8930208333334|622.8930208333334
2025-05-06 20:50:40.875577|1999-05-27 09:17:37|3513.293585890583|Cable Lay Vessel|complete transfer|array cable replacement|complete|cable::B2::D1|array cable|cable::B2::D1|array cable|1.0|1.0|0|0|RPR00000303|system|0|0|0|0|0|0
2025-05-06 20:50:40.875577|1999-05-27 09:17:37|3513.293585890583|Cable Lay Vessel|repair|array cable replacement|repair|cable::B2::D1|array cable|cable::B2::D1|array cable|1.0|1.0|12.456388888888888|0|RPR00000303|system|0|0.0|0.0|0.0|31035.990814699075|31035.990814699075
2025-05-06 20:50:40.875577|1999-05-27 10:29:31|3514.491915146193|Diving Support Vessel 1|mobilization|Diving Support Vessel 1 has arrived on site|mobilization|||||0|0|0|0|na|site|0|0|0|0|225000.0|225000.0
2025-05-06 20:50:40.875577|1999-05-27 10:29:31|3514.491915146193|Diving Support Vessel 1|traveling|structural subsea inspection|traveling from None to A4|A4|A4|supporting_structure|supporting_structure|1.0|1.0|0.0|0.0|MNT00000145|enroute|0|0|0.0|0.0|0.0|0.0
2025-05-06 20:50:40.876578|1999-05-27 10:29:31|3514.491915146193|Diving Support Vessel 1|complete travel|structural subsea inspection|arrived at A4|A4|A4|supporting_structure|supporting_structure|1.0|1.0|0|0|MNT00000145|system|0|0|0|0|0|0
2025-05-06 20:50:40.878859|1999-05-27 10:29:31|3514.491915146193|Diving Support Vessel 1|transferring crew|structural subsea inspection|transferring crew from Diving Support Vessel 1 to A4|A4|A4|supporting_structure|supporting_structure|0.0|1.0|0.25|0|MNT00000145|system|0|0.0|0.0|0.0|781.25|781.25
2025-05-06 20:50:40.878859|1999-05-27 10:44:31|3514.741915146193|Diving Support Vessel 1|complete transfer|structural subsea inspection|complete|A4|A4|supporting_structure|supporting_structure|0.0|1.0|0|0|MNT00000145|system|0|0|0|0|0|0
2025-05-06 20:50:40.878859|1999-05-27 10:44:31|3514.741915146193|Diving Support Vessel 1|maintenance|structural subsea inspection|maintenance|A4|A4|supporting_structure|supporting_structure|0.0|1.0|6.0|0|MNT00000145|system|0|0.0|0.0|0.0|18750.0|18750.0
2025-05-06 20:50:40.881081|1999-05-27 16:44:31|3520.741915146193|Diving Support Vessel 1|transferring crew|structural subsea inspection|transferring crew from A4 to Diving Support Vessel 1|A4|A4|supporting_structure|supporting_structure|0.0|1.0|0.25|0|MNT00000145|system|0|0.0|0.0|0.0|781.25|781.25
2025-05-06 20:50:40.881081|1999-05-27 16:59:31|3520.991915146193|Diving Support Vessel 1|complete transfer|structural subsea inspection|complete|A4|A4|supporting_structure|supporting_structure|0.0|1.0|0|0|MNT00000145|system|0|0|0|0|0|0
2025-05-06 20:50:40.881583|1999-05-27 16:59:31|3520.991915146193|Diving Support Vessel 1|maintenance complete|structural subsea inspection|complete|A4|A4|supporting_structure|supporting_structure|1.0|1.0|0|0|MNT00000145|system|500.0|0|0|0|0|500.0
2025-05-06 20:50:40.885087|1999-05-27 16:59:31|3520.991915146193|Diving Support Vessel 1|traveling|structural subsea inspection|traveling from A4 to C3|C3|C3|supporting_structure|supporting_structure|1.0|1.0|0.05152569003582225|1.5267061957614132|MNT00000148|enroute|0|0|0.0|0.0|161.01778136194454|161.01778136194454
2025-05-06 20:50:40.887217|1999-05-27 17:02:37|3521.043440836229|Diving Support Vessel 1|complete travel|structural subsea inspection|arrived at C3|C3|C3|supporting_structure|supporting_structure|1.0|1.0|0|0|MNT00000148|system|0|0|0|0|0|0
2025-05-06 20:50:40.889166|1999-05-27 17:02:37|3521.043440836229|Diving Support Vessel 1|transferring crew|structural subsea inspection|transferring crew from Diving Support Vessel 1 to C3|C3|C3|supporting_structure|supporting_structure|0.0|1.0|0.25|0|MNT00000148|system|0|0.0|0.0|0.0|781.25|781.25
2025-05-06 20:50:40.889166|1999-05-27 17:17:37|3521.293440836229|Diving Support Vessel 1|complete transfer|structural subsea inspection|complete|C3|C3|supporting_structure|supporting_structure|0.0|1.0|0|0|MNT00000148|system|0|0|0|0|0|0
2025-05-06 20:50:40.889166|1999-05-27 17:17:37|3521.293440836229|Diving Support Vessel 1|maintenance|structural subsea inspection|maintenance|C3|C3|supporting_structure|supporting_structure|0.0|1.0|4.456388888888889|0|MNT00000148|system|0|0.0|0.0|0.0|13926.215277777777|13926.215277777777
2025-05-06 20:50:40.891087|1999-05-27 21:45:00|3525.7498297251177|Diving Support Vessel 1|transferring crew|structural subsea inspection|transferring crew from C3 to Diving Support Vessel 1|C3|C3|supporting_structure|supporting_structure|0.0|1.0|0.25|0|MNT00000148|system|0|0.0|0.0|0.0|781.25|781.25
2025-05-06 20:50:40.891679|1999-05-27 21:45:00|3525.749974779472|Cable Lay Vessel|transferring crew|array cable replacement|transferring crew from cable::B2::D1 to Cable Lay Vessel|cable::B2::D1|array cable|cable::B2::D1|array cable|1.0|1.0|0.25|0|RPR00000303|system|0|0.0|0.0|0.0|622.8930208333334|622.8930208333334
2025-05-06 20:50:40.891679|1999-05-27 22:00:00|3525.9998297251177|Diving Support Vessel 1|complete transfer|structural subsea inspection|complete|C3|C3|supporting_structure|supporting_structure|0.0|1.0|0|0|MNT00000148|system|0|0|0|0|0|0
2025-05-06 20:50:40.892683|1999-05-27 22:00:00|3525.9998297251177|Diving Support Vessel 1|traveling|structural subsea inspection|traveling from site to port|C3|C3|supporting_structure|supporting_structure|0.0|1.0|2.788557366022195|53.0|MNT00000148|enroute|0|0|0.0|0.0|8714.24176881936|8714.24176881936
2025-05-06 20:50:40.892683|1999-05-27 22:00:00|3525.99990469221|Eurkea Port|delay|annual turbine inspection|end of shift; will resume work in the next shift|E5|E5|generator|generator|0|0|8.0|0|MNT00000233|port|0|0.0|0.0|0.0|0.0|0.0
2025-05-06 20:50:40.892683|1999-05-27 22:00:00|3525.999974779472|Cable Lay Vessel|complete transfer|array cable replacement|complete|cable::B2::D1|array cable|cable::B2::D1|array cable|1.0|1.0|0|0|RPR00000303|system|0|0|0|0|0|0
2025-05-06 20:50:40.893685|1999-05-27 22:00:00|3525.999974779472|Cable Lay Vessel|traveling|array cable replacement|traveling from site to port|cable::B2::D1|array cable|cable::B2::D1|array cable|1.0|1.0|3.043939299332978|53.0|RPR00000303|enroute|0|0|0.0|0.0|7584.194181579274|7584.194181579274
2025-05-06 20:50:40.894765|1999-05-28 00:47:19|3528.78838709114|Diving Support Vessel 1|complete travel|structural subsea inspection|arrived at port|C3|C3|supporting_structure|supporting_structure|0.0|1.0|0|0|MNT00000148|port|0|0|0|0|0|0
2025-05-06 20:50:40.894765|1999-05-28 00:47:19|3528.78838709114|Diving Support Vessel 1|delay|structural subsea inspection|work shift has ended; waiting for next shift to start|C3|C3|supporting_structure|supporting_structure|0.0|1.0|5.211388888888889|0|MNT00000148|port|0|0.0|0.0|0.0|16285.59027777778|16285.59027777778
2025-05-06 20:50:40.894765|1999-05-28 01:02:39|3529.043914078805|Cable Lay Vessel|complete travel|array cable replacement|arrived at port|cable::B2::D1|array cable|cable::B2::D1|array cable|1.0|1.0|0|0|RPR00000303|port|0|0|0|0|0|0
2025-05-06 20:50:40.894765|1999-05-28 01:02:39|3529.043914078805|Cable Lay Vessel|delay|array cable replacement|work shift has ended; waiting for next shift to start|cable::B2::D1|array cable|cable::B2::D1|array cable|1.0|1.0|4.9558333333333335|0|RPR00000303|port|0|0.0|0.0|0.0|12347.815982986112|12347.815982986112
2025-05-06 20:50:40.896767|1999-05-28 06:00:00|3533.9997474121383|Cable Lay Vessel|traveling|array cable replacement|traveling from port to site|cable::B2::D1|array cable|cable::B2::D1|array cable|1.0|1.0|3.0437119319994417|53.0|RPR00000303|enroute|0|0|0.0|0.0|7583.627679478374|7583.627679478374
2025-05-06 20:50:40.897764|1999-05-28 06:00:00|3533.999775980029|Diving Support Vessel 1|traveling|structural subsea inspection|traveling from port to site|C3|C3|supporting_structure|supporting_structure|0.0|1.0|2.78850362093346|53.0|MNT00000148|enroute|0|0|0.0|0.0|8714.073815417063|8714.073815417063
2025-05-06 20:50:40.897764|1999-05-28 06:00:00|3533.99990469221|Eurkea Port|maintenance|annual turbine inspection|maintenance|E5|E5|generator|generator|0|0|11.0|0|MNT00000233|port|0|0.0|0.0|0.0|0.0|0.0
2025-05-06 20:50:40.898770|1999-05-28 06:49:31|3534.8251366016693|electrical_system|repair request|power converter major repair|severity level 2|C5|C5|electrical_system|electrical_system|1.0|1.0|0|0|RPR00000323|na|0|0|0|0|0|0
2025-05-06 20:50:40.899759|1999-05-28 06:49:46|3534.8293032683364|Tugboat 2|traveling|power converter major repair|traveling from port to site|C5|C5|||0|0|0.0|0.0|RPR00000323|enroute|0|0|0.0|0.0|0.0|0.0
2025-05-06 20:50:40.899759|1999-05-28 06:49:46|3534.8293032683364|Tugboat 2|complete travel|power converter major repair|arrived at C5|C5|C5|||0|0|0|0|RPR00000323|site|0|0|0|0|0|0
2025-05-06 20:50:40.901264|1999-05-28 06:49:46|3534.8293032683364|Tugboat 2|unmooring|power converter major repair|Unmooring C5 to tow to port|C5|C5|||0.0|0|2.0|0|RPR00000323|system|0|0.0|0.0|0.0|0.0|0.0
2025-05-06 20:50:40.902271|1999-05-28 08:47:18|3536.7882796009626|Diving Support Vessel 1|complete travel|structural subsea inspection|arrived at C3|C3|C3|supporting_structure|supporting_structure|0.0|1.0|0|0|MNT00000148|site|0|0|0|0|0|0
2025-05-06 20:50:40.902271|1999-05-28 08:47:18|3536.7882796009626|Diving Support Vessel 1|transferring crew|structural subsea inspection|transferring crew from Diving Support Vessel 1 to C3|C3|C3|supporting_structure|supporting_structure|0.0|1.0|0.25|0|MNT00000148|system|0|0.0|0.0|0.0|781.25|781.25
2025-05-06 20:50:40.902271|1999-05-28 08:49:46|3536.8293032683364|Tugboat 2|complete unmooring|power converter major repair|complete|C5|C5|||0.0|0|0|0|RPR00000323|na|0|0|0|0|0|0
2025-05-06 20:50:40.902271|1999-05-28 08:49:46|3536.8293032683364|Tugboat 2|towing|towing turbine to port||C5|C5|||0|0|0|0.0|RPR00000323|enroute|0|0.0|0.0|0.0|0.0|0.0
2025-05-06 20:50:40.902271|1999-05-28 08:49:46|3536.8293032683364|Tugboat 2|complete towing|towing turbine to port|complete|C5|C5|||0|0|0|0|RPR00000323|port|0|0.0|0.0|0.0|0.0|0.0
2025-05-06 20:50:40.902271|1999-05-28 08:49:46|3536.8293032683364|Eurkea Port|requests being moved|||C5|C5|hydraulic_system|hydraulic_system|nan|nan|0|0|RPR00000035|na|0|0|0|0|0|0
2025-05-06 20:50:40.902271|1999-05-28 08:49:46|3536.8293032683364|Eurkea Port|requests being moved|||C5|C5|generator|generator|nan|nan|0|0|MNT00000077|na|0|0|0|0|0|0
2025-05-06 20:50:40.903346|1999-05-28 08:49:46|3536.8293032683364|Eurkea Port|requests being moved|||C5|C5|supporting_structure|supporting_structure|nan|nan|0|0|MNT00000078|na|0|0|0|0|0|0
2025-05-06 20:50:40.903346|1999-05-28 08:49:46|3536.8293032683364|Eurkea Port|requests being moved|||C5|C5|hydraulic_system|hydraulic_system|nan|nan|0|0|RPR00000300|na|0|0|0|0|0|0
2025-05-06 20:50:40.903346|1999-05-28 08:49:46|3536.8293032683364|Eurkea Port|requests being moved|||C5|C5|electrical_system|electrical_system|nan|nan|0|0|RPR00000323|na|0|0|0|0|0|0
2025-05-06 20:50:40.903346|1999-05-28 08:49:46|3536.8293032683364|Eurkea Port|requests moved to port|at-port repair can now proceed||C5|C5|hydraulic_system|hydraulic_system|nan|nan|0|0|RPR00000035|na|0|0|0|0|0|0
2025-05-06 20:50:40.903346|1999-05-28 08:49:46|3536.8293032683364|Eurkea Port|requests moved to port|at-port repair can now proceed||C5|C5|generator|generator|nan|nan|0|0|MNT00000077|na|0|0|0|0|0|0
2025-05-06 20:50:40.903346|1999-05-28 08:49:46|3536.8293032683364|Eurkea Port|requests moved to port|at-port repair can now proceed||C5|C5|supporting_structure|supporting_structure|nan|nan|0|0|MNT00000078|na|0|0|0|0|0|0
2025-05-06 20:50:40.903346|1999-05-28 08:49:46|3536.8293032683364|Eurkea Port|requests moved to port|at-port repair can now proceed||C5|C5|hydraulic_system|hydraulic_system|nan|nan|0|0|RPR00000300|na|0|0|0|0|0|0
2025-05-06 20:50:40.903346|1999-05-28 08:49:46|3536.8293032683364|Eurkea Port|requests moved to port|at-port repair can now proceed||C5|C5|electrical_system|electrical_system|nan|nan|0|0|RPR00000323|na|0|0|0|0|0|0
2025-05-06 20:50:40.903346|1999-05-28 08:49:46|3536.8293032683364|Eurkea Port|repair|minor pitch system repair|repair|C5|C5|hydraulic_system|hydraulic_system|0|0|13.170555555555556|0|RPR00000035|port|0|0.0|0.0|0.0|0.0|0.0
2025-05-06 20:50:40.904352|1999-05-28 09:02:18|3537.0382796009626|Diving Support Vessel 1|complete transfer|structural subsea inspection|complete|C3|C3|supporting_structure|supporting_structure|0.0|1.0|0|0|MNT00000148|system|0|0|0|0|0|0
2025-05-06 20:50:40.904352|1999-05-28 09:02:18|3537.0382796009626|Diving Support Vessel 1|maintenance|structural subsea inspection|maintenance|C3|C3|supporting_structure|supporting_structure|0.0|1.0|1.5436111111111108|0|MNT00000148|system|0|0.0|0.0|0.0|4823.784722222221|4823.784722222221
2025-05-06 20:50:40.904352|1999-05-28 09:02:37|3537.043459344138|Cable Lay Vessel|complete travel|array cable replacement|arrived at cable::B2::D1|cable::B2::D1|array cable|cable::B2::D1|array cable|1.0|1.0|0|0|RPR00000303|site|0|0|0|0|0|0
2025-05-06 20:50:40.904352|1999-05-28 09:02:37|3537.043459344138|Cable Lay Vessel|transferring crew|array cable replacement|transferring crew from Cable Lay Vessel to cable::B2::D1|cable::B2::D1|array cable|cable::B2::D1|array cable|1.0|1.0|0.25|0|RPR00000303|system|0|0.0|0.0|0.0|622.8930208333334|622.8930208333334
2025-05-06 20:50:40.904352|1999-05-28 09:17:37|3537.293459344138|Cable Lay Vessel|complete transfer|array cable replacement|complete|cable::B2::D1|array cable|cable::B2::D1|array cable|1.0|1.0|0|0|RPR00000303|system|0|0|0|0|0|0
2025-05-06 20:50:40.904352|1999-05-28 09:17:37|3537.293459344138|Cable Lay Vessel|repair|array cable replacement|repair|cable::B2::D1|array cable|cable::B2::D1|array cable|1.0|1.0|12.456388888888888|0|RPR00000303|system|0|0.0|0.0|0.0|31035.990814699075|31035.990814699075
2025-05-06 20:50:40.905359|1999-05-28 10:34:55|3538.581890712074|Diving Support Vessel 1|transferring crew|structural subsea inspection|transferring crew from C3 to Diving Support Vessel 1|C3|C3|supporting_structure|supporting_structure|0.0|1.0|0.25|0|MNT00000148|system|0|0.0|0.0|0.0|781.25|781.25
2025-05-06 20:50:40.905359|1999-05-28 10:49:55|3538.831890712074|Diving Support Vessel 1|complete transfer|structural subsea inspection|complete|C3|C3|supporting_structure|supporting_structure|0.0|1.0|0|0|MNT00000148|system|0|0|0|0|0|0
2025-05-06 20:50:40.905359|1999-05-28 10:49:55|3538.831890712074|Diving Support Vessel 1|maintenance complete|structural subsea inspection|complete|C3|C3|supporting_structure|supporting_structure|1.0|1.0|0|0|MNT00000148|system|500.0|0|0|0|0|500.0
2025-05-06 20:50:40.908349|1999-05-28 10:49:55|3538.831890712074|Diving Support Vessel 1|traveling|structural subsea inspection|traveling from C3 to C2|C2|C2|supporting_structure|supporting_structure|1.0|1.0|0.05152967754664528|1.5268243457070996|MNT00000151|enroute|0|0|0.0|0.0|161.0302423332665|161.0302423332665
2025-05-06 20:50:40.909268|1999-05-28 10:53:01|3538.8834203896204|Diving Support Vessel 1|complete travel|structural subsea inspection|arrived at C2|C2|C2|supporting_structure|supporting_structure|1.0|1.0|0|0|MNT00000151|system|0|0|0|0|0|0
2025-05-06 20:50:40.911273|1999-05-28 10:53:01|3538.8834203896204|Diving Support Vessel 1|transferring crew|structural subsea inspection|transferring crew from Diving Support Vessel 1 to C2|C2|C2|supporting_structure|supporting_structure|0.0|1.0|0.25|0|MNT00000151|system|0|0.0|0.0|0.0|781.25|781.25
2025-05-06 20:50:40.911784|1999-05-28 11:08:01|3539.1334203896204|Diving Support Vessel 1|complete transfer|structural subsea inspection|complete|C2|C2|supporting_structure|supporting_structure|0.0|1.0|0|0|MNT00000151|system|0|0|0|0|0|0
2025-05-06 20:50:40.911784|1999-05-28 11:08:01|3539.1334203896204|Diving Support Vessel 1|maintenance|structural subsea inspection|maintenance|C2|C2|supporting_structure|supporting_structure|0.0|1.0|6.0|0|MNT00000151|system|0|0.0|0.0|0.0|18750.0|18750.0
2025-05-06 20:50:40.912794|1999-05-28 17:00:00|3544.99990469221|Eurkea Port|maintenance complete|annual turbine inspection|complete|E5||generator|generator|0|0|0|0|MNT00000233|na|1500.0|0|0|0|0|1500.0
2025-05-06 20:50:40.913792|1999-05-28 17:00:00|3544.99990469221|Eurkea Port|maintenance|structural annual inspection|maintenance|E5|E5|supporting_structure|supporting_structure|0|0|5.0|0|MNT00000234|port|0|0.0|0.0|0.0|0.0|0.0
2025-05-06 20:50:40.914793|1999-05-28 17:08:01|3545.1334203896204|Diving Support Vessel 1|transferring crew|structural subsea inspection|transferring crew from C2 to Diving Support Vessel 1|C2|C2|supporting_structure|supporting_structure|0.0|1.0|0.25|0|MNT00000151|system|0|0.0|0.0|0.0|781.25|781.25
2025-05-06 20:50:40.914793|1999-05-28 17:23:01|3545.3834203896204|Diving Support Vessel 1|complete transfer|structural subsea inspection|complete|C2|C2|supporting_structure|supporting_structure|0.0|1.0|0|0|MNT00000151|system|0|0|0|0|0|0
2025-05-06 20:50:40.914793|1999-05-28 17:23:01|3545.3834203896204|Diving Support Vessel 1|maintenance complete|structural subsea inspection|complete|C2|C2|supporting_structure|supporting_structure|1.0|1.0|0|0|MNT00000151|system|500.0|0|0|0|0|500.0
2025-05-06 20:50:40.916793|1999-05-28 17:23:01|3545.3834203896204|Diving Support Vessel 1|traveling|structural subsea inspection|traveling from C2 to E1|E1|E1|supporting_structure|supporting_structure|1.0|1.0|0.05153312974514316|1.5269266343485917|MNT00000154|enroute|0|0|0.0|0.0|161.04103045357238|161.04103045357238
2025-05-06 20:50:40.918792|1999-05-28 17:26:06|3545.4349535193655|Diving Support Vessel 1|complete travel|structural subsea inspection|arrived at E1|E1|E1|supporting_structure|supporting_structure|1.0|1.0|0|0|MNT00000154|system|0|0|0|0|0|0
2025-05-06 20:50:40.919792|1999-05-28 17:26:06|3545.4349535193655|Diving Support Vessel 1|transferring crew|structural subsea inspection|transferring crew from Diving Support Vessel 1 to E1|E1|E1|supporting_structure|supporting_structure|0.0|1.0|0.25|0|MNT00000154|system|0|0.0|0.0|0.0|781.25|781.25
2025-05-06 20:50:40.919792|1999-05-28 17:41:06|3545.6849535193655|Diving Support Vessel 1|complete transfer|structural subsea inspection|complete|E1|E1|supporting_structure|supporting_structure|0.0|1.0|0|0|MNT00000154|system|0|0|0|0|0|0
2025-05-06 20:50:40.919792|1999-05-28 17:41:06|3545.6849535193655|Diving Support Vessel 1|maintenance|structural subsea inspection|maintenance|E1|E1|supporting_structure|supporting_structure|0.0|1.0|4.0649999999999995|0|MNT00000154|system|0|0.0|0.0|0.0|12703.124999999998|12703.124999999998
2025-05-06 20:50:40.921434|1999-05-28 20:18:49|3548.3135704806955|electrical_system|repair request|power converter major repair|severity level 2|A6|A6|electrical_system|electrical_system|1.0|1.0|0|0|RPR00000324|na|0|0|0|0|0|0
2025-05-06 20:50:40.922312|1999-05-28 21:45:00|3549.7498482330266|Cable Lay Vessel|transferring crew|array cable replacement|transferring crew from cable::B2::D1 to Cable Lay Vessel|cable::B2::D1|array cable|cable::B2::D1|array cable|1.0|1.0|0.25|0|RPR00000303|system|0|0.0|0.0|0.0|622.8930208333334|622.8930208333334
2025-05-06 20:50:40.923314|1999-05-28 21:45:00|3549.7499535193656|Diving Support Vessel 1|transferring crew|structural subsea inspection|transferring crew from E1 to Diving Support Vessel 1|E1|E1|supporting_structure|supporting_structure|0.0|1.0|0.25|0|MNT00000154|system|0|0.0|0.0|0.0|781.25|781.25
2025-05-06 20:50:40.923314|1999-05-28 22:00:00|3549.9998482330266|Cable Lay Vessel|complete transfer|array cable replacement|complete|cable::B2::D1|array cable|cable::B2::D1|array cable|1.0|1.0|0|0|RPR00000303|system|0|0|0|0|0|0
2025-05-06 20:50:40.924313|1999-05-28 22:00:00|3549.9998482330266|Cable Lay Vessel|traveling|array cable replacement|traveling from site to port|cable::B2::D1|array cable|cable::B2::D1|array cable|1.0|1.0|3.0438127528877335|53.0|RPR00000303|enroute|0|0|0.0|0.0|7583.87888198906|7583.87888198906
2025-05-06 20:50:40.924313|1999-05-28 22:00:00|3549.999858823892|Eurkea Port|delay|minor pitch system repair|end of shift; will resume work in the next shift|C5|C5|hydraulic_system|hydraulic_system|0|0|8.0|0|RPR00000035|port|0|0.0|0.0|0.0|0.0|0.0
2025-05-06 20:50:40.924313|1999-05-28 22:00:00|3549.99990469221|Eurkea Port|delay|structural annual inspection|end of shift; will resume work in the next shift|E5|E5|supporting_structure|supporting_structure|0|0|8.0|0|MNT00000234|port|0|0.0|0.0|0.0|0.0|0.0
2025-05-06 20:50:40.924313|1999-05-28 22:00:00|3549.9999535193656|Diving Support Vessel 1|complete transfer|structural subsea inspection|complete|E1|E1|supporting_structure|supporting_structure|0.0|1.0|0|0|MNT00000154|system|0|0|0|0|0|0
2025-05-06 20:50:40.925310|1999-05-28 22:00:00|3549.9999535193656|Diving Support Vessel 1|traveling|structural subsea inspection|traveling from site to port|E1|E1|supporting_structure|supporting_structure|0.0|1.0|2.788681160270079|53.0|MNT00000154|enroute|0|0|0.0|0.0|8714.628625843996|8714.628625843996
2025-05-06 20:50:40.926308|1999-05-29 00:47:20|3552.788634679636|Diving Support Vessel 1|complete travel|structural subsea inspection|arrived at port|E1|E1|supporting_structure|supporting_structure|0.0|1.0|0|0|MNT00000154|port|0|0|0|0|0|0
2025-05-06 20:50:40.926308|1999-05-29 00:47:20|3552.788634679636|Diving Support Vessel 1|delay|structural subsea inspection|work shift has ended; waiting for next shift to start|E1|E1|supporting_structure|supporting_structure|0.0|1.0|5.211111111111111|0|MNT00000154|port|0|0.0|0.0|0.0|16284.722222222223|16284.722222222223
2025-05-06 20:50:40.926308|1999-05-29 01:02:38|3553.0436609859144|Cable Lay Vessel|complete travel|array cable replacement|arrived at port|cable::B2::D1|array cable|cable::B2::D1|array cable|1.0|1.0|0|0|RPR00000303|port|0|0|0|0|0|0
2025-05-06 20:50:40.927307|1999-05-29 01:02:38|3553.0436609859144|Cable Lay Vessel|delay|array cable replacement|work shift has ended; waiting for next shift to start|cable::B2::D1|array cable|cable::B2::D1|array cable|1.0|1.0|4.956111111111111|0|RPR00000303|port|0|0.0|0.0|0.0|12348.508086342594|12348.508086342594
2025-05-06 20:50:40.929320|1999-05-29 06:00:00|3557.999745790747|Diving Support Vessel 1|traveling|structural subsea inspection|traveling from port to site|E1|E1|supporting_structure|supporting_structure|0.0|1.0|2.788473431651545|53.0|MNT00000154|enroute|0|0|0.0|0.0|8713.979473911078|8713.979473911078
2025-05-06 20:50:40.929320|1999-05-29 06:00:00|3557.9997720970255|Cable Lay Vessel|traveling|array cable replacement|traveling from port to site|cable::B2::D1|array cable|cable::B2::D1|array cable|1.0|1.0|3.0437366168866355|53.0|RPR00000303|enroute|0|0|0.0|0.0|7583.689183654186|7583.689183654186
2025-05-06 20:50:40.930316|1999-05-29 06:00:00|3557.999858823892|Eurkea Port|repair|minor pitch system repair|repair|C5|C5|hydraulic_system|hydraulic_system|0|0|4.829444444444444|0|RPR00000035|port|0|0.0|0.0|0.0|0.0|0.0
2025-05-06 20:50:40.930316|1999-05-29 06:00:00|3557.99990469221|Eurkea Port|maintenance|structural annual inspection|maintenance|E5|E5|supporting_structure|supporting_structure|0|0|16.0|0|MNT00000234|port|0|0.0|0.0|0.0|0.0|0.0
2025-05-06 20:50:40.931306|1999-05-29 08:47:18|3560.7882192223988|Diving Support Vessel 1|complete travel|structural subsea inspection|arrived at E1|E1|E1|supporting_structure|supporting_structure|0.0|1.0|0|0|MNT00000154|site|0|0|0|0|0|0
2025-05-06 20:50:40.932393|1999-05-29 08:47:18|3560.7882192223988|Diving Support Vessel 1|transferring crew|structural subsea inspection|transferring crew from Diving Support Vessel 1 to E1|E1|E1|supporting_structure|supporting_structure|0.0|1.0|0.25|0|MNT00000154|system|0|0.0|0.0|0.0|781.25|781.25
2025-05-06 20:50:40.932393|1999-05-29 09:02:18|3561.0382192223988|Diving Support Vessel 1|complete transfer|structural subsea inspection|complete|E1|E1|supporting_structure|supporting_structure|0.0|1.0|0|0|MNT00000154|system|0|0|0|0|0|0
2025-05-06 20:50:40.932393|1999-05-29 09:02:18|3561.0382192223988|Diving Support Vessel 1|maintenance|structural subsea inspection|maintenance|E1|E1|supporting_structure|supporting_structure|0.0|1.0|1.9350000000000005|0|MNT00000154|system|0|0.0|0.0|0.0|6046.875000000001|6046.875000000001
2025-05-06 20:50:40.932393|1999-05-29 09:02:37|3561.043508713912|Cable Lay Vessel|complete travel|array cable replacement|arrived at cable::B2::D1|cable::B2::D1|array cable|cable::B2::D1|array cable|1.0|1.0|0|0|RPR00000303|site|0|0|0|0|0|0
2025-05-06 20:50:40.933403|1999-05-29 09:02:37|3561.043508713912|Cable Lay Vessel|transferring crew|array cable replacement|transferring crew from Cable Lay Vessel to cable::B2::D1|cable::B2::D1|array cable|cable::B2::D1|array cable|1.0|1.0|0.25|0|RPR00000303|system|0|0.0|0.0|0.0|622.8930208333334|622.8930208333334
2025-05-06 20:50:40.933403|1999-05-29 09:17:37|3561.293508713912|Cable Lay Vessel|complete transfer|array cable replacement|complete|cable::B2::D1|array cable|cable::B2::D1|array cable|1.0|1.0|0|0|RPR00000303|system|0|0|0|0|0|0
2025-05-06 20:50:40.933403|1999-05-29 09:17:37|3561.293508713912|Cable Lay Vessel|repair|array cable replacement|repair|cable::B2::D1|array cable|cable::B2::D1|array cable|1.0|1.0|12.456388888888888|0|RPR00000303|system|0|0.0|0.0|0.0|31035.990814699075|31035.990814699075
2025-05-06 20:50:40.933403|1999-05-29 10:49:46|3562.8293032683364|Eurkea Port|repair complete|minor pitch system repair|complete|C5||hydraulic_system|hydraulic_system|0|0|0|0|RPR00000035|na|500.0|0|0|0|0|500.0
2025-05-06 20:50:40.934402|1999-05-29 10:49:46|3562.8293032683364|Eurkea Port|maintenance|annual turbine inspection|maintenance|C5|C5|generator|generator|0|0|11.170555555555556|0|MNT00000077|port|0|0.0|0.0|0.0|0.0|0.0
2025-05-06 20:50:40.934402|1999-05-29 10:58:24|3562.9732192223987|Diving Support Vessel 1|transferring crew|structural subsea inspection|transferring crew from E1 to Diving Support Vessel 1|E1|E1|supporting_structure|supporting_structure|0.0|1.0|0.25|0|MNT00000154|system|0|0.0|0.0|0.0|781.25|781.25
2025-05-06 20:50:40.935403|1999-05-29 11:13:24|3563.2232192223987|Diving Support Vessel 1|complete transfer|structural subsea inspection|complete|E1|E1|supporting_structure|supporting_structure|0.0|1.0|0|0|MNT00000154|system|0|0|0|0|0|0
2025-05-06 20:50:40.935403|1999-05-29 11:13:24|3563.2232192223987|Diving Support Vessel 1|maintenance complete|structural subsea inspection|complete|E1|E1|supporting_structure|supporting_structure|1.0|1.0|0|0|MNT00000154|system|500.0|0|0|0|0|500.0
2025-05-06 20:50:40.938402|1999-05-29 11:13:24|3563.2232192223987|Diving Support Vessel 1|traveling|structural subsea inspection|traveling from E1 to g|g|g|supporting_structure|supporting_structure|1.0|1.0|0.05153653150340703|1.5270274284459502|MNT00000157|enroute|0|0|0.0|0.0|161.05166094814697|161.05166094814697
2025-05-06 20:50:40.939404|1999-05-29 11:16:30|3563.274755753902|Diving Support Vessel 1|complete travel|structural subsea inspection|arrived at g|g|g|supporting_structure|supporting_structure|1.0|1.0|0|0|MNT00000157|system|0|0|0|0|0|0
2025-05-06 20:50:40.941393|1999-05-29 11:16:30|3563.274755753902|Diving Support Vessel 1|transferring crew|structural subsea inspection|transferring crew from Diving Support Vessel 1 to g|g|g|supporting_structure|supporting_structure|0.0|1.0|0.25|0|MNT00000157|system|0|0.0|0.0|0.0|781.25|781.25
2025-05-06 20:50:40.941393|1999-05-29 11:31:30|3563.524755753902|Diving Support Vessel 1|complete transfer|structural subsea inspection|complete|g|g|supporting_structure|supporting_structure|0.0|1.0|0|0|MNT00000157|system|0|0|0|0|0|0
2025-05-06 20:50:40.941393|1999-05-29 11:31:30|3563.524755753902|Diving Support Vessel 1|maintenance|structural subsea inspection|maintenance|g|g|supporting_structure|supporting_structure|0.0|1.0|6.0|0|MNT00000157|system|0|0.0|0.0|0.0|18750.0|18750.0
2025-05-06 20:50:40.942914|1999-05-29 17:31:30|3569.524755753902|Diving Support Vessel 1|transferring crew|structural subsea inspection|transferring crew from g to Diving Support Vessel 1|g|g|supporting_structure|supporting_structure|0.0|1.0|0.25|0|MNT00000157|system|0|0.0|0.0|0.0|781.25|781.25
2025-05-06 20:50:40.942914|1999-05-29 17:46:30|3569.774755753902|Diving Support Vessel 1|complete transfer|structural subsea inspection|complete|g|g|supporting_structure|supporting_structure|0.0|1.0|0|0|MNT00000157|system|0|0|0|0|0|0
2025-05-06 20:50:40.943911|1999-05-29 17:46:30|3569.774755753902|Diving Support Vessel 1|maintenance complete|structural subsea inspection|complete|g|g|supporting_structure|supporting_structure|1.0|1.0|0|0|MNT00000157|system|500.0|0|0|0|0|500.0
2025-05-06 20:50:40.945983|1999-05-29 17:46:30|3569.774755753902|Diving Support Vessel 1|traveling|structural subsea inspection|traveling from g to r2|r2|r2|supporting_structure|supporting_structure|1.0|1.0|0.10308190508506308|3.054316847670419|MNT00000160|enroute|0|0|0.0|0.0|322.1309533908221|322.1309533908221
2025-05-06 20:50:40.946978|1999-05-29 17:52:41|3569.877837658987|Diving Support Vessel 1|complete travel|structural subsea inspection|arrived at r2|r2|r2|supporting_structure|supporting_structure|1.0|1.0|0|0|MNT00000160|system|0|0|0|0|0|0
2025-05-06 20:50:40.948980|1999-05-29 17:52:41|3569.877837658987|Diving Support Vessel 1|transferring crew|structural subsea inspection|transferring crew from Diving Support Vessel 1 to r2|r2|r2|supporting_structure|supporting_structure|0.0|1.0|0.25|0|MNT00000160|system|0|0.0|0.0|0.0|781.25|781.25
2025-05-06 20:50:40.948980|1999-05-29 18:07:41|3570.127837658987|Diving Support Vessel 1|complete transfer|structural subsea inspection|complete|r2|r2|supporting_structure|supporting_structure|0.0|1.0|0|0|MNT00000160|system|0|0|0|0|0|0
2025-05-06 20:50:40.948980|1999-05-29 18:07:41|3570.127837658987|Diving Support Vessel 1|maintenance|structural subsea inspection|maintenance|r2|r2|supporting_structure|supporting_structure|0.0|1.0|3.6219444444444444|0|MNT00000160|system|0|0.0|0.0|0.0|11318.576388888889|11318.576388888889
2025-05-06 20:50:40.949990|1999-05-29 21:45:00|3573.7497821034317|Diving Support Vessel 1|transferring crew|structural subsea inspection|transferring crew from r2 to Diving Support Vessel 1|r2|r2|supporting_structure|supporting_structure|0.0|1.0|0.25|0|MNT00000160|system|0|0.0|0.0|0.0|781.25|781.25
2025-05-06 20:50:40.950580|1999-05-29 21:45:00|3573.749897602801|Cable Lay Vessel|transferring crew|array cable replacement|transferring crew from cable::B2::D1 to Cable Lay Vessel|cable::B2::D1|array cable|cable::B2::D1|array cable|1.0|1.0|0.25|0|RPR00000303|system|0|0.0|0.0|0.0|622.8930208333334|622.8930208333334
2025-05-06 20:50:40.950580|1999-05-29 22:00:00|3573.9997821034317|Diving Support Vessel 1|complete transfer|structural subsea inspection|complete|r2|r2|supporting_structure|supporting_structure|0.0|1.0|0|0|MNT00000160|system|0|0|0|0|0|0
2025-05-06 20:50:40.950580|1999-05-29 22:00:00|3573.9997821034317|Diving Support Vessel 1|traveling|structural subsea inspection|traveling from site to port|r2|r2|supporting_structure|supporting_structure|0.0|1.0|2.7885097443361873|53.0|MNT00000160|enroute|0|0|0.0|0.0|8714.092951050585|8714.092951050585
2025-05-06 20:50:40.951663|1999-05-29 22:00:00|3573.999858823892|Eurkea Port|delay|annual turbine inspection|end of shift; will resume work in the next shift|C5|C5|generator|generator|0|0|8.0|0|MNT00000077|port|0|0.0|0.0|0.0|0.0|0.0
2025-05-06 20:50:40.951663|1999-05-29 22:00:00|3573.999897602801|Cable Lay Vessel|complete transfer|array cable replacement|complete|cable::B2::D1|array cable|cable::B2::D1|array cable|1.0|1.0|0|0|RPR00000303|system|0|0|0|0|0|0
2025-05-06 20:50:40.951816|1999-05-29 22:00:00|3573.999897602801|Cable Lay Vessel|traveling|array cable replacement|traveling from site to port|cable::B2::D1|array cable|cable::B2::D1|array cable|1.0|1.0|3.0438621226621208|53.0|RPR00000303|enroute|0|0|0.0|0.0|7584.0018903406835|7584.0018903406835
2025-05-06 20:50:40.951816|1999-05-29 22:00:00|3573.99990469221|Eurkea Port|delay|structural annual inspection|end of shift; will resume work in the next shift|E5|E5|supporting_structure|supporting_structure|0|0|8.0|0|MNT00000234|port|0|0.0|0.0|0.0|0.0|0.0
2025-05-06 20:50:40.952752|1999-05-30 00:47:18|3576.788291847768|Diving Support Vessel 1|complete travel|structural subsea inspection|arrived at port|r2|r2|supporting_structure|supporting_structure|0.0|1.0|0|0|MNT00000160|port|0|0|0|0|0|0
2025-05-06 20:50:40.952752|1999-05-30 00:47:18|3576.788291847768|Diving Support Vessel 1|delay|structural subsea inspection|work shift has ended; waiting for next shift to start|r2|r2|supporting_structure|supporting_structure|0.0|1.0|5.211666666666667|0|MNT00000160|port|0|0.0|0.0|0.0|16286.458333333334|16286.458333333334
2025-05-06 20:50:40.952752|1999-05-30 01:02:38|3577.043759725463|Cable Lay Vessel|complete travel|array cable replacement|arrived at port|cable::B2::D1|array cable|cable::B2::D1|array cable|1.0|1.0|0|0|RPR00000303|port|0|0|0|0|0|0
2025-05-06 20:50:40.952752|1999-05-30 01:02:38|3577.043759725463|Cable Lay Vessel|delay|array cable replacement|work shift has ended; waiting for next shift to start|cable::B2::D1|array cable|cable::B2::D1|array cable|1.0|1.0|4.956111111111111|0|RPR00000303|port|0|0.0|0.0|0.0|12348.508086342594|12348.508086342594
2025-05-06 20:50:40.953754|1999-05-30 04:04:59|3580.0829652198136|electrical_system|repair request|power converter minor repair|severity level 1|p4|p4|electrical_system|electrical_system|1.0|1.0|0|0|RPR00000325|na|0|0|0|0|0|0
2025-05-06 20:50:40.954764|1999-05-30 05:06:23|3581.1061604540846|generator|repair request|direct drive generator major repair|severity level 2|G7|G7|generator|generator|1.0|1.0|0|0|RPR00000326|na|0|0|0|0|0|0
2025-05-06 20:50:40.954764|1999-05-30 06:00:00|3581.999858823892|Eurkea Port|maintenance|annual turbine inspection|maintenance|C5|C5|generator|generator|0|0|12.829444444444444|0|MNT00000077|port|0|0.0|0.0|0.0|0.0|0.0
2025-05-06 20:50:40.955718|1999-05-30 06:00:00|3581.9998708365742|Cable Lay Vessel|traveling|array cable replacement|traveling from port to site|cable::B2::D1|array cable|cable::B2::D1|array cable|1.0|1.0|3.0438353564354106|53.0|RPR00000303|enroute|0|0|0.0|0.0|7583.935200357436|7583.935200357436
2025-05-06 20:50:40.955718|1999-05-30 06:00:00|3581.99990469221|Eurkea Port|maintenance|structural annual inspection|maintenance|E5|E5|supporting_structure|supporting_structure|0|0|3.0|0|MNT00000234|port|0|0.0|0.0|0.0|0.0|0.0
2025-05-06 20:50:40.956675|1999-05-30 06:00:00|3581.9999585144346|Diving Support Vessel 1|traveling|structural subsea inspection|traveling from port to site|r2|r2|supporting_structure|supporting_structure|0.0|1.0|2.788686155339127|53.0|MNT00000160|enroute|0|0|0.0|0.0|8714.644235434773|8714.644235434773
2025-05-06 20:50:40.956675|1999-05-30 08:47:20|3584.788644669774|Diving Support Vessel 1|complete travel|structural subsea inspection|arrived at r2|r2|r2|supporting_structure|supporting_structure|0.0|1.0|0|0|MNT00000160|site|0|0|0|0|0|0
2025-05-06 20:50:40.957676|1999-05-30 08:47:20|3584.788644669774|Diving Support Vessel 1|transferring crew|structural subsea inspection|transferring crew from Diving Support Vessel 1 to r2|r2|r2|supporting_structure|supporting_structure|0.0|1.0|0.25|0|MNT00000160|system|0|0.0|0.0|0.0|781.25|781.25
2025-05-06 20:50:40.957676|1999-05-30 09:00:00|3584.99990469221|Eurkea Port|maintenance complete|structural annual inspection|complete|E5||supporting_structure|supporting_structure|0|0|0|0|MNT00000234|na|600.0|0|0|0|0|600.0
2025-05-06 20:50:40.957676|1999-05-30 09:00:00|3584.99990469221|Eurkea Port|maintenance|structural subsea inspection|maintenance|E5|E5|supporting_structure|supporting_structure|0|0|6.0|0|MNT00000235|port|0|0.0|0.0|0.0|0.0|0.0
2025-05-06 20:50:40.957676|1999-05-30 09:02:20|3585.038644669774|Diving Support Vessel 1|complete transfer|structural subsea inspection|complete|r2|r2|supporting_structure|supporting_structure|0.0|1.0|0|0|MNT00000160|system|0|0|0|0|0|0
2025-05-06 20:50:40.958683|1999-05-30 09:02:20|3585.038644669774|Diving Support Vessel 1|maintenance|structural subsea inspection|maintenance|r2|r2|supporting_structure|supporting_structure|0.0|1.0|2.3780555555555556|0|MNT00000160|system|0|0.0|0.0|0.0|7431.423611111111|7431.423611111111
2025-05-06 20:50:40.958683|1999-05-30 09:02:38|3585.0437061930097|Cable Lay Vessel|complete travel|array cable replacement|arrived at cable::B2::D1|cable::B2::D1|array cable|cable::B2::D1|array cable|1.0|1.0|0|0|RPR00000303|site|0|0|0|0|0|0
2025-05-06 20:50:40.958683|1999-05-30 09:02:38|3585.0437061930097|Cable Lay Vessel|transferring crew|array cable replacement|transferring crew from Cable Lay Vessel to cable::B2::D1|cable::B2::D1|array cable|cable::B2::D1|array cable|1.0|1.0|0.25|0|RPR00000303|system|0|0.0|0.0|0.0|622.8930208333334|622.8930208333334
2025-05-06 20:50:40.958683|1999-05-30 09:17:38|3585.2937061930097|Cable Lay Vessel|complete transfer|array cable replacement|complete|cable::B2::D1|array cable|cable::B2::D1|array cable|1.0|1.0|0|0|RPR00000303|system|0|0|0|0|0|0
2025-05-06 20:50:40.958683|1999-05-30 09:17:38|3585.2937061930097|Cable Lay Vessel|repair|array cable replacement|repair|cable::B2::D1|array cable|cable::B2::D1|array cable|1.0|1.0|12.456111111111111|0|RPR00000303|system|0|0.0|0.0|0.0|31035.2987113426|31035.2987113426
2025-05-06 20:50:40.959675|1999-05-30 11:25:01|3587.4167002253294|Diving Support Vessel 1|transferring crew|structural subsea inspection|transferring crew from r2 to Diving Support Vessel 1|r2|r2|supporting_structure|supporting_structure|0.0|1.0|0.25|0|MNT00000160|system|0|0.0|0.0|0.0|781.25|781.25
2025-05-06 20:50:40.959675|1999-05-30 11:40:01|3587.6667002253294|Diving Support Vessel 1|complete transfer|structural subsea inspection|complete|r2|r2|supporting_structure|supporting_structure|0.0|1.0|0|0|MNT00000160|system|0|0|0|0|0|0
2025-05-06 20:50:40.961181|1999-05-30 11:40:01|3587.6667002253294|Diving Support Vessel 1|maintenance complete|structural subsea inspection|complete|r2|r2|supporting_structure|supporting_structure|1.0|1.0|0|0|MNT00000160|system|500.0|0|0|0|0|500.0
2025-05-06 20:50:40.964189|1999-05-30 11:40:01|3587.6667002253294|Diving Support Vessel 1|traveling|structural subsea inspection|traveling from r2 to F7|F7|F7|supporting_structure|supporting_structure|1.0|1.0|0.4162777561657385|12.33430991519083|MNT00000163|enroute|0|0|0.0|0.0|1300.867988017933|1300.867988017933
2025-05-06 20:50:40.965188|1999-05-30 12:04:59|3588.082977981495|Diving Support Vessel 1|complete travel|structural subsea inspection|arrived at F7|F7|F7|supporting_structure|supporting_structure|1.0|1.0|0|0|MNT00000163|system|0|0|0|0|0|0
2025-05-06 20:50:40.966189|1999-05-30 12:04:59|3588.082977981495|Diving Support Vessel 1|transferring crew|structural subsea inspection|transferring crew from Diving Support Vessel 1 to F7|F7|F7|supporting_structure|supporting_structure|0.0|1.0|0.25|0|MNT00000163|system|0|0.0|0.0|0.0|781.25|781.25
2025-05-06 20:50:40.966189|1999-05-30 12:19:59|3588.332977981495|Diving Support Vessel 1|complete transfer|structural subsea inspection|complete|F7|F7|supporting_structure|supporting_structure|0.0|1.0|0|0|MNT00000163|system|0|0|0|0|0|0
2025-05-06 20:50:40.966189|1999-05-30 12:19:59|3588.332977981495|Diving Support Vessel 1|maintenance|structural subsea inspection|maintenance|F7|F7|supporting_structure|supporting_structure|0.0|1.0|6.0|0|MNT00000163|system|0|0.0|0.0|0.0|18750.0|18750.0
2025-05-06 20:50:40.967188|1999-05-30 15:00:00|3590.99990469221|Eurkea Port|maintenance complete|structural subsea inspection|complete|E5||supporting_structure|supporting_structure|0|0|0|0|MNT00000235|na|500.0|0|0|0|0|500.0
2025-05-06 20:50:40.967188|1999-05-30 15:00:00|3590.99990469221|Eurkea Port|repair|power converter major repair|repair|E5|E5|electrical_system|electrical_system|0|0|7.0|0|RPR00000322|port|0|0.0|0.0|0.0|0.0|0.0
2025-05-06 20:50:40.968189|1999-05-30 18:19:59|3594.332977981495|Diving Support Vessel 1|transferring crew|structural subsea inspection|transferring crew from F7 to Diving Support Vessel 1|F7|F7|supporting_structure|supporting_structure|0.0|1.0|0.25|0|MNT00000163|system|0|0.0|0.0|0.0|781.25|781.25
2025-05-06 20:50:40.968189|1999-05-30 18:34:59|3594.582977981495|Diving Support Vessel 1|complete transfer|structural subsea inspection|complete|F7|F7|supporting_structure|supporting_structure|0.0|1.0|0|0|MNT00000163|system|0|0|0|0|0|0
2025-05-06 20:50:40.969190|1999-05-30 18:34:59|3594.582977981495|Diving Support Vessel 1|maintenance complete|structural subsea inspection|complete|F7|F7|supporting_structure|supporting_structure|1.0|1.0|0|0|MNT00000163|system|500.0|0|0|0|0|500.0
2025-05-06 20:50:40.971189|1999-05-30 18:34:59|3594.582977981495|Diving Support Vessel 1|traveling|structural subsea inspection|traveling from F7 to E6|E6|E6|supporting_structure|supporting_structure|1.0|1.0|0.051519864587201335|1.5265335877187756|MNT00000166|enroute|0|0|0.0|0.0|160.99957683500418|160.99957683500418
2025-05-06 20:50:40.972705|1999-05-30 18:38:05|3594.634497846082|Diving Support Vessel 1|complete travel|structural subsea inspection|arrived at E6|E6|E6|supporting_structure|supporting_structure|1.0|1.0|0|0|MNT00000166|system|0|0|0|0|0|0
2025-05-06 20:50:40.973712|1999-05-30 18:38:05|3594.634497846082|Diving Support Vessel 1|transferring crew|structural subsea inspection|transferring crew from Diving Support Vessel 1 to E6|E6|E6|supporting_structure|supporting_structure|0.0|1.0|0.25|0|MNT00000166|system|0|0.0|0.0|0.0|781.25|781.25
2025-05-06 20:50:40.974712|1999-05-30 18:49:46|3594.8293032683364|Eurkea Port|maintenance complete|annual turbine inspection|complete|C5||generator|generator|0|0|0|0|MNT00000077|na|1500.0|0|0|0|0|1500.0
2025-05-06 20:50:40.974712|1999-05-30 18:49:46|3594.8293032683364|Eurkea Port|maintenance|structural annual inspection|maintenance|C5|C5|supporting_structure|supporting_structure|0|0|3.170555555555555|0|MNT00000078|port|0|0.0|0.0|0.0|0.0|0.0
2025-05-06 20:50:40.974712|1999-05-30 18:53:05|3594.884497846082|Diving Support Vessel 1|complete transfer|structural subsea inspection|complete|E6|E6|supporting_structure|supporting_structure|0.0|1.0|0|0|MNT00000166|system|0|0|0|0|0|0
2025-05-06 20:50:40.974712|1999-05-30 18:53:05|3594.884497846082|Diving Support Vessel 1|maintenance|structural subsea inspection|maintenance|E6|E6|supporting_structure|supporting_structure|0.0|1.0|2.8652777777777776|0|MNT00000166|system|0|0.0|0.0|0.0|8953.993055555555|8953.993055555555
2025-05-06 20:50:40.975712|1999-05-30 21:45:00|3597.74977562386|Diving Support Vessel 1|transferring crew|structural subsea inspection|transferring crew from E6 to Diving Support Vessel 1|E6|E6|supporting_structure|supporting_structure|0.0|1.0|0.25|0|MNT00000166|system|0|0.0|0.0|0.0|781.25|781.25
2025-05-06 20:50:40.975712|1999-05-30 21:45:00|3597.749817304121|Cable Lay Vessel|transferring crew|array cable replacement|transferring crew from cable::B2::D1 to Cable Lay Vessel|cable::B2::D1|array cable|cable::B2::D1|array cable|1.0|1.0|0.25|0|RPR00000303|system|0|0.0|0.0|0.0|622.8930208333334|622.8930208333334
2025-05-06 20:50:40.975712|1999-05-30 22:00:00|3597.99977562386|Diving Support Vessel 1|complete transfer|structural subsea inspection|complete|E6|E6|supporting_structure|supporting_structure|0.0|1.0|0|0|MNT00000166|system|0|0|0|0|0|0
2025-05-06 20:50:40.976712|1999-05-30 22:00:00|3597.99977562386|Diving Support Vessel 1|traveling|structural subsea inspection|traveling from site to port|E6|E6|supporting_structure|supporting_structure|0.0|1.0|2.788503264764421|53.0|MNT00000166|enroute|0|0|0.0|0.0|8714.072702388816|8714.072702388816
2025-05-06 20:50:40.976712|1999-05-30 22:00:00|3597.999817304121|Cable Lay Vessel|complete transfer|array cable replacement|complete|cable::B2::D1|array cable|cable::B2::D1|array cable|1.0|1.0|0|0|RPR00000303|system|0|0|0|0|0|0
2025-05-06 20:50:40.977714|1999-05-30 22:00:00|3597.999817304121|Cable Lay Vessel|traveling|array cable replacement|traveling from site to port|cable::B2::D1|array cable|cable::B2::D1|array cable|1.0|1.0|3.0437818239819894|53.0|RPR00000303|enroute|0|0|0.0|0.0|7583.801820390939|7583.801820390939
2025-05-06 20:50:40.977714|1999-05-30 22:00:00|3597.999858823892|Eurkea Port|delay|structural annual inspection|end of shift; will resume work in the next shift|C5|C5|supporting_structure|supporting_structure|0|0|8.0|0|MNT00000078|port|0|0.0|0.0|0.0|0.0|0.0
2025-05-06 20:50:40.977714|1999-05-30 22:00:00|3597.99990469221|Eurkea Port|delay|power converter major repair|end of shift; will resume work in the next shift|E5|E5|electrical_system|electrical_system|0|0|8.0|0|RPR00000322|port|0|0.0|0.0|0.0|0.0|0.0
2025-05-06 20:50:40.978713|1999-05-31 00:47:18|3600.7882788886245|Diving Support Vessel 1|complete travel|structural subsea inspection|arrived at port|E6|E6|supporting_structure|supporting_structure|0.0|1.0|0|0|MNT00000166|port|0|0|0|0|0|0
2025-05-06 20:50:40.978713|1999-05-31 00:47:18|3600.7882788886245|Diving Support Vessel 1|delay|structural subsea inspection|work shift has ended; waiting for next shift to start|E6|E6|supporting_structure|supporting_structure|0.0|1.0|5.211666666666667|0|MNT00000166|port|0|0.0|0.0|0.0|16286.458333333334|16286.458333333334
2025-05-06 20:50:40.978713|1999-05-31 01:02:37|3601.043599128103|Cable Lay Vessel|complete travel|array cable replacement|arrived at port|cable::B2::D1|array cable|cable::B2::D1|array cable|1.0|1.0|0|0|RPR00000303|port|0|0|0|0|0|0
2025-05-06 20:50:40.978713|1999-05-31 01:02:37|3601.043599128103|Cable Lay Vessel|delay|array cable replacement|work shift has ended; waiting for next shift to start|cable::B2::D1|array cable|cable::B2::D1|array cable|1.0|1.0|4.956388888888889|0|RPR00000303|port|0|0.0|0.0|0.0|12349.200189699075|12349.200189699075
2025-05-06 20:50:40.978713|1999-05-31 03:09:05|3603.1513491335077|electrical_system|repair request|power electrical system minor repair|severity level 1|w3|w3|electrical_system|electrical_system|1.0|1.0|0|0|RPR00000327|na|0|0|0|0|0|0
2025-05-06 20:50:40.979709|1999-05-31 06:00:00|3605.999858823892|Eurkea Port|maintenance|structural annual inspection|maintenance|C5|C5|supporting_structure|supporting_structure|0|0|16.0|0|MNT00000078|port|0|0.0|0.0|0.0|0.0|0.0
2025-05-06 20:50:40.979709|1999-05-31 06:00:00|3605.99990469221|Eurkea Port|repair|power converter major repair|repair|E5|E5|electrical_system|electrical_system|0|0|16.0|0|RPR00000322|port|0|0.0|0.0|0.0|0.0|0.0
2025-05-06 20:50:40.979709|1999-05-31 06:00:00|3605.999945555291|Diving Support Vessel 1|traveling|structural subsea inspection|traveling from port to site|E6|E6|supporting_structure|supporting_structure|0.0|1.0|2.7886731961955946|53.0|MNT00000166|enroute|0|0|0.0|0.0|8714.603738111233|8714.603738111233
2025-05-06 20:50:40.981273|1999-05-31 06:00:00|3605.9999880169917|Cable Lay Vessel|traveling|array cable replacement|traveling from port to site|cable::B2::D1|array cable|cable::B2::D1|array cable|1.0|1.0|3.0439525368528293|53.0|RPR00000303|enroute|0|0|0.0|0.0|7584.227163814189|7584.227163814189
2025-05-06 20:50:40.982225|1999-05-31 08:47:20|3608.788618751487|Diving Support Vessel 1|complete travel|structural subsea inspection|arrived at E6|E6|E6|supporting_structure|supporting_structure|0.0|1.0|0|0|MNT00000166|site|0|0|0|0|0|0
2025-05-06 20:50:40.982225|1999-05-31 08:47:20|3608.788618751487|Diving Support Vessel 1|transferring crew|structural subsea inspection|transferring crew from Diving Support Vessel 1 to E6|E6|E6|supporting_structure|supporting_structure|0.0|1.0|0.25|0|MNT00000166|system|0|0.0|0.0|0.0|781.25|781.25
2025-05-06 20:50:40.982225|1999-05-31 09:02:20|3609.038618751487|Diving Support Vessel 1|complete transfer|structural subsea inspection|complete|E6|E6|supporting_structure|supporting_structure|0.0|1.0|0|0|MNT00000166|system|0|0|0|0|0|0
2025-05-06 20:50:40.982225|1999-05-31 09:02:20|3609.038618751487|Diving Support Vessel 1|maintenance|structural subsea inspection|maintenance|E6|E6|supporting_structure|supporting_structure|0.0|1.0|3.1347222222222224|0|MNT00000166|system|0|0.0|0.0|0.0|9796.006944444443|9796.006944444443
2025-05-06 20:50:40.982225|1999-05-31 09:02:39|3609.0439405538445|Cable Lay Vessel|complete travel|array cable replacement|arrived at cable::B2::D1|cable::B2::D1|array cable|cable::B2::D1|array cable|1.0|1.0|0|0|RPR00000303|site|0|0|0|0|0|0
2025-05-06 20:50:40.983226|1999-05-31 09:02:39|3609.0439405538445|Cable Lay Vessel|transferring crew|array cable replacement|transferring crew from Cable Lay Vessel to cable::B2::D1|cable::B2::D1|array cable|cable::B2::D1|array cable|1.0|1.0|0.25|0|RPR00000303|system|0|0.0|0.0|0.0|622.8930208333334|622.8930208333334
2025-05-06 20:50:40.983226|1999-05-31 09:17:39|3609.2939405538445|Cable Lay Vessel|complete transfer|array cable replacement|complete|cable::B2::D1|array cable|cable::B2::D1|array cable|1.0|1.0|0|0|RPR00000303|system|0|0|0|0|0|0
2025-05-06 20:50:40.983226|1999-05-31 09:17:39|3609.2939405538445|Cable Lay Vessel|repair|array cable replacement|repair|cable::B2::D1|array cable|cable::B2::D1|array cable|1.0|1.0|12.455833333333334|0|RPR00000303|system|0|0.0|0.0|0.0|31034.60660798612|31034.60660798612
2025-05-06 20:50:40.984225|1999-05-31 12:10:25|3612.173340973709|Diving Support Vessel 1|transferring crew|structural subsea inspection|transferring crew from E6 to Diving Support Vessel 1|E6|E6|supporting_structure|supporting_structure|0.0|1.0|0.25|0|MNT00000166|system|0|0.0|0.0|0.0|781.25|781.25
2025-05-06 20:50:40.984225|1999-05-31 12:25:25|3612.423340973709|Diving Support Vessel 1|complete transfer|structural subsea inspection|complete|E6|E6|supporting_structure|supporting_structure|0.0|1.0|0|0|MNT00000166|system|0|0|0|0|0|0
2025-05-06 20:50:40.984225|1999-05-31 12:25:25|3612.423340973709|Diving Support Vessel 1|maintenance complete|structural subsea inspection|complete|E6|E6|supporting_structure|supporting_structure|1.0|1.0|0|0|MNT00000166|system|500.0|0|0|0|0|500.0
2025-05-06 20:50:40.986222|1999-05-31 12:25:25|3612.423340973709|Diving Support Vessel 1|traveling|structural subsea inspection|traveling from E6 to G5|G5|G5|supporting_structure|supporting_structure|1.0|1.0|0.05152490058639185|1.5266828043747904|MNT00000169|enroute|0|0|0.0|0.0|161.01531433247453|161.01531433247453
2025-05-06 20:50:40.987225|1999-05-31 12:28:30|3612.474865874295|Diving Support Vessel 1|complete travel|structural subsea inspection|arrived at G5|G5|G5|supporting_structure|supporting_structure|1.0|1.0|0|0|MNT00000169|system|0|0|0|0|0|0
2025-05-06 20:50:40.988224|1999-05-31 12:28:30|3612.474865874295|Diving Support Vessel 1|transferring crew|structural subsea inspection|transferring crew from Diving Support Vessel 1 to G5|G5|G5|supporting_structure|supporting_structure|0.0|1.0|0.25|0|MNT00000169|system|0|0.0|0.0|0.0|781.25|781.25
2025-05-06 20:50:40.988224|1999-05-31 12:43:30|3612.724865874295|Diving Support Vessel 1|complete transfer|structural subsea inspection|complete|G5|G5|supporting_structure|supporting_structure|0.0|1.0|0|0|MNT00000169|system|0|0|0|0|0|0
2025-05-06 20:50:40.988224|1999-05-31 12:43:30|3612.724865874295|Diving Support Vessel 1|maintenance|structural subsea inspection|maintenance|G5|G5|supporting_structure|supporting_structure|0.0|1.0|6.0|0|MNT00000169|system|0|0.0|0.0|0.0|18750.0|18750.0
2025-05-06 20:50:40.990224|1999-05-31 18:43:30|3618.724865874295|Diving Support Vessel 1|transferring crew|structural subsea inspection|transferring crew from G5 to Diving Support Vessel 1|G5|G5|supporting_structure|supporting_structure|0.0|1.0|0.25|0|MNT00000169|system|0|0.0|0.0|0.0|781.25|781.25
2025-05-06 20:50:40.990224|1999-05-31 18:58:30|3618.974865874295|Diving Support Vessel 1|complete transfer|structural subsea inspection|complete|G5|G5|supporting_structure|supporting_structure|0.0|1.0|0|0|MNT00000169|system|0|0|0|0|0|0
2025-05-06 20:50:40.990224|1999-05-31 18:58:30|3618.974865874295|Diving Support Vessel 1|maintenance complete|structural subsea inspection|complete|G5|G5|supporting_structure|supporting_structure|1.0|1.0|0|0|MNT00000169|system|500.0|0|0|0|0|500.0
2025-05-06 20:50:40.991733|1999-05-31 18:58:30|3618.974865874295|Diving Support Vessel 1|traveling|structural subsea inspection|traveling from G5 to B3|B3|B3|supporting_structure|supporting_structure|1.0|1.0|0.05152810389685741|1.526777718463885|MNT00000172|enroute|0|0|0.0|0.0|161.0253246776794|161.0253246776794
2025-05-06 20:50:40.992741|1999-05-31 19:01:36|3619.026393978192|Diving Support Vessel 1|complete travel|structural subsea inspection|arrived at B3|B3|B3|supporting_structure|supporting_structure|1.0|1.0|0|0|MNT00000172|system|0|0|0|0|0|0
2025-05-06 20:50:40.994740|1999-05-31 19:01:36|3619.026393978192|Diving Support Vessel 1|transferring crew|structural subsea inspection|transferring crew from Diving Support Vessel 1 to B3|B3|B3|supporting_structure|supporting_structure|0.0|1.0|0.25|0|MNT00000172|system|0|0.0|0.0|0.0|781.25|781.25
2025-05-06 20:50:40.994740|1999-05-31 19:16:36|3619.276393978192|Diving Support Vessel 1|complete transfer|structural subsea inspection|complete|B3|B3|supporting_structure|supporting_structure|0.0|1.0|0|0|MNT00000172|system|0|0|0|0|0|0
2025-05-06 20:50:40.994740|1999-05-31 19:16:36|3619.276393978192|Diving Support Vessel 1|maintenance|structural subsea inspection|maintenance|B3|B3|supporting_structure|supporting_structure|0.0|1.0|2.4733333333333336|0|MNT00000172|system|0|0.0|0.0|0.0|7729.166666666668|7729.166666666668
2025-05-06 20:50:40.994740|1999-05-31 21:45:00|3621.7497273115255|Diving Support Vessel 1|transferring crew|structural subsea inspection|transferring crew from B3 to Diving Support Vessel 1|B3|B3|supporting_structure|supporting_structure|0.0|1.0|0.25|0|MNT00000172|system|0|0.0|0.0|0.0|781.25|781.25
2025-05-06 20:50:40.995740|1999-05-31 21:45:00|3621.749773887178|Cable Lay Vessel|transferring crew|array cable replacement|transferring crew from cable::B2::D1 to Cable Lay Vessel|cable::B2::D1|array cable|cable::B2::D1|array cable|1.0|1.0|0.25|0|RPR00000303|system|0|0.0|0.0|0.0|622.8930208333334|622.8930208333334
2025-05-06 20:50:40.995740|1999-05-31 22:00:00|3621.9997273115255|Diving Support Vessel 1|complete transfer|structural subsea inspection|complete|B3|B3|supporting_structure|supporting_structure|0.0|1.0|0|0|MNT00000172|system|0|0|0|0|0|0
2025-05-06 20:50:40.995740|1999-05-31 22:00:00|3621.9997273115255|Diving Support Vessel 1|traveling|structural subsea inspection|traveling from site to port|B3|B3|supporting_structure|supporting_structure|0.0|1.0|2.7884549524299644|53.0|MNT00000172|enroute|0|0|0.0|0.0|8713.921726343639|8713.921726343639
2025-05-06 20:50:40.995740|1999-05-31 22:00:00|3621.999773887178|Cable Lay Vessel|complete transfer|array cable replacement|complete|cable::B2::D1|array cable|cable::B2::D1|array cable|1.0|1.0|0|0|RPR00000303|system|0|0|0|0|0|0
2025-05-06 20:50:40.996741|1999-05-31 22:00:00|3621.999773887178|Cable Lay Vessel|traveling|array cable replacement|traveling from site to port|cable::B2::D1|array cable|cable::B2::D1|array cable|1.0|1.0|3.043738407039145|53.0|RPR00000303|enroute|0|0|0.0|0.0|7583.693643948204|7583.693643948204
2025-05-06 20:50:40.996741|1999-05-31 22:00:00|3621.999858823892|Eurkea Port|delay|structural annual inspection|end of shift; will resume work in the next shift|C5|C5|supporting_structure|supporting_structure|0|0|8.0|0|MNT00000078|port|0|0.0|0.0|0.0|0.0|0.0
2025-05-06 20:50:40.996741|1999-05-31 22:00:00|3621.99990469221|Eurkea Port|delay|power converter major repair|end of shift; will resume work in the next shift|E5|E5|electrical_system|electrical_system|0|0|8.0|0|RPR00000322|port|0|0.0|0.0|0.0|0.0|0.0
2025-05-06 20:50:40.997741|1999-06-01 00:00:00|3624|Eurkea Port|monthly lease fee|port lease||||||0|0|0|0|na|na|0|0|0|0|2083333.3333333333|2083333.3333333333
2025-05-06 20:50:40.997741|1999-06-01 00:47:18|3624.7881822639556|Diving Support Vessel 1|complete travel|structural subsea inspection|arrived at port|B3|B3|supporting_structure|supporting_structure|0.0|1.0|0|0|MNT00000172|port|0|0|0|0|0|0
2025-05-06 20:50:40.997741|1999-06-01 00:47:18|3624.7881822639556|Diving Support Vessel 1|delay|structural subsea inspection|work shift has ended; waiting for next shift to start|B3|B3|supporting_structure|supporting_structure|0.0|1.0|5.211666666666667|0|MNT00000172|port|0|0.0|0.0|0.0|16286.458333333334|16286.458333333334
2025-05-06 20:50:40.997741|1999-06-01 01:02:37|3625.043512294217|Cable Lay Vessel|complete travel|array cable replacement|arrived at port|cable::B2::D1|array cable|cable::B2::D1|array cable|1.0|1.0|0|0|RPR00000303|port|0|0|0|0|0|0
2025-05-06 20:50:40.997741|1999-06-01 01:02:37|3625.043512294217|Cable Lay Vessel|delay|array cable replacement|work shift has ended; waiting for next shift to start|cable::B2::D1|array cable|cable::B2::D1|array cable|1.0|1.0|4.956388888888889|0|RPR00000303|port|0|0.0|0.0|0.0|12349.200189699075|12349.200189699075
2025-05-06 20:50:40.998739|1999-06-01 06:00:00|3629.999848930622|Diving Support Vessel 1|traveling|structural subsea inspection|traveling from port to site|B3|B3|supporting_structure|supporting_structure|0.0|1.0|2.7885765715266815|53.0|MNT00000172|enroute|0|0|0.0|0.0|8714.30178602088|8714.30178602088
2025-05-06 20:50:40.998739|1999-06-01 06:00:00|3629.999858823892|Eurkea Port|maintenance|structural annual inspection|maintenance|C5|C5|supporting_structure|supporting_structure|0|0|4.829444444444444|0|MNT00000078|port|0|0.0|0.0|0.0|0.0|0.0
2025-05-06 20:50:40.999741|1999-06-01 06:00:00|3629.999901183106|Cable Lay Vessel|traveling|array cable replacement|traveling from port to site|cable::B2::D1|array cable|cable::B2::D1|array cable|1.0|1.0|3.0438657029671408|53.0|RPR00000303|enroute|0|0|0.0|0.0|7584.01081092872|7584.01081092872
2025-05-06 20:50:40.999741|1999-06-01 06:00:00|3629.99990469221|Eurkea Port|repair|power converter major repair|repair|E5|E5|electrical_system|electrical_system|0|0|5.0|0|RPR00000322|port|0|0.0|0.0|0.0|0.0|0.0
2025-05-06 20:50:40.999741|1999-06-01 08:47:19|3632.788425502149|Diving Support Vessel 1|complete travel|structural subsea inspection|arrived at B3|B3|B3|supporting_structure|supporting_structure|0.0|1.0|0|0|MNT00000172|site|0|0|0|0|0|0
2025-05-06 20:50:40.999741|1999-06-01 08:47:19|3632.788425502149|Diving Support Vessel 1|transferring crew|structural subsea inspection|transferring crew from Diving Support Vessel 1 to B3|B3|B3|supporting_structure|supporting_structure|0.0|1.0|0.25|0|MNT00000172|system|0|0.0|0.0|0.0|781.25|781.25
2025-05-06 20:50:41.001408|1999-06-01 09:02:19|3633.038425502149|Diving Support Vessel 1|complete transfer|structural subsea inspection|complete|B3|B3|supporting_structure|supporting_structure|0.0|1.0|0|0|MNT00000172|system|0|0|0|0|0|0
2025-05-06 20:50:41.001408|1999-06-01 09:02:19|3633.038425502149|Diving Support Vessel 1|maintenance|structural subsea inspection|maintenance|B3|B3|supporting_structure|supporting_structure|0.0|1.0|3.5266666666666664|0|MNT00000172|system|0|0.0|0.0|0.0|11020.833333333332|11020.833333333332
2025-05-06 20:50:41.001408|1999-06-01 09:02:38|3633.043766886073|Cable Lay Vessel|complete travel|array cable replacement|arrived at cable::B2::D1|cable::B2::D1|array cable|cable::B2::D1|array cable|1.0|1.0|0|0|RPR00000303|site|0|0|0|0|0|0
2025-05-06 20:50:41.001408|1999-06-01 09:02:38|3633.043766886073|Cable Lay Vessel|transferring crew|array cable replacement|transferring crew from Cable Lay Vessel to cable::B2::D1|cable::B2::D1|array cable|cable::B2::D1|array cable|1.0|1.0|0.25|0|RPR00000303|system|0|0.0|0.0|0.0|622.8930208333334|622.8930208333334
2025-05-06 20:50:41.001408|1999-06-01 09:17:38|3633.293766886073|Cable Lay Vessel|complete transfer|array cable replacement|complete|cable::B2::D1|array cable|cable::B2::D1|array cable|1.0|1.0|0|0|RPR00000303|system|0|0|0|0|0|0
2025-05-06 20:50:41.001408|1999-06-01 09:17:38|3633.293766886073|Cable Lay Vessel|repair|array cable replacement|repair|cable::B2::D1|array cable|cable::B2::D1|array cable|1.0|1.0|12.456111111111111|0|RPR00000303|system|0|0.0|0.0|0.0|31035.2987113426|31035.2987113426
2025-05-06 20:50:41.002255|1999-06-01 10:49:46|3634.8293032683364|Eurkea Port|maintenance complete|structural annual inspection|complete|C5||supporting_structure|supporting_structure|0|0|0|0|MNT00000078|na|600.0|0|0|0|0|600.0
2025-05-06 20:50:41.002255|1999-06-01 10:49:46|3634.8293032683364|Eurkea Port|repair|minor pitch system repair|repair|C5|C5|hydraulic_system|hydraulic_system|0|0|11.170555555555556|0|RPR00000300|port|0|0.0|0.0|0.0|0.0|0.0
2025-05-06 20:50:41.002255|1999-06-01 11:00:00|3634.99990469221|Eurkea Port|repair complete|power converter major repair|complete|E5||electrical_system|electrical_system|0|0|0|0|RPR00000322|na|7000.0|0|0|0|0|7000.0
2025-05-06 20:50:41.003350|1999-06-01 11:00:00|3634.99990469221|Tugboat 1|towing|towing turbine back to site||E5|E5|||0|0|0|0.0|RPR00000322|enroute|0|0.0|0.0|0.0|0.0|0.0
2025-05-06 20:50:41.003350|1999-06-01 11:00:00|3634.99990469221|Tugboat 1|complete towing|towing turbine back to site|complete|E5|E5|||0|0|0|0|RPR00000322|site|0|0.0|0.0|0.0|0.0|0.0
2025-05-06 20:50:41.004251|1999-06-01 11:00:00|3634.99990469221|Tugboat 1|mooring reconnection|power converter major repair|Reconnecting the mooring to E5|E5|E5|||0.0|0|4.0|0|RPR00000322|system|0|0.0|0.0|0.0|0.0|0.0
2025-05-06 20:50:41.007292|1999-06-01 11:00:05|3635.0012935810987|Tugboat 2|traveling|power converter major repair|traveling from port to site|A6|A6|||0|0|0.0|0.0|RPR00000324|enroute|0|0|0.0|0.0|0.0|0.0
2025-05-06 20:50:41.007292|1999-06-01 11:00:05|3635.0012935810987|Tugboat 2|complete travel|power converter major repair|arrived at A6|A6|A6|||0|0|0|0|RPR00000324|site|0|0|0|0|0|0
2025-05-06 20:50:41.009345|1999-06-01 11:00:05|3635.0012935810987|Tugboat 2|unmooring|power converter major repair|Unmooring A6 to tow to port|A6|A6|||0.0|0|2.0|0|RPR00000324|system|0|0.0|0.0|0.0|0.0|0.0
2025-05-06 20:50:41.010341|1999-06-01 12:33:55|3636.5650921688157|Diving Support Vessel 1|transferring crew|structural subsea inspection|transferring crew from B3 to Diving Support Vessel 1|B3|B3|supporting_structure|supporting_structure|0.0|1.0|0.25|0|MNT00000172|system|0|0.0|0.0|0.0|781.25|781.25
2025-05-06 20:50:41.010341|1999-06-01 12:48:55|3636.8150921688157|Diving Support Vessel 1|complete transfer|structural subsea inspection|complete|B3|B3|supporting_structure|supporting_structure|0.0|1.0|0|0|MNT00000172|system|0|0|0|0|0|0
2025-05-06 20:50:41.010341|1999-06-01 12:48:55|3636.8150921688157|Diving Support Vessel 1|maintenance complete|structural subsea inspection|complete|B3|B3|supporting_structure|supporting_structure|1.0|1.0|0|0|MNT00000172|system|500.0|0|0|0|0|500.0
2025-05-06 20:50:41.013020|1999-06-01 12:48:55|3636.8150921688157|Diving Support Vessel 1|traveling|structural subsea inspection|traveling from B3 to B2|B2|B2|supporting_structure|supporting_structure|1.0|1.0|0.05153074621240436|1.5268560102735411|MNT00000175|enroute|0|0|0.0|0.0|161.0335819137636|161.0335819137636
2025-05-06 20:50:41.014023|1999-06-01 12:52:00|3636.866622915028|Diving Support Vessel 1|complete travel|structural subsea inspection|arrived at B2|B2|B2|supporting_structure|supporting_structure|1.0|1.0|0|0|MNT00000175|system|0|0|0|0|0|0
2025-05-06 20:50:41.015942|1999-06-01 12:52:00|3636.866622915028|Diving Support Vessel 1|transferring crew|structural subsea inspection|transferring crew from Diving Support Vessel 1 to B2|B2|B2|supporting_structure|supporting_structure|0.0|1.0|0.25|0|MNT00000175|system|0|0.0|0.0|0.0|781.25|781.25
2025-05-06 20:50:41.015942|1999-06-01 13:00:05|3637.0012935810987|Tugboat 2|complete unmooring|power converter major repair|complete|A6|A6|||0.0|0|0|0|RPR00000324|na|0|0|0|0|0|0
2025-05-06 20:50:41.015942|1999-06-01 13:00:05|3637.0012935810987|Tugboat 2|towing|towing turbine to port||A6|A6|||0|0|0|0.0|RPR00000324|enroute|0|0.0|0.0|0.0|0.0|0.0
2025-05-06 20:50:41.015942|1999-06-01 13:00:05|3637.0012935810987|Tugboat 2|complete towing|towing turbine to port|complete|A6|A6|||0|0|0|0|RPR00000324|port|0|0.0|0.0|0.0|0.0|0.0
2025-05-06 20:50:41.015942|1999-06-01 13:00:05|3637.0012935810987|Eurkea Port|requests being moved|||A6|A6|electrical_system|electrical_system|nan|nan|0|0|RPR00000026|na|0|0|0|0|0|0
2025-05-06 20:50:41.015942|1999-06-01 13:00:05|3637.0012935810987|Eurkea Port|requests being moved|||A6|A6|generator|generator|nan|nan|0|0|MNT00000083|na|0|0|0|0|0|0
2025-05-06 20:50:41.015942|1999-06-01 13:00:05|3637.0012935810987|Eurkea Port|requests being moved|||A6|A6|supporting_structure|supporting_structure|nan|nan|0|0|MNT00000084|na|0|0|0|0|0|0
2025-05-06 20:50:41.015942|1999-06-01 13:00:05|3637.0012935810987|Eurkea Port|requests being moved|||A6|A6|electrical_system|electrical_system|nan|nan|0|0|RPR00000324|na|0|0|0|0|0|0
2025-05-06 20:50:41.017025|1999-06-01 13:00:05|3637.0012935810987|Eurkea Port|requests moved to port|at-port repair can now proceed||A6|A6|electrical_system|electrical_system|nan|nan|0|0|RPR00000026|na|0|0|0|0|0|0
2025-05-06 20:50:41.017025|1999-06-01 13:00:05|3637.0012935810987|Eurkea Port|requests moved to port|at-port repair can now proceed||A6|A6|generator|generator|nan|nan|0|0|MNT00000083|na|0|0|0|0|0|0
2025-05-06 20:50:41.017025|1999-06-01 13:00:05|3637.0012935810987|Eurkea Port|requests moved to port|at-port repair can now proceed||A6|A6|supporting_structure|supporting_structure|nan|nan|0|0|MNT00000084|na|0|0|0|0|0|0
2025-05-06 20:50:41.017025|1999-06-01 13:00:05|3637.0012935810987|Eurkea Port|requests moved to port|at-port repair can now proceed||A6|A6|electrical_system|electrical_system|nan|nan|0|0|RPR00000324|na|0|0|0|0|0|0
2025-05-06 20:50:41.017025|1999-06-01 13:00:05|3637.0012935810987|Eurkea Port|repair|power converter minor repair|repair|A6|A6|electrical_system|electrical_system|0|0|8.99861111111111|0|RPR00000026|port|0|0.0|0.0|0.0|0.0|0.0
2025-05-06 20:50:41.017025|1999-06-01 13:07:00|3637.116622915028|Diving Support Vessel 1|complete transfer|structural subsea inspection|complete|B2|B2|supporting_structure|supporting_structure|0.0|1.0|0|0|MNT00000175|system|0|0|0|0|0|0
2025-05-06 20:50:41.017025|1999-06-01 13:07:00|3637.116622915028|Diving Support Vessel 1|maintenance|structural subsea inspection|maintenance|B2|B2|supporting_structure|supporting_structure|0.0|1.0|6.0|0|MNT00000175|system|0|0.0|0.0|0.0|18750.0|18750.0
2025-05-06 20:50:41.018024|1999-06-01 15:00:00|3638.99990469221|Tugboat 1|complete mooring reconnection|power converter major repair|complete|E5|E5|||0.0|0|0|0|RPR00000322|na|0|0|0|0|0|0
2025-05-06 20:50:41.021028|1999-06-01 15:00:00|3638.99990469221|Tugboat 1|traveling|traveling back to port after returning turbine|traveling from site to port|E5|E5|||0|0|0.0|0.0|RPR00000322|enroute|0|0|0.0|0.0|0.0|0.0
2025-05-06 20:50:41.021639|1999-06-01 15:00:00|3638.99990469221|Tugboat 1|complete travel|traveling back to port after returning turbine|arrived at port|E5|E5|||0|0|0|0|RPR00000322|port|0|0|0|0|0|0
2025-05-06 20:50:41.024730|1999-06-01 19:07:00|3643.116622915028|Diving Support Vessel 1|transferring crew|structural subsea inspection|transferring crew from B2 to Diving Support Vessel 1|B2|B2|supporting_structure|supporting_structure|0.0|1.0|0.25|0|MNT00000175|system|0|0.0|0.0|0.0|781.25|781.25
2025-05-06 20:50:41.025726|1999-06-01 19:22:00|3643.366622915028|Diving Support Vessel 1|complete transfer|structural subsea inspection|complete|B2|B2|supporting_structure|supporting_structure|0.0|1.0|0|0|MNT00000175|system|0|0|0|0|0|0
2025-05-06 20:50:41.025726|1999-06-01 19:22:00|3643.366622915028|Diving Support Vessel 1|maintenance complete|structural subsea inspection|complete|B2|B2|supporting_structure|supporting_structure|1.0|1.0|0|0|MNT00000175|system|500.0|0|0|0|0|500.0
2025-05-06 20:50:41.027721|1999-06-01 19:22:00|3643.366622915028|Diving Support Vessel 1|traveling|structural subsea inspection|traveling from B2 to D1|D1|D1|supporting_structure|supporting_structure|1.0|1.0|0.05153446850079081|1.5269663016784316|MNT00000178|enroute|0|0|0.0|0.0|161.0452140649713|161.0452140649713
2025-05-06 20:50:41.029730|1999-06-01 19:25:06|3643.418157383529|Diving Support Vessel 1|complete travel|structural subsea inspection|arrived at D1|D1|D1|supporting_structure|supporting_structure|1.0|1.0|0|0|MNT00000178|system|0|0|0|0|0|0
2025-05-06 20:50:41.031456|1999-06-01 19:25:06|3643.418157383529|Diving Support Vessel 1|transferring crew|structural subsea inspection|transferring crew from Diving Support Vessel 1 to D1|D1|D1|supporting_structure|supporting_structure|0.0|1.0|0.25|0|MNT00000178|system|0|0.0|0.0|0.0|781.25|781.25
2025-05-06 20:50:41.031456|1999-06-01 19:40:06|3643.668157383529|Diving Support Vessel 1|complete transfer|structural subsea inspection|complete|D1|D1|supporting_structure|supporting_structure|0.0|1.0|0|0|MNT00000178|system|0|0|0|0|0|0
2025-05-06 20:50:41.031456|1999-06-01 19:40:06|3643.668157383529|Diving Support Vessel 1|maintenance|structural subsea inspection|maintenance|D1|D1|supporting_structure|supporting_structure|0.0|1.0|2.0816666666666666|0|MNT00000178|system|0|0.0|0.0|0.0|6505.208333333333|6505.208333333333
2025-05-06 20:50:41.032332|1999-06-01 21:45:00|3645.7498240501955|Diving Support Vessel 1|transferring crew|structural subsea inspection|transferring crew from D1 to Diving Support Vessel 1|D1|D1|supporting_structure|supporting_structure|0.0|1.0|0.25|0|MNT00000178|system|0|0.0|0.0|0.0|781.25|781.25
2025-05-06 20:50:41.033412|1999-06-01 21:45:00|3645.7498779971843|Cable Lay Vessel|transferring crew|array cable replacement|transferring crew from cable::B2::D1 to Cable Lay Vessel|cable::B2::D1|array cable|cable::B2::D1|array cable|1.0|1.0|0.25|0|RPR00000303|system|0|0.0|0.0|0.0|622.8930208333334|622.8930208333334
2025-05-06 20:50:41.033412|1999-06-01 22:00:00|3645.9998240501955|Diving Support Vessel 1|complete transfer|structural subsea inspection|complete|D1|D1|supporting_structure|supporting_structure|0.0|1.0|0|0|MNT00000178|system|0|0|0|0|0|0
2025-05-06 20:50:41.034422|1999-06-01 22:00:00|3645.9998240501955|Diving Support Vessel 1|traveling|structural subsea inspection|traveling from site to port|D1|D1|supporting_structure|supporting_structure|0.0|1.0|2.7885516910999457|53.0|MNT00000178|enroute|0|0|0.0|0.0|8714.22403468733|8714.22403468733
2025-05-06 20:50:41.034422|1999-06-01 22:00:00|3645.999858823892|Eurkea Port|delay|minor pitch system repair|end of shift; will resume work in the next shift|C5|C5|hydraulic_system|hydraulic_system|0|0|8.0|0|RPR00000300|port|0|0.0|0.0|0.0|0.0|0.0
2025-05-06 20:50:41.034422|1999-06-01 22:00:00|3645.9998779971843|Cable Lay Vessel|complete transfer|array cable replacement|complete|cable::B2::D1|array cable|cable::B2::D1|array cable|1.0|1.0|0|0|RPR00000303|system|0|0|0|0|0|0
2025-05-06 20:50:41.035407|1999-06-01 22:00:00|3645.9998779971843|Cable Lay Vessel|traveling|array cable replacement|traveling from site to port|cable::B2::D1|array cable|cable::B2::D1|array cable|1.0|1.0|3.0438425170454497|53.0|RPR00000303|enroute|0|0|0.0|0.0|7583.953041533508|7583.953041533508
2025-05-06 20:50:41.035407|1999-06-01 22:00:00|3645.99990469221|Eurkea Port|delay|power converter minor repair|end of shift; will resume work in the next shift|A6|A6|electrical_system|electrical_system|0|0|8.0|0|RPR00000026|port|0|0.0|0.0|0.0|0.0|0.0
2025-05-06 20:50:41.035407|1999-06-02 00:47:19|3648.7883757412956|Diving Support Vessel 1|complete travel|structural subsea inspection|arrived at port|D1|D1|supporting_structure|supporting_structure|0.0|1.0|0|0|MNT00000178|port|0|0|0|0|0|0
2025-05-06 20:50:41.036412|1999-06-02 00:47:19|3648.7883757412956|Diving Support Vessel 1|delay|structural subsea inspection|work shift has ended; waiting for next shift to start|D1|D1|supporting_structure|supporting_structure|0.0|1.0|5.211388888888889|0|MNT00000178|port|0|0.0|0.0|0.0|16285.59027777778|16285.59027777778
2025-05-06 20:50:41.036412|1999-06-02 01:02:38|3649.04372051423|Cable Lay Vessel|complete travel|array cable replacement|arrived at port|cable::B2::D1|array cable|cable::B2::D1|array cable|1.0|1.0|0|0|RPR00000303|port|0|0|0|0|0|0
2025-05-06 20:50:41.036412|1999-06-02 01:02:38|3649.04372051423|Cable Lay Vessel|delay|array cable replacement|work shift has ended; waiting for next shift to start|cable::B2::D1|array cable|cable::B2::D1|array cable|1.0|1.0|4.956111111111111|0|RPR00000303|port|0|0.0|0.0|0.0|12348.508086342594|12348.508086342594
2025-05-06 20:50:41.038409|1999-06-02 06:00:00|3653.9997646301845|Diving Support Vessel 1|traveling|structural subsea inspection|traveling from port to site|D1|D1|supporting_structure|supporting_structure|0.0|1.0|2.7884922710889612|53.0|MNT00000178|enroute|0|0|0.0|0.0|8714.038347153004|8714.038347153004
2025-05-06 20:50:41.039414|1999-06-02 06:00:00|3653.999831625341|Cable Lay Vessel|traveling|array cable replacement|traveling from port to site|cable::B2::D1|array cable|cable::B2::D1|array cable|1.0|1.0|3.043796145202068|53.0|RPR00000303|enroute|0|0|0.0|0.0|7583.837502743087|7583.837502743087
2025-05-06 20:50:41.039414|1999-06-02 06:00:00|3653.999858823892|Eurkea Port|repair|minor pitch system repair|repair|C5|C5|hydraulic_system|hydraulic_system|0|0|6.829444444444444|0|RPR00000300|port|0|0.0|0.0|0.0|0.0|0.0
2025-05-06 20:50:41.039414|1999-06-02 06:00:00|3653.99990469221|Eurkea Port|repair|power converter minor repair|repair|A6|A6|electrical_system|electrical_system|0|0|5.00138888888889|0|RPR00000026|port|0|0.0|0.0|0.0|0.0|0.0
2025-05-06 20:50:41.040421|1999-06-02 08:47:18|3656.7882569012736|Diving Support Vessel 1|complete travel|structural subsea inspection|arrived at D1|D1|D1|supporting_structure|supporting_structure|0.0|1.0|0|0|MNT00000178|site|0|0|0|0|0|0
2025-05-06 20:50:41.040421|1999-06-02 08:47:18|3656.7882569012736|Diving Support Vessel 1|transferring crew|structural subsea inspection|transferring crew from Diving Support Vessel 1 to D1|D1|D1|supporting_structure|supporting_structure|0.0|1.0|0.25|0|MNT00000178|system|0|0.0|0.0|0.0|781.25|781.25
2025-05-06 20:50:41.040421|1999-06-02 09:02:18|3657.0382569012736|Diving Support Vessel 1|complete transfer|structural subsea inspection|complete|D1|D1|supporting_structure|supporting_structure|0.0|1.0|0|0|MNT00000178|system|0|0|0|0|0|0
2025-05-06 20:50:41.041410|1999-06-02 09:02:18|3657.0382569012736|Diving Support Vessel 1|maintenance|structural subsea inspection|maintenance|D1|D1|supporting_structure|supporting_structure|0.0|1.0|3.9183333333333334|0|MNT00000178|system|0|0.0|0.0|0.0|12244.791666666668|12244.791666666668
2025-05-06 20:50:41.041410|1999-06-02 09:02:38|3657.043627770543|Cable Lay Vessel|complete travel|array cable replacement|arrived at cable::B2::D1|cable::B2::D1|array cable|cable::B2::D1|array cable|1.0|1.0|0|0|RPR00000303|site|0|0|0|0|0|0
2025-05-06 20:50:41.041997|1999-06-02 09:02:38|3657.043627770543|Cable Lay Vessel|transferring crew|array cable replacement|transferring crew from Cable Lay Vessel to cable::B2::D1|cable::B2::D1|array cable|cable::B2::D1|array cable|1.0|1.0|0.25|0|RPR00000303|system|0|0.0|0.0|0.0|622.8930208333334|622.8930208333334
2025-05-06 20:50:41.041997|1999-06-02 09:17:38|3657.293627770543|Cable Lay Vessel|complete transfer|array cable replacement|complete|cable::B2::D1|array cable|cable::B2::D1|array cable|1.0|1.0|0|0|RPR00000303|system|0|0|0|0|0|0
2025-05-06 20:50:41.041997|1999-06-02 09:17:38|3657.293627770543|Cable Lay Vessel|repair|array cable replacement|repair|cable::B2::D1|array cable|cable::B2::D1|array cable|1.0|1.0|12.456111111111111|0|RPR00000303|system|0|0.0|0.0|0.0|31035.2987113426|31035.2987113426
2025-05-06 20:50:41.041997|1999-06-02 11:00:05|3659.0012935810987|Eurkea Port|repair complete|power converter minor repair|complete|A6||electrical_system|electrical_system|0|0|0|0|RPR00000026|na|1000.0|0|0|0|0|1000.0
2025-05-06 20:50:41.043081|1999-06-02 11:00:05|3659.0012935810987|Eurkea Port|maintenance|annual turbine inspection|maintenance|A6|A6|generator|generator|0|0|10.99861111111111|0|MNT00000083|port|0|0.0|0.0|0.0|0.0|0.0
2025-05-06 20:50:41.043081|1999-06-02 12:49:46|3660.8293032683364|Eurkea Port|repair complete|minor pitch system repair|complete|C5||hydraulic_system|hydraulic_system|0|0|0|0|RPR00000300|na|500.0|0|0|0|0|500.0
2025-05-06 20:50:41.043081|1999-06-02 12:49:46|3660.8293032683364|Eurkea Port|repair|power converter major repair|repair|C5|C5|electrical_system|electrical_system|0|0|9.170555555555556|0|RPR00000323|port|0|0.0|0.0|0.0|0.0|0.0
2025-05-06 20:50:41.044080|1999-06-02 12:57:24|3660.956590234607|Diving Support Vessel 1|transferring crew|structural subsea inspection|transferring crew from D1 to Diving Support Vessel 1|D1|D1|supporting_structure|supporting_structure|0.0|1.0|0.25|0|MNT00000178|system|0|0.0|0.0|0.0|781.25|781.25
2025-05-06 20:50:41.045004|1999-06-02 13:12:24|3661.206590234607|Diving Support Vessel 1|complete transfer|structural subsea inspection|complete|D1|D1|supporting_structure|supporting_structure|0.0|1.0|0|0|MNT00000178|system|0|0|0|0|0|0
2025-05-06 20:50:41.045004|1999-06-02 13:12:24|3661.206590234607|Diving Support Vessel 1|maintenance complete|structural subsea inspection|complete|D1|D1|supporting_structure|supporting_structure|1.0|1.0|0|0|MNT00000178|system|500.0|0|0|0|0|500.0
2025-05-06 20:50:41.048008|1999-06-02 13:12:24|3661.206590234607|Diving Support Vessel 1|traveling|structural subsea inspection|traveling from D1 to f|f|f|supporting_structure|supporting_structure|1.0|1.0|0.0515376426155709|1.5270603506993659|MNT00000181|enroute|0|0|0.0|0.0|161.05513317365907|161.05513317365907
2025-05-06 20:50:41.048008|1999-06-02 13:15:30|3661.2581278772227|Diving Support Vessel 1|complete travel|structural subsea inspection|arrived at f|f|f|supporting_structure|supporting_structure|1.0|1.0|0|0|MNT00000181|system|0|0|0|0|0|0
2025-05-06 20:50:41.050082|1999-06-02 13:15:30|3661.2581278772227|Diving Support Vessel 1|transferring crew|structural subsea inspection|transferring crew from Diving Support Vessel 1 to f|f|f|supporting_structure|supporting_structure|0.0|1.0|0.25|0|MNT00000181|system|0|0.0|0.0|0.0|781.25|781.25
2025-05-06 20:50:41.050082|1999-06-02 13:30:30|3661.5081278772227|Diving Support Vessel 1|complete transfer|structural subsea inspection|complete|f|f|supporting_structure|supporting_structure|0.0|1.0|0|0|MNT00000181|system|0|0|0|0|0|0
2025-05-06 20:50:41.050082|1999-06-02 13:30:30|3661.5081278772227|Diving Support Vessel 1|maintenance|structural subsea inspection|maintenance|f|f|supporting_structure|supporting_structure|0.0|1.0|6.0|0|MNT00000181|system|0|0.0|0.0|0.0|18750.0|18750.0
2025-05-06 20:50:41.051425|1999-06-02 19:30:30|3667.5081278772227|Diving Support Vessel 1|transferring crew|structural subsea inspection|transferring crew from f to Diving Support Vessel 1|f|f|supporting_structure|supporting_structure|0.0|1.0|0.25|0|MNT00000181|system|0|0.0|0.0|0.0|781.25|781.25
2025-05-06 20:50:41.051425|1999-06-02 19:45:30|3667.7581278772227|Diving Support Vessel 1|complete transfer|structural subsea inspection|complete|f|f|supporting_structure|supporting_structure|0.0|1.0|0|0|MNT00000181|system|0|0|0|0|0|0
2025-05-06 20:50:41.051425|1999-06-02 19:45:30|3667.7581278772227|Diving Support Vessel 1|maintenance complete|structural subsea inspection|complete|f|f|supporting_structure|supporting_structure|1.0|1.0|0|0|MNT00000181|system|500.0|0|0|0|0|500.0
2025-05-06 20:50:41.053351|1999-06-02 19:45:30|3667.7581278772227|Diving Support Vessel 1|traveling|structural subsea inspection|traveling from f to E7|E7|E7|supporting_structure|supporting_structure|1.0|1.0|0.31450626004724885|9.318820485199984|MNT00000187|enroute|0|0|0.0|0.0|982.8320626476527|982.8320626476527
2025-05-06 20:50:41.055352|1999-06-02 20:04:22|3668.07263413727|Diving Support Vessel 1|complete travel|structural subsea inspection|arrived at E7|E7|E7|supporting_structure|supporting_structure|1.0|1.0|0|0|MNT00000187|system|0|0|0|0|0|0
2025-05-06 20:50:41.056361|1999-06-02 20:04:22|3668.07263413727|Diving Support Vessel 1|transferring crew|structural subsea inspection|transferring crew from Diving Support Vessel 1 to E7|E7|E7|supporting_structure|supporting_structure|0.0|1.0|0.25|0|MNT00000187|system|0|0.0|0.0|0.0|781.25|781.25
2025-05-06 20:50:41.056361|1999-06-02 20:19:22|3668.32263413727|Diving Support Vessel 1|complete transfer|structural subsea inspection|complete|E7|E7|supporting_structure|supporting_structure|0.0|1.0|0|0|MNT00000187|system|0|0|0|0|0|0
2025-05-06 20:50:41.056361|1999-06-02 20:19:22|3668.32263413727|Diving Support Vessel 1|maintenance|structural subsea inspection|maintenance|E7|E7|supporting_structure|supporting_structure|0.0|1.0|1.4272222222222224|0|MNT00000187|system|0|0.0|0.0|0.0|4460.069444444445|4460.069444444445
2025-05-06 20:50:41.057351|1999-06-02 21:45:00|3669.749738881654|Cable Lay Vessel|transferring crew|array cable replacement|transferring crew from cable::B2::D1 to Cable Lay Vessel|cable::B2::D1|array cable|cable::B2::D1|array cable|1.0|1.0|0.25|0|RPR00000303|system|0|0.0|0.0|0.0|622.8930208333334|622.8930208333334
2025-05-06 20:50:41.057351|1999-06-02 21:45:00|3669.7498563594922|Diving Support Vessel 1|transferring crew|structural subsea inspection|transferring crew from E7 to Diving Support Vessel 1|E7|E7|supporting_structure|supporting_structure|0.0|1.0|0.25|0|MNT00000187|system|0|0.0|0.0|0.0|781.25|781.25
2025-05-06 20:50:41.057351|1999-06-02 22:00:00|3669.999738881654|Cable Lay Vessel|complete transfer|array cable replacement|complete|cable::B2::D1|array cable|cable::B2::D1|array cable|1.0|1.0|0|0|RPR00000303|system|0|0|0|0|0|0
2025-05-06 20:50:41.058350|1999-06-02 22:00:00|3669.999738881654|Cable Lay Vessel|traveling|array cable replacement|traveling from site to port|cable::B2::D1|array cable|cable::B2::D1|array cable|1.0|1.0|3.0437034015153035|53.0|RPR00000303|enroute|0|0|0.0|0.0|7583.606425162237|7583.606425162237
2025-05-06 20:50:41.058350|1999-06-02 22:00:00|3669.9998563594922|Diving Support Vessel 1|complete transfer|structural subsea inspection|complete|E7|E7|supporting_structure|supporting_structure|0.0|1.0|0|0|MNT00000187|system|0|0|0|0|0|0
2025-05-06 20:50:41.058350|1999-06-02 22:00:00|3669.9998563594922|Diving Support Vessel 1|traveling|structural subsea inspection|traveling from site to port|E7|E7|supporting_structure|supporting_structure|0.0|1.0|2.7885840003967304|53.0|MNT00000187|enroute|0|0|0.0|0.0|8714.325001239782|8714.325001239782
2025-05-06 20:50:41.058350|1999-06-02 22:00:00|3669.999858823892|Eurkea Port|delay|power converter major repair|end of shift; will resume work in the next shift|C5|C5|electrical_system|electrical_system|0|0|8.0|0|RPR00000323|port|0|0.0|0.0|0.0|0.0|0.0
2025-05-06 20:50:41.058350|1999-06-02 22:00:00|3669.99990469221|Eurkea Port|delay|annual turbine inspection|end of shift; will resume work in the next shift|A6|A6|generator|generator|0|0|8.0|0|MNT00000083|port|0|0.0|0.0|0.0|0.0|0.0
2025-05-06 20:50:41.059348|1999-06-03 00:47:19|3672.788440359889|Diving Support Vessel 1|complete travel|structural subsea inspection|arrived at port|E7|E7|supporting_structure|supporting_structure|0.0|1.0|0|0|MNT00000187|port|0|0|0|0|0|0
2025-05-06 20:50:41.059348|1999-06-03 00:47:19|3672.788440359889|Diving Support Vessel 1|delay|structural subsea inspection|work shift has ended; waiting for next shift to start|E7|E7|supporting_structure|supporting_structure|0.0|1.0|5.211388888888889|0|MNT00000187|port|0|0.0|0.0|0.0|16285.59027777778|16285.59027777778
2025-05-06 20:50:41.060267|1999-06-03 01:02:37|3673.0434422831695|Cable Lay Vessel|complete travel|array cable replacement|arrived at port|cable::B2::D1|array cable|cable::B2::D1|array cable|1.0|1.0|0|0|RPR00000303|port|0|0|0|0|0|0
2025-05-06 20:50:41.060267|1999-06-03 01:02:37|3673.0434422831695|Cable Lay Vessel|delay|array cable replacement|work shift has ended; waiting for next shift to start|cable::B2::D1|array cable|cable::B2::D1|array cable|1.0|1.0|4.956388888888889|0|RPR00000303|port|0|0.0|0.0|0.0|12349.200189699075|12349.200189699075
2025-05-06 20:50:41.061946|1999-06-03 06:00:00|3677.999829248778|Diving Support Vessel 1|traveling|structural subsea inspection|traveling from port to site|E7|E7|supporting_structure|supporting_structure|0.0|1.0|2.7885568896825306|53.0|MNT00000187|enroute|0|0|0.0|0.0|8714.240280257907|8714.240280257907
2025-05-06 20:50:41.063036|1999-06-03 06:00:00|3677.9998311720583|Cable Lay Vessel|traveling|array cable replacement|traveling from port to site|cable::B2::D1|array cable|cable::B2::D1|array cable|1.0|1.0|3.043795691919458|53.0|RPR00000303|enroute|0|0|0.0|0.0|7583.836373356789|7583.836373356789
2025-05-06 20:50:41.063036|1999-06-03 06:00:00|3677.999858823892|Eurkea Port|repair|power converter major repair|repair|C5|C5|electrical_system|electrical_system|0|0|16.0|0|RPR00000323|port|0|0.0|0.0|0.0|0.0|0.0
2025-05-06 20:50:41.063036|1999-06-03 06:00:00|3677.99990469221|Eurkea Port|maintenance|annual turbine inspection|maintenance|A6|A6|generator|generator|0|0|13.00138888888889|0|MNT00000083|port|0|0.0|0.0|0.0|0.0|0.0
2025-05-06 20:50:41.063036|1999-06-03 07:19:12|3679.319807147715|hydraulic_system|repair request|minor pitch system repair|severity level 1|b|b|hydraulic_system|hydraulic_system|1.0|1.0|0|0|RPR00000328|na|0|0|0|0|0|0
2025-05-06 20:50:41.064029|1999-06-03 08:47:19|3680.7883861384607|Diving Support Vessel 1|complete travel|structural subsea inspection|arrived at E7|E7|E7|supporting_structure|supporting_structure|0.0|1.0|0|0|MNT00000187|site|0|0|0|0|0|0
2025-05-06 20:50:41.064029|1999-06-03 08:47:19|3680.7883861384607|Diving Support Vessel 1|transferring crew|structural subsea inspection|transferring crew from Diving Support Vessel 1 to E7|E7|E7|supporting_structure|supporting_structure|0.0|1.0|0.25|0|MNT00000187|system|0|0.0|0.0|0.0|781.25|781.25
2025-05-06 20:50:41.064029|1999-06-03 09:02:19|3681.0383861384607|Diving Support Vessel 1|complete transfer|structural subsea inspection|complete|E7|E7|supporting_structure|supporting_structure|0.0|1.0|0|0|MNT00000187|system|0|0|0|0|0|0
2025-05-06 20:50:41.064959|1999-06-03 09:02:19|3681.0383861384607|Diving Support Vessel 1|maintenance|structural subsea inspection|maintenance|E7|E7|supporting_structure|supporting_structure|0.0|1.0|4.572777777777778|0|MNT00000187|system|0|0.0|0.0|0.0|14289.930555555555|14289.930555555555
2025-05-06 20:50:41.064959|1999-06-03 09:02:38|3681.043626863978|Cable Lay Vessel|complete travel|array cable replacement|arrived at cable::B2::D1|cable::B2::D1|array cable|cable::B2::D1|array cable|1.0|1.0|0|0|RPR00000303|site|0|0|0|0|0|0
2025-05-06 20:50:41.065951|1999-06-03 09:02:38|3681.043626863978|Cable Lay Vessel|transferring crew|array cable replacement|transferring crew from Cable Lay Vessel to cable::B2::D1|cable::B2::D1|array cable|cable::B2::D1|array cable|1.0|1.0|0.25|0|RPR00000303|system|0|0.0|0.0|0.0|622.8930208333334|622.8930208333334
2025-05-06 20:50:41.065951|1999-06-03 09:17:38|3681.293626863978|Cable Lay Vessel|complete transfer|array cable replacement|complete|cable::B2::D1|array cable|cable::B2::D1|array cable|1.0|1.0|0|0|RPR00000303|system|0|0|0|0|0|0
2025-05-06 20:50:41.065951|1999-06-03 09:17:38|3681.293626863978|Cable Lay Vessel|repair|array cable replacement|repair|cable::B2::D1|array cable|cable::B2::D1|array cable|1.0|1.0|12.456111111111111|0|RPR00000303|system|0|0.0|0.0|0.0|31035.2987113426|31035.2987113426
2025-05-06 20:50:41.067032|1999-06-03 13:36:41|3685.6111639162386|Diving Support Vessel 1|transferring crew|structural subsea inspection|transferring crew from E7 to Diving Support Vessel 1|E7|E7|supporting_structure|supporting_structure|0.0|1.0|0.25|0|MNT00000187|system|0|0.0|0.0|0.0|781.25|781.25
2025-05-06 20:50:41.067032|1999-06-03 13:51:41|3685.8611639162386|Diving Support Vessel 1|complete transfer|structural subsea inspection|complete|E7|E7|supporting_structure|supporting_structure|0.0|1.0|0|0|MNT00000187|system|0|0|0|0|0|0
2025-05-06 20:50:41.067032|1999-06-03 13:51:41|3685.8611639162386|Diving Support Vessel 1|maintenance complete|structural subsea inspection|complete|E7|E7|supporting_structure|supporting_structure|1.0|1.0|0|0|MNT00000187|system|500.0|0|0|0|0|500.0
2025-05-06 20:50:41.071627|1999-06-03 13:51:41|3685.8611639162386|Diving Support Vessel 1|traveling|structural subsea inspection|traveling from E7 to D6|D6|D6|supporting_structure|supporting_structure|1.0|1.0|0.05152437811840428|1.5266673236483188|MNT00000190|enroute|0|0|0.0|0.0|161.01368162001336|161.01368162001336
2025-05-06 20:50:41.071627|1999-06-03 13:54:46|3685.912688294357|Diving Support Vessel 1|complete travel|structural subsea inspection|arrived at D6|D6|D6|supporting_structure|supporting_structure|1.0|1.0|0|0|MNT00000190|system|0|0|0|0|0|0
2025-05-06 20:50:41.073622|1999-06-03 13:54:46|3685.912688294357|Diving Support Vessel 1|transferring crew|structural subsea inspection|transferring crew from Diving Support Vessel 1 to D6|D6|D6|supporting_structure|supporting_structure|0.0|1.0|0.25|0|MNT00000190|system|0|0.0|0.0|0.0|781.25|781.25
2025-05-06 20:50:41.073622|1999-06-03 14:09:46|3686.162688294357|Diving Support Vessel 1|complete transfer|structural subsea inspection|complete|D6|D6|supporting_structure|supporting_structure|0.0|1.0|0|0|MNT00000190|system|0|0|0|0|0|0
2025-05-06 20:50:41.074628|1999-06-03 14:09:46|3686.162688294357|Diving Support Vessel 1|maintenance|structural subsea inspection|maintenance|D6|D6|supporting_structure|supporting_structure|0.0|1.0|6.0|0|MNT00000190|system|0|0.0|0.0|0.0|18750.0|18750.0
2025-05-06 20:50:41.075628|1999-06-03 19:00:05|3691.0012935810987|Eurkea Port|maintenance complete|annual turbine inspection|complete|A6||generator|generator|0|0|0|0|MNT00000083|na|1500.0|0|0|0|0|1500.0
2025-05-06 20:50:41.075628|1999-06-03 19:00:05|3691.0012935810987|Eurkea Port|maintenance|structural annual inspection|maintenance|A6|A6|supporting_structure|supporting_structure|0|0|2.998611111111111|0|MNT00000084|port|0|0.0|0.0|0.0|0.0|0.0
2025-05-06 20:50:41.075628|1999-06-03 19:44:47|3691.7462097734315|Anchor Handling Tug|mobilization|Anchor Handling Tug has arrived on site|mobilization|||||0|0|0|0|na|site|0|0|0|0|325000.0|325000.0
2025-05-06 20:50:41.075628|1999-06-03 19:44:47|3691.7462097734315|Anchor Handling Tug|traveling|anchor replacement|traveling from None to F6|F6|F6|supporting_structure|supporting_structure|1.0|1.0|0.0|0.0|RPR00000313|enroute|0|0|0.0|0.0|0.0|0.0
2025-05-06 20:50:41.076621|1999-06-03 19:44:47|3691.7462097734315|Anchor Handling Tug|complete travel|anchor replacement|arrived at F6|F6|F6|supporting_structure|supporting_structure|1.0|1.0|0|0|RPR00000313|system|0|0|0|0|0|0
2025-05-06 20:50:41.077630|1999-06-03 19:44:47|3691.7462097734315|Anchor Handling Tug|transferring crew|anchor replacement|transferring crew from Anchor Handling Tug to F6|F6|F6|supporting_structure|supporting_structure|0.0|1.0|0.25|0|RPR00000313|system|0|0.0|0.0|0.0|437.5|437.5
2025-05-06 20:50:41.077630|1999-06-03 19:59:47|3691.9962097734315|Anchor Handling Tug|complete transfer|anchor replacement|complete|F6|F6|supporting_structure|supporting_structure|0.0|1.0|0|0|RPR00000313|system|0|0|0|0|0|0
2025-05-06 20:50:41.078625|1999-06-03 19:59:47|3691.9962097734315|Anchor Handling Tug|repair|anchor replacement|repair|F6|F6|supporting_structure|supporting_structure|0.0|1.0|245.0036111111111|0|RPR00000313|system|0|0.0|0.0|0.0|428756.31944444444|428756.31944444444
2025-05-06 20:50:41.079621|1999-06-03 20:09:46|3692.162688294357|Diving Support Vessel 1|transferring crew|structural subsea inspection|transferring crew from D6 to Diving Support Vessel 1|D6|D6|supporting_structure|supporting_structure|0.0|1.0|0.25|0|MNT00000190|system|0|0.0|0.0|0.0|781.25|781.25
2025-05-06 20:50:41.079621|1999-06-03 20:24:46|3692.412688294357|Diving Support Vessel 1|complete transfer|structural subsea inspection|complete|D6|D6|supporting_structure|supporting_structure|0.0|1.0|0|0|MNT00000190|system|0|0|0|0|0|0
2025-05-06 20:50:41.079621|1999-06-03 20:24:46|3692.412688294357|Diving Support Vessel 1|maintenance complete|structural subsea inspection|complete|D6|D6|supporting_structure|supporting_structure|1.0|1.0|0|0|MNT00000190|system|500.0|0|0|0|0|500.0
2025-05-06 20:50:41.082219|1999-06-03 20:24:46|3692.412688294357|Diving Support Vessel 1|traveling|structural subsea inspection|traveling from D6 to F5|F5|F5|supporting_structure|supporting_structure|1.0|1.0|0.0515257024059746|1.5267065622890275|MNT00000193|enroute|0|0|0.0|0.0|161.01782001867062|161.01782001867062
2025-05-06 20:50:41.084219|1999-06-03 20:27:52|3692.4642139967627|Diving Support Vessel 1|complete travel|structural subsea inspection|arrived at F5|F5|F5|supporting_structure|supporting_structure|1.0|1.0|0|0|MNT00000193|system|0|0|0|0|0|0
2025-05-06 20:50:41.085215|1999-06-03 20:27:52|3692.4642139967627|Diving Support Vessel 1|transferring crew|structural subsea inspection|transferring crew from Diving Support Vessel 1 to F5|F5|F5|supporting_structure|supporting_structure|0.0|1.0|0.25|0|MNT00000193|system|0|0.0|0.0|0.0|781.25|781.25
2025-05-06 20:50:41.085215|1999-06-03 20:42:52|3692.7142139967627|Diving Support Vessel 1|complete transfer|structural subsea inspection|complete|F5|F5|supporting_structure|supporting_structure|0.0|1.0|0|0|MNT00000193|system|0|0|0|0|0|0
2025-05-06 20:50:41.085215|1999-06-03 20:42:52|3692.7142139967627|Diving Support Vessel 1|maintenance|structural subsea inspection|maintenance|F5|F5|supporting_structure|supporting_structure|0.0|1.0|1.0355555555555556|0|MNT00000193|system|0|0.0|0.0|0.0|3236.1111111111113|3236.1111111111113
2025-05-06 20:50:41.086214|1999-06-03 21:45:00|3693.749737975089|Cable Lay Vessel|transferring crew|array cable replacement|transferring crew from cable::B2::D1 to Cable Lay Vessel|cable::B2::D1|array cable|cable::B2::D1|array cable|1.0|1.0|0.25|0|RPR00000303|system|0|0.0|0.0|0.0|622.8930208333334|622.8930208333334
2025-05-06 20:50:41.087214|1999-06-03 21:45:00|3693.7497695523184|Diving Support Vessel 1|transferring crew|structural subsea inspection|transferring crew from F5 to Diving Support Vessel 1|F5|F5|supporting_structure|supporting_structure|0.0|1.0|0.25|0|MNT00000193|system|0|0.0|0.0|0.0|781.25|781.25
2025-05-06 20:50:41.087214|1999-06-03 22:00:00|3693.999737975089|Cable Lay Vessel|complete transfer|array cable replacement|complete|cable::B2::D1|array cable|cable::B2::D1|array cable|1.0|1.0|0|0|RPR00000303|system|0|0|0|0|0|0
2025-05-06 20:50:41.087214|1999-06-03 22:00:00|3693.999737975089|Cable Lay Vessel|traveling|array cable replacement|traveling from site to port|cable::B2::D1|array cable|cable::B2::D1|array cable|1.0|1.0|3.043702494950084|53.0|RPR00000303|enroute|0|0|0.0|0.0|7583.604166389647|7583.604166389647
2025-05-06 20:50:41.087214|1999-06-03 22:00:00|3693.9997695523184|Diving Support Vessel 1|complete transfer|structural subsea inspection|complete|F5|F5|supporting_structure|supporting_structure|0.0|1.0|0|0|MNT00000193|system|0|0|0|0|0|0
2025-05-06 20:50:41.088294|1999-06-03 22:00:00|3693.9997695523184|Diving Support Vessel 1|traveling|structural subsea inspection|traveling from site to port|F5|F5|supporting_structure|supporting_structure|0.0|1.0|2.788497193222901|53.0|MNT00000193|enroute|0|0|0.0|0.0|8714.053728821566|8714.053728821566
2025-05-06 20:50:41.088294|1999-06-03 22:00:00|3693.999858823892|Eurkea Port|delay|power converter major repair|end of shift; will resume work in the next shift|C5|C5|electrical_system|electrical_system|0|0|8.0|0|RPR00000323|port|0|0.0|0.0|0.0|0.0|0.0
2025-05-06 20:50:41.088294|1999-06-03 22:00:00|3693.99990469221|Eurkea Port|delay|structural annual inspection|end of shift; will resume work in the next shift|A6|A6|supporting_structure|supporting_structure|0|0|8.0|0|MNT00000084|port|0|0.0|0.0|0.0|0.0|0.0
2025-05-06 20:50:41.091217|1999-06-04 00:47:18|3696.7882667455415|Diving Support Vessel 1|complete travel|structural subsea inspection|arrived at port|F5|F5|supporting_structure|supporting_structure|0.0|1.0|0|0|MNT00000193|port|0|0|0|0|0|0
2025-05-06 20:50:41.092257|1999-06-04 00:47:18|3696.7882667455415|Diving Support Vessel 1|delay|structural subsea inspection|work shift has ended; waiting for next shift to start|F5|F5|supporting_structure|supporting_structure|0.0|1.0|5.211666666666667|0|MNT00000193|port|0|0.0|0.0|0.0|16286.458333333334|16286.458333333334
2025-05-06 20:50:41.092257|1999-06-04 01:02:37|3697.043440470039|Cable Lay Vessel|complete travel|array cable replacement|arrived at port|cable::B2::D1|array cable|cable::B2::D1|array cable|1.0|1.0|0|0|RPR00000303|port|0|0|0|0|0|0
2025-05-06 20:50:41.092257|1999-06-04 01:02:37|3697.043440470039|Cable Lay Vessel|delay|array cable replacement|work shift has ended; waiting for next shift to start|cable::B2::D1|array cable|cable::B2::D1|array cable|1.0|1.0|4.956388888888889|0|RPR00000303|port|0|0.0|0.0|0.0|12349.200189699075|12349.200189699075
2025-05-06 20:50:41.092257|1999-06-04 02:13:39|3698.2272663305025|hydraulic_system|repair request|minor pitch system repair|severity level 1|F2|F2|hydraulic_system|hydraulic_system|1.0|1.0|0|0|RPR00000329|na|0|0|0|0|0|0
2025-05-06 20:50:41.094258|1999-06-04 06:00:00|3701.999829358928|Cable Lay Vessel|traveling|array cable replacement|traveling from port to site|cable::B2::D1|array cable|cable::B2::D1|array cable|1.0|1.0|3.0437938787890193|53.0|RPR00000303|enroute|0|0|0.0|0.0|7583.831855811604|7583.831855811604
2025-05-06 20:50:41.094258|1999-06-04 06:00:00|3701.999858823892|Eurkea Port|repair|power converter major repair|repair|C5|C5|electrical_system|electrical_system|0|0|2.8294444444444444|0|RPR00000323|port|0|0.0|0.0|0.0|0.0|0.0
2025-05-06 20:50:41.094258|1999-06-04 06:00:00|3701.99990469221|Eurkea Port|maintenance|structural annual inspection|maintenance|A6|A6|supporting_structure|supporting_structure|0|0|16.0|0|MNT00000084|port|0|0.0|0.0|0.0|0.0|0.0
2025-05-06 20:50:41.095267|1999-06-04 06:00:00|3701.999933412208|Diving Support Vessel 1|traveling|structural subsea inspection|traveling from port to site|F5|F5|supporting_structure|supporting_structure|0.0|1.0|2.788661053112554|53.0|MNT00000193|enroute|0|0|0.0|0.0|8714.565790976732|8714.565790976732
2025-05-06 20:50:41.095267|1999-06-04 08:47:19|3704.788594465321|Diving Support Vessel 1|complete travel|structural subsea inspection|arrived at F5|F5|F5|supporting_structure|supporting_structure|0.0|1.0|0|0|MNT00000193|site|0|0|0|0|0|0
2025-05-06 20:50:41.095267|1999-06-04 08:47:19|3704.788594465321|Diving Support Vessel 1|transferring crew|structural subsea inspection|transferring crew from Diving Support Vessel 1 to F5|F5|F5|supporting_structure|supporting_structure|0.0|1.0|0.25|0|MNT00000193|system|0|0.0|0.0|0.0|781.25|781.25
2025-05-06 20:50:41.095267|1999-06-04 08:49:46|3704.8293032683364|Eurkea Port|repair complete|power converter major repair|complete|C5||electrical_system|electrical_system|0|0|0|0|RPR00000323|na|7000.0|0|0|0|0|7000.0
2025-05-06 20:50:41.096271|1999-06-04 08:49:46|3704.8293032683364|Tugboat 2|towing|towing turbine back to site||C5|C5|||0|0|0|0.0|RPR00000323|enroute|0|0.0|0.0|0.0|0.0|0.0
2025-05-06 20:50:41.096271|1999-06-04 08:49:46|3704.8293032683364|Tugboat 2|complete towing|towing turbine back to site|complete|C5|C5|||0|0|0|0|RPR00000323|site|0|0.0|0.0|0.0|0.0|0.0
2025-05-06 20:50:41.096271|1999-06-04 08:49:46|3704.8293032683364|Tugboat 2|mooring reconnection|power converter major repair|Reconnecting the mooring to C5|C5|C5|||0.0|0|4.0|0|RPR00000323|system|0|0.0|0.0|0.0|0.0|0.0
2025-05-06 20:50:41.098259|1999-06-04 08:49:54|3704.8315254905588|Tugboat 1|traveling|direct drive generator major repair|traveling from port to site|G7|G7|||0|0|0.0|0.0|RPR00000326|enroute|0|0|0.0|0.0|0.0|0.0
2025-05-06 20:50:41.098259|1999-06-04 08:49:54|3704.8315254905588|Tugboat 1|complete travel|direct drive generator major repair|arrived at G7|G7|G7|||0|0|0|0|RPR00000326|site|0|0|0|0|0|0
2025-05-06 20:50:41.099258|1999-06-04 08:49:54|3704.8315254905588|Tugboat 1|unmooring|direct drive generator major repair|Unmooring G7 to tow to port|G7|G7|||0.0|0|2.0|0|RPR00000326|system|0|0.0|0.0|0.0|0.0|0.0
2025-05-06 20:50:41.099258|1999-06-04 09:02:19|3705.038594465321|Diving Support Vessel 1|complete transfer|structural subsea inspection|complete|F5|F5|supporting_structure|supporting_structure|0.0|1.0|0|0|MNT00000193|system|0|0|0|0|0|0
2025-05-06 20:50:41.099258|1999-06-04 09:02:19|3705.038594465321|Diving Support Vessel 1|maintenance|structural subsea inspection|maintenance|F5|F5|supporting_structure|supporting_structure|0.0|1.0|4.964444444444444|0|MNT00000193|system|0|0.0|0.0|0.0|15513.888888888889|15513.888888888889
2025-05-06 20:50:41.100267|1999-06-04 09:02:38|3705.043623237717|Cable Lay Vessel|complete travel|array cable replacement|arrived at cable::B2::D1|cable::B2::D1|array cable|cable::B2::D1|array cable|1.0|1.0|0|0|RPR00000303|site|0|0|0|0|0|0
2025-05-06 20:50:41.100267|1999-06-04 09:02:38|3705.043623237717|Cable Lay Vessel|transferring crew|array cable replacement|transferring crew from Cable Lay Vessel to cable::B2::D1|cable::B2::D1|array cable|cable::B2::D1|array cable|1.0|1.0|0.25|0|RPR00000303|system|0|0.0|0.0|0.0|622.8930208333334|622.8930208333334
2025-05-06 20:50:41.100267|1999-06-04 09:17:38|3705.293623237717|Cable Lay Vessel|complete transfer|array cable replacement|complete|cable::B2::D1|array cable|cable::B2::D1|array cable|1.0|1.0|0|0|RPR00000303|system|0|0|0|0|0|0
2025-05-06 20:50:41.100267|1999-06-04 09:17:38|3705.293623237717|Cable Lay Vessel|repair|array cable replacement|repair|cable::B2::D1|array cable|cable::B2::D1|array cable|1.0|1.0|12.456111111111111|0|RPR00000303|system|0|0.0|0.0|0.0|31035.2987113426|31035.2987113426
2025-05-06 20:50:41.100267|1999-06-04 10:49:54|3706.8315254905588|Tugboat 1|complete unmooring|direct drive generator major repair|complete|G7|G7|||0.0|0|0|0|RPR00000326|na|0|0|0|0|0|0
2025-05-06 20:50:41.100267|1999-06-04 10:49:54|3706.8315254905588|Tugboat 1|towing|towing turbine to port||G7|G7|||0|0|0|0.0|RPR00000326|enroute|0|0.0|0.0|0.0|0.0|0.0
2025-05-06 20:50:41.100267|1999-06-04 10:49:54|3706.8315254905588|Tugboat 1|complete towing|towing turbine to port|complete|G7|G7|||0|0|0|0|RPR00000326|port|0|0.0|0.0|0.0|0.0|0.0
2025-05-06 20:50:41.101258|1999-06-04 10:49:54|3706.8315254905588|Eurkea Port|requests being moved|||G7|G7|yaw_system|yaw_system|nan|nan|0|0|RPR00000010|na|0|0|0|0|0|0
2025-05-06 20:50:41.101258|1999-06-04 10:49:54|3706.8315254905588|Eurkea Port|requests being moved|||G7|G7|electrical_system|electrical_system|nan|nan|0|0|RPR00000061|na|0|0|0|0|0|0
2025-05-06 20:50:41.101258|1999-06-04 10:49:54|3706.8315254905588|Eurkea Port|requests being moved|||G7|G7|generator|generator|nan|nan|0|0|MNT00000137|na|0|0|0|0|0|0
2025-05-06 20:50:41.101258|1999-06-04 10:49:54|3706.8315254905588|Eurkea Port|requests being moved|||G7|G7|supporting_structure|supporting_structure|nan|nan|0|0|MNT00000138|na|0|0|0|0|0|0
2025-05-06 20:50:41.101258|1999-06-04 10:49:54|3706.8315254905588|Eurkea Port|requests being moved|||G7|G7|generator|generator|nan|nan|0|0|RPR00000326|na|0|0|0|0|0|0
2025-05-06 20:50:41.101258|1999-06-04 10:49:54|3706.8315254905588|Eurkea Port|requests moved to port|at-port repair can now proceed||G7|G7|yaw_system|yaw_system|nan|nan|0|0|RPR00000010|na|0|0|0|0|0|0
2025-05-06 20:50:41.101258|1999-06-04 10:49:54|3706.8315254905588|Eurkea Port|requests moved to port|at-port repair can now proceed||G7|G7|electrical_system|electrical_system|nan|nan|0|0|RPR00000061|na|0|0|0|0|0|0
2025-05-06 20:50:41.101258|1999-06-04 10:49:54|3706.8315254905588|Eurkea Port|requests moved to port|at-port repair can now proceed||G7|G7|generator|generator|nan|nan|0|0|MNT00000137|na|0|0|0|0|0|0
2025-05-06 20:50:41.101258|1999-06-04 10:49:54|3706.8315254905588|Eurkea Port|requests moved to port|at-port repair can now proceed||G7|G7|supporting_structure|supporting_structure|nan|nan|0|0|MNT00000138|na|0|0|0|0|0|0
2025-05-06 20:50:41.102393|1999-06-04 10:49:54|3706.8315254905588|Eurkea Port|requests moved to port|at-port repair can now proceed||G7|G7|generator|generator|nan|nan|0|0|RPR00000326|na|0|0|0|0|0|0
2025-05-06 20:50:41.102393|1999-06-04 10:49:54|3706.8315254905588|Eurkea Port|repair|yaw system minor repair|repair|G7|G7|yaw_system|yaw_system|0|0|10.0|0|RPR00000010|port|0|0.0|0.0|0.0|0.0|0.0
2025-05-06 20:50:41.103393|1999-06-04 11:43:39|3707.7273702222806|electrical_system|repair request|power converter major repair|severity level 2|C7|C7|electrical_system|electrical_system|1.0|1.0|0|0|RPR00000330|na|0|0|0|0|0|0
2025-05-06 20:50:41.103393|1999-06-04 12:18:09|3708.302428730757|electrical_system|repair request|power converter minor repair|severity level 1|H4|H4|electrical_system|electrical_system|1.0|1.0|0|0|RPR00000331|na|0|0|0|0|0|0
2025-05-06 20:50:41.104393|1999-06-04 12:49:46|3708.8293032683364|Tugboat 2|complete mooring reconnection|power converter major repair|complete|C5|C5|||0.0|0|0|0|RPR00000323|na|0|0|0|0|0|0
2025-05-06 20:50:41.118430|1999-06-04 12:49:46|3708.8293032683364|Tugboat 2|traveling|traveling back to port after returning turbine|traveling from site to port|C5|C5|||0|0|0.0|0.0|RPR00000323|enroute|0|0|0.0|0.0|0.0|0.0
2025-05-06 20:50:41.118430|1999-06-04 12:49:46|3708.8293032683364|Tugboat 2|complete travel|traveling back to port after returning turbine|arrived at port|C5|C5|||0|0|0|0|RPR00000323|port|0|0|0|0|0|0
2025-05-06 20:50:41.121073|1999-06-04 14:00:11|3710.003038909765|Diving Support Vessel 1|transferring crew|structural subsea inspection|transferring crew from F5 to Diving Support Vessel 1|F5|F5|supporting_structure|supporting_structure|0.0|1.0|0.25|0|MNT00000193|system|0|0.0|0.0|0.0|781.25|781.25
2025-05-06 20:50:41.121073|1999-06-04 14:15:11|3710.253038909765|Diving Support Vessel 1|complete transfer|structural subsea inspection|complete|F5|F5|supporting_structure|supporting_structure|0.0|1.0|0|0|MNT00000193|system|0|0|0|0|0|0
2025-05-06 20:50:41.121073|1999-06-04 14:15:11|3710.253038909765|Diving Support Vessel 1|maintenance complete|structural subsea inspection|complete|F5|F5|supporting_structure|supporting_structure|1.0|1.0|0|0|MNT00000193|system|500.0|0|0|0|0|500.0
2025-05-06 20:50:41.123077|1999-06-04 14:15:11|3710.253038909765|Diving Support Vessel 1|traveling|structural subsea inspection|traveling from F5 to A3|A3|A3|supporting_structure|supporting_structure|1.0|1.0|0.05152916303533876|1.5268091007370874|MNT00000196|enroute|0|0|0.0|0.0|161.02863448543366|161.02863448543366
2025-05-06 20:50:41.124159|1999-06-04 14:18:17|3710.3045680728005|Diving Support Vessel 1|complete travel|structural subsea inspection|arrived at A3|A3|A3|supporting_structure|supporting_structure|1.0|1.0|0|0|MNT00000196|system|0|0|0|0|0|0
2025-05-06 20:50:41.125153|1999-06-04 14:18:17|3710.3045680728005|Diving Support Vessel 1|transferring crew|structural subsea inspection|transferring crew from Diving Support Vessel 1 to A3|A3|A3|supporting_structure|supporting_structure|0.0|1.0|0.25|0|MNT00000196|system|0|0.0|0.0|0.0|781.25|781.25
2025-05-06 20:50:41.125153|1999-06-04 14:33:17|3710.5545680728005|Diving Support Vessel 1|complete transfer|structural subsea inspection|complete|A3|A3|supporting_structure|supporting_structure|0.0|1.0|0|0|MNT00000196|system|0|0|0|0|0|0
2025-05-06 20:50:41.125153|1999-06-04 14:33:17|3710.5545680728005|Diving Support Vessel 1|maintenance|structural subsea inspection|maintenance|A3|A3|supporting_structure|supporting_structure|0.0|1.0|6.0|0|MNT00000196|system|0|0.0|0.0|0.0|18750.0|18750.0
