datetime|env_datetime|env_time|agent|action|reason|additional|system_id|system_name|part_id|part_name|system_operating_level|part_operating_level|duration|distance_km|request_id|location|materials_cost|hourly_labor_cost|salary_labor_cost|total_labor_cost|equipment_cost|total_cost
2025-06-05 21:28:35.937799|2000-01-01 00:00:00|0|26|subassemblies created: ['electrical_system', 'hydraulic_system', 'yaw_system', 'rotor_blades', 'generator', 'supporting_structure', 'drive_train']|windfarm initialization|initialization|26|26|||1.0|1|0|0|na|na|0|0|0|0|0|0
2025-06-05 21:28:35.988269|2000-01-01 00:00:00|0|2|subassemblies created: ['electrical_system', 'hydraulic_system', 'yaw_system', 'rotor_blades', 'generator', 'supporting_structure', 'drive_train']|windfarm initialization|initialization|2|2|||1.0|1|0|0|na|na|0|0|0|0|0|0
2025-06-05 21:28:36.036907|2000-01-01 00:00:00|0|52|subassemblies created: ['electrical_system', 'hydraulic_system', 'yaw_system', 'rotor_blades', 'generator', 'supporting_structure', 'drive_train']|windfarm initialization|initialization|52|52|||1.0|1|0|0|na|na|0|0|0|0|0|0
2025-06-05 21:28:36.082569|2000-01-01 00:00:00|0|1|subassemblies created: ['electrical_system', 'hydraulic_system', 'yaw_system', 'rotor_blades', 'generator', 'supporting_structure', 'drive_train']|windfarm initialization|initialization|1|1|||1.0|1|0|0|na|na|0|0|0|0|0|0
2025-06-05 21:28:36.129874|2000-01-01 00:00:00|0|50|subassemblies created: ['electrical_system', 'hydraulic_system', 'yaw_system', 'rotor_blades', 'generator', 'supporting_structure', 'drive_train']|windfarm initialization|initialization|50|50|||1.0|1|0|0|na|na|0|0|0|0|0|0
2025-06-05 21:28:36.184768|2000-01-01 00:00:00|0|100|subassemblies created: ['electrical_system', 'hydraulic_system', 'yaw_system', 'rotor_blades', 'generator', 'supporting_structure', 'drive_train']|windfarm initialization|initialization|100|100|||1.0|1|0|0|na|na|0|0|0|0|0|0
2025-06-05 21:28:36.232321|2000-01-01 00:00:00|0|102|subassemblies created: ['electrical_system', 'hydraulic_system', 'yaw_system', 'rotor_blades', 'generator', 'supporting_structure', 'drive_train']|windfarm initialization|initialization|102|102|||1.0|1|0|0|na|na|0|0|0|0|0|0
2025-06-05 21:28:36.285063|2000-01-01 00:00:00|0|104|subassemblies created: ['electrical_system', 'hydraulic_system', 'yaw_system', 'rotor_blades', 'generator', 'supporting_structure', 'drive_train']|windfarm initialization|initialization|104|104|||1.0|1|0|0|na|na|0|0|0|0|0|0
2025-06-05 21:28:36.338375|2000-01-01 00:00:00|0|28|subassemblies created: ['electrical_system', 'hydraulic_system', 'yaw_system', 'rotor_blades', 'generator', 'supporting_structure', 'drive_train']|windfarm initialization|initialization|28|28|||1.0|1|0|0|na|na|0|0|0|0|0|0
2025-06-05 21:28:36.392099|2000-01-01 00:00:00|0|10|subassemblies created: ['electrical_system', 'hydraulic_system', 'yaw_system', 'rotor_blades', 'generator', 'supporting_structure', 'drive_train']|windfarm initialization|initialization|10|10|||1.0|1|0|0|na|na|0|0|0|0|0|0
2025-06-05 21:28:36.446261|2000-01-01 00:00:00|0|66|subassemblies created: ['electrical_system', 'hydraulic_system', 'yaw_system', 'rotor_blades', 'generator', 'supporting_structure', 'drive_train']|windfarm initialization|initialization|66|66|||1.0|1|0|0|na|na|0|0|0|0|0|0
2025-06-05 21:28:36.494318|2000-01-01 00:00:00|0|11|subassemblies created: ['electrical_system', 'hydraulic_system', 'yaw_system', 'rotor_blades', 'generator', 'supporting_structure', 'drive_train']|windfarm initialization|initialization|11|11|||1.0|1|0|0|na|na|0|0|0|0|0|0
2025-06-05 21:28:36.551574|2000-01-01 00:00:00|0|68|subassemblies created: ['electrical_system', 'hydraulic_system', 'yaw_system', 'rotor_blades', 'generator', 'supporting_structure', 'drive_train']|windfarm initialization|initialization|68|68|||1.0|1|0|0|na|na|0|0|0|0|0|0
2025-06-05 21:28:36.604935|2000-01-01 00:00:00|0|16|subassemblies created: ['electrical_system', 'hydraulic_system', 'yaw_system', 'rotor_blades', 'generator', 'supporting_structure', 'drive_train']|windfarm initialization|initialization|16|16|||1.0|1|0|0|na|na|0|0|0|0|0|0
2025-06-05 21:28:36.660390|2000-01-01 00:00:00|0|70|subassemblies created: ['electrical_system', 'hydraulic_system', 'yaw_system', 'rotor_blades', 'generator', 'supporting_structure', 'drive_train']|windfarm initialization|initialization|70|70|||1.0|1|0|0|na|na|0|0|0|0|0|0
2025-06-05 21:28:36.713354|2000-01-01 00:00:00|0|17|subassemblies created: ['electrical_system', 'hydraulic_system', 'yaw_system', 'rotor_blades', 'generator', 'supporting_structure', 'drive_train']|windfarm initialization|initialization|17|17|||1.0|1|0|0|na|na|0|0|0|0|0|0
2025-06-05 21:28:36.757442|2000-01-01 00:00:00|0|106|subassemblies created: ['electrical_system', 'hydraulic_system', 'yaw_system', 'rotor_blades', 'generator', 'supporting_structure', 'drive_train']|windfarm initialization|initialization|106|106|||1.0|1|0|0|na|na|0|0|0|0|0|0
2025-06-05 21:28:36.809655|2000-01-01 00:00:00|0|38|subassemblies created: ['electrical_system', 'hydraulic_system', 'yaw_system', 'rotor_blades', 'generator', 'supporting_structure', 'drive_train']|windfarm initialization|initialization|38|38|||1.0|1|0|0|na|na|0|0|0|0|0|0
2025-06-05 21:28:36.860222|2000-01-01 00:00:00|0|108|subassemblies created: ['electrical_system', 'hydraulic_system', 'yaw_system', 'rotor_blades', 'generator', 'supporting_structure', 'drive_train']|windfarm initialization|initialization|108|108|||1.0|1|0|0|na|na|0|0|0|0|0|0
2025-06-05 21:28:36.921207|2000-01-01 00:00:00|0|59|subassemblies created: ['electrical_system', 'hydraulic_system', 'yaw_system', 'rotor_blades', 'generator', 'supporting_structure', 'drive_train']|windfarm initialization|initialization|59|59|||1.0|1|0|0|na|na|0|0|0|0|0|0
2025-06-05 21:28:36.971710|2000-01-01 00:00:00|0|110|subassemblies created: ['electrical_system', 'hydraulic_system', 'yaw_system', 'rotor_blades', 'generator', 'supporting_structure', 'drive_train']|windfarm initialization|initialization|110|110|||1.0|1|0|0|na|na|0|0|0|0|0|0
2025-06-05 21:28:37.018718|2000-01-01 00:00:00|0|43|subassemblies created: ['electrical_system', 'hydraulic_system', 'yaw_system', 'rotor_blades', 'generator', 'supporting_structure', 'drive_train']|windfarm initialization|initialization|43|43|||1.0|1|0|0|na|na|0|0|0|0|0|0
2025-06-05 21:28:37.075705|2000-01-01 00:00:00|0|15|subassemblies created: ['electrical_system', 'hydraulic_system', 'yaw_system', 'rotor_blades', 'generator', 'supporting_structure', 'drive_train']|windfarm initialization|initialization|15|15|||1.0|1|0|0|na|na|0|0|0|0|0|0
2025-06-05 21:28:37.118686|2000-01-01 00:00:00|0|65|subassemblies created: ['electrical_system', 'hydraulic_system', 'yaw_system', 'rotor_blades', 'generator', 'supporting_structure', 'drive_train']|windfarm initialization|initialization|65|65|||1.0|1|0|0|na|na|0|0|0|0|0|0
2025-06-05 21:28:37.175159|2000-01-01 00:00:00|0|37|subassemblies created: ['electrical_system', 'hydraulic_system', 'yaw_system', 'rotor_blades', 'generator', 'supporting_structure', 'drive_train']|windfarm initialization|initialization|37|37|||1.0|1|0|0|na|na|0|0|0|0|0|0
2025-06-05 21:28:37.222697|2000-01-01 00:00:00|0|88|subassemblies created: ['electrical_system', 'hydraulic_system', 'yaw_system', 'rotor_blades', 'generator', 'supporting_structure', 'drive_train']|windfarm initialization|initialization|88|88|||1.0|1|0|0|na|na|0|0|0|0|0|0
2025-06-05 21:28:37.260979|2000-01-01 00:00:00|0|58|subassemblies created: ['electrical_system', 'hydraulic_system', 'yaw_system', 'rotor_blades', 'generator', 'supporting_structure', 'drive_train']|windfarm initialization|initialization|58|58|||1.0|1|0|0|na|na|0|0|0|0|0|0
2025-06-05 21:28:37.300662|2000-01-01 00:00:00|0|89|subassemblies created: ['electrical_system', 'hydraulic_system', 'yaw_system', 'rotor_blades', 'generator', 'supporting_structure', 'drive_train']|windfarm initialization|initialization|89|89|||1.0|1|0|0|na|na|0|0|0|0|0|0
2025-06-05 21:28:37.340050|2000-01-01 00:00:00|0|81|subassemblies created: ['electrical_system', 'hydraulic_system', 'yaw_system', 'rotor_blades', 'generator', 'supporting_structure', 'drive_train']|windfarm initialization|initialization|81|81|||1.0|1|0|0|na|na|0|0|0|0|0|0
2025-06-05 21:28:37.378650|2000-01-01 00:00:00|0|128|subassemblies created: ['electrical_system', 'hydraulic_system', 'yaw_system', 'rotor_blades', 'generator', 'supporting_structure', 'drive_train']|windfarm initialization|initialization|128|128|||1.0|1|0|0|na|na|0|0|0|0|0|0
2025-06-05 21:28:37.418741|2000-01-01 00:00:00|0|82|subassemblies created: ['electrical_system', 'hydraulic_system', 'yaw_system', 'rotor_blades', 'generator', 'supporting_structure', 'drive_train']|windfarm initialization|initialization|82|82|||1.0|1|0|0|na|na|0|0|0|0|0|0
2025-06-05 21:28:37.481228|2000-01-01 00:00:00|0|129|subassemblies created: ['electrical_system', 'hydraulic_system', 'yaw_system', 'rotor_blades', 'generator', 'supporting_structure', 'drive_train']|windfarm initialization|initialization|129|129|||1.0|1|0|0|na|na|0|0|0|0|0|0
2025-06-05 21:28:37.538190|2000-01-01 00:00:00|0|90|subassemblies created: ['electrical_system', 'hydraulic_system', 'yaw_system', 'rotor_blades', 'generator', 'supporting_structure', 'drive_train']|windfarm initialization|initialization|90|90|||1.0|1|0|0|na|na|0|0|0|0|0|0
2025-06-05 21:28:37.582174|2000-01-01 00:00:00|0|120|subassemblies created: ['electrical_system', 'hydraulic_system', 'yaw_system', 'rotor_blades', 'generator', 'supporting_structure', 'drive_train']|windfarm initialization|initialization|120|120|||1.0|1|0|0|na|na|0|0|0|0|0|0
2025-06-05 21:28:37.638649|2000-01-01 00:00:00|0|119|subassemblies created: ['electrical_system', 'hydraulic_system', 'yaw_system', 'rotor_blades', 'generator', 'supporting_structure', 'drive_train']|windfarm initialization|initialization|119|119|||1.0|1|0|0|na|na|0|0|0|0|0|0
2025-06-05 21:28:37.693836|2000-01-01 00:00:00|0|20|subassemblies created: ['electrical_system', 'hydraulic_system', 'yaw_system', 'rotor_blades', 'generator', 'supporting_structure', 'drive_train']|windfarm initialization|initialization|20|20|||1.0|1|0|0|na|na|0|0|0|0|0|0
2025-06-05 21:28:37.738061|2000-01-01 00:00:00|0|36|subassemblies created: ['electrical_system', 'hydraulic_system', 'yaw_system', 'rotor_blades', 'generator', 'supporting_structure', 'drive_train']|windfarm initialization|initialization|36|36|||1.0|1|0|0|na|na|0|0|0|0|0|0
2025-06-05 21:28:37.795282|2000-01-01 00:00:00|0|42|subassemblies created: ['electrical_system', 'hydraulic_system', 'yaw_system', 'rotor_blades', 'generator', 'supporting_structure', 'drive_train']|windfarm initialization|initialization|42|42|||1.0|1|0|0|na|na|0|0|0|0|0|0
2025-06-05 21:28:37.837728|2000-01-01 00:00:00|0|56|subassemblies created: ['electrical_system', 'hydraulic_system', 'yaw_system', 'rotor_blades', 'generator', 'supporting_structure', 'drive_train']|windfarm initialization|initialization|56|56|||1.0|1|0|0|na|na|0|0|0|0|0|0
2025-06-05 21:28:37.881930|2000-01-01 00:00:00|0|64|subassemblies created: ['electrical_system', 'hydraulic_system', 'yaw_system', 'rotor_blades', 'generator', 'supporting_structure', 'drive_train']|windfarm initialization|initialization|64|64|||1.0|1|0|0|na|na|0|0|0|0|0|0
2025-06-05 21:28:37.937526|2000-01-01 00:00:00|0|79|subassemblies created: ['electrical_system', 'hydraulic_system', 'yaw_system', 'rotor_blades', 'generator', 'supporting_structure', 'drive_train']|windfarm initialization|initialization|79|79|||1.0|1|0|0|na|na|0|0|0|0|0|0
2025-06-05 21:28:37.993699|2000-01-01 00:00:00|0|87|subassemblies created: ['electrical_system', 'hydraulic_system', 'yaw_system', 'rotor_blades', 'generator', 'supporting_structure', 'drive_train']|windfarm initialization|initialization|87|87|||1.0|1|0|0|na|na|0|0|0|0|0|0
2025-06-05 21:28:38.055410|2000-01-01 00:00:00|0|57|subassemblies created: ['electrical_system', 'hydraulic_system', 'yaw_system', 'rotor_blades', 'generator', 'supporting_structure', 'drive_train']|windfarm initialization|initialization|57|57|||1.0|1|0|0|na|na|0|0|0|0|0|0
2025-06-05 21:28:38.104396|2000-01-01 00:00:00|0|125|subassemblies created: ['electrical_system', 'hydraulic_system', 'yaw_system', 'rotor_blades', 'generator', 'supporting_structure', 'drive_train']|windfarm initialization|initialization|125|125|||1.0|1|0|0|na|na|0|0|0|0|0|0
2025-06-05 21:28:38.154932|2000-01-01 00:00:00|0|80|subassemblies created: ['electrical_system', 'hydraulic_system', 'yaw_system', 'rotor_blades', 'generator', 'supporting_structure', 'drive_train']|windfarm initialization|initialization|80|80|||1.0|1|0|0|na|na|0|0|0|0|0|0
2025-06-05 21:28:38.193981|2000-01-01 00:00:00|0|126|subassemblies created: ['electrical_system', 'hydraulic_system', 'yaw_system', 'rotor_blades', 'generator', 'supporting_structure', 'drive_train']|windfarm initialization|initialization|126|126|||1.0|1|0|0|na|na|0|0|0|0|0|0
2025-06-05 21:28:38.236783|2000-01-01 00:00:00|0|117|subassemblies created: ['electrical_system', 'hydraulic_system', 'yaw_system', 'rotor_blades', 'generator', 'supporting_structure', 'drive_train']|windfarm initialization|initialization|117|117|||1.0|1|0|0|na|na|0|0|0|0|0|0
2025-06-05 21:28:38.288836|2000-01-01 00:00:00|0|127|subassemblies created: ['electrical_system', 'hydraulic_system', 'yaw_system', 'rotor_blades', 'generator', 'supporting_structure', 'drive_train']|windfarm initialization|initialization|127|127|||1.0|1|0|0|na|na|0|0|0|0|0|0
2025-06-05 21:28:38.344407|2000-01-01 00:00:00|0|118|subassemblies created: ['electrical_system', 'hydraulic_system', 'yaw_system', 'rotor_blades', 'generator', 'supporting_structure', 'drive_train']|windfarm initialization|initialization|118|118|||1.0|1|0|0|na|na|0|0|0|0|0|0
2025-06-05 21:28:38.401130|2000-01-01 00:00:00|0|41|subassemblies created: ['electrical_system', 'hydraulic_system', 'yaw_system', 'rotor_blades', 'generator', 'supporting_structure', 'drive_train']|windfarm initialization|initialization|41|41|||1.0|1|0|0|na|na|0|0|0|0|0|0
2025-06-05 21:28:38.461841|2000-01-01 00:00:00|0|14|subassemblies created: ['electrical_system', 'hydraulic_system', 'yaw_system', 'rotor_blades', 'generator', 'supporting_structure', 'drive_train']|windfarm initialization|initialization|14|14|||1.0|1|0|0|na|na|0|0|0|0|0|0
2025-06-05 21:28:38.510517|2000-01-01 00:00:00|0|63|subassemblies created: ['electrical_system', 'hydraulic_system', 'yaw_system', 'rotor_blades', 'generator', 'supporting_structure', 'drive_train']|windfarm initialization|initialization|63|63|||1.0|1|0|0|na|na|0|0|0|0|0|0
2025-06-05 21:28:38.567653|2000-01-01 00:00:00|0|35|subassemblies created: ['electrical_system', 'hydraulic_system', 'yaw_system', 'rotor_blades', 'generator', 'supporting_structure', 'drive_train']|windfarm initialization|initialization|35|35|||1.0|1|0|0|na|na|0|0|0|0|0|0
2025-06-05 21:28:38.616624|2000-01-01 00:00:00|0|62|subassemblies created: ['electrical_system', 'hydraulic_system', 'yaw_system', 'rotor_blades', 'generator', 'supporting_structure', 'drive_train']|windfarm initialization|initialization|62|62|||1.0|1|0|0|na|na|0|0|0|0|0|0
2025-06-05 21:28:38.666924|2000-01-01 00:00:00|0|55|subassemblies created: ['electrical_system', 'hydraulic_system', 'yaw_system', 'rotor_blades', 'generator', 'supporting_structure', 'drive_train']|windfarm initialization|initialization|55|55|||1.0|1|0|0|na|na|0|0|0|0|0|0
2025-06-05 21:28:38.717893|2000-01-01 00:00:00|0|86|subassemblies created: ['electrical_system', 'hydraulic_system', 'yaw_system', 'rotor_blades', 'generator', 'supporting_structure', 'drive_train']|windfarm initialization|initialization|86|86|||1.0|1|0|0|na|na|0|0|0|0|0|0
2025-06-05 21:28:38.770670|2000-01-01 00:00:00|0|78|subassemblies created: ['electrical_system', 'hydraulic_system', 'yaw_system', 'rotor_blades', 'generator', 'supporting_structure', 'drive_train']|windfarm initialization|initialization|78|78|||1.0|1|0|0|na|na|0|0|0|0|0|0
2025-06-05 21:28:38.819754|2000-01-01 00:00:00|0|85|subassemblies created: ['electrical_system', 'hydraulic_system', 'yaw_system', 'rotor_blades', 'generator', 'supporting_structure', 'drive_train']|windfarm initialization|initialization|85|85|||1.0|1|0|0|na|na|0|0|0|0|0|0
2025-06-05 21:28:38.877615|2000-01-01 00:00:00|0|114|subassemblies created: ['electrical_system', 'hydraulic_system', 'yaw_system', 'rotor_blades', 'generator', 'supporting_structure', 'drive_train']|windfarm initialization|initialization|114|114|||1.0|1|0|0|na|na|0|0|0|0|0|0
2025-06-05 21:28:38.939531|2000-01-01 00:00:00|0|124|subassemblies created: ['electrical_system', 'hydraulic_system', 'yaw_system', 'rotor_blades', 'generator', 'supporting_structure', 'drive_train']|windfarm initialization|initialization|124|124|||1.0|1|0|0|na|na|0|0|0|0|0|0
2025-06-05 21:28:38.997719|2000-01-01 00:00:00|0|115|subassemblies created: ['electrical_system', 'hydraulic_system', 'yaw_system', 'rotor_blades', 'generator', 'supporting_structure', 'drive_train']|windfarm initialization|initialization|115|115|||1.0|1|0|0|na|na|0|0|0|0|0|0
2025-06-05 21:28:39.050434|2000-01-01 00:00:00|0|123|subassemblies created: ['electrical_system', 'hydraulic_system', 'yaw_system', 'rotor_blades', 'generator', 'supporting_structure', 'drive_train']|windfarm initialization|initialization|123|123|||1.0|1|0|0|na|na|0|0|0|0|0|0
2025-06-05 21:28:39.107854|2000-01-01 00:00:00|0|116|subassemblies created: ['electrical_system', 'hydraulic_system', 'yaw_system', 'rotor_blades', 'generator', 'supporting_structure', 'drive_train']|windfarm initialization|initialization|116|116|||1.0|1|0|0|na|na|0|0|0|0|0|0
2025-06-05 21:28:39.156408|2000-01-01 00:00:00|0|19|subassemblies created: ['electrical_system', 'hydraulic_system', 'yaw_system', 'rotor_blades', 'generator', 'supporting_structure', 'drive_train']|windfarm initialization|initialization|19|19|||1.0|1|0|0|na|na|0|0|0|0|0|0
2025-06-05 21:28:39.198270|2000-01-01 00:00:00|0|34|subassemblies created: ['electrical_system', 'hydraulic_system', 'yaw_system', 'rotor_blades', 'generator', 'supporting_structure', 'drive_train']|windfarm initialization|initialization|34|34|||1.0|1|0|0|na|na|0|0|0|0|0|0
2025-06-05 21:28:39.248943|2000-01-01 00:00:00|0|40|subassemblies created: ['electrical_system', 'hydraulic_system', 'yaw_system', 'rotor_blades', 'generator', 'supporting_structure', 'drive_train']|windfarm initialization|initialization|40|40|||1.0|1|0|0|na|na|0|0|0|0|0|0
2025-06-05 21:28:39.310864|2000-01-01 00:00:00|0|54|subassemblies created: ['electrical_system', 'hydraulic_system', 'yaw_system', 'rotor_blades', 'generator', 'supporting_structure', 'drive_train']|windfarm initialization|initialization|54|54|||1.0|1|0|0|na|na|0|0|0|0|0|0
2025-06-05 21:28:39.366529|2000-01-01 00:00:00|0|61|subassemblies created: ['electrical_system', 'hydraulic_system', 'yaw_system', 'rotor_blades', 'generator', 'supporting_structure', 'drive_train']|windfarm initialization|initialization|61|61|||1.0|1|0|0|na|na|0|0|0|0|0|0
2025-06-05 21:28:39.425751|2000-01-01 00:00:00|0|77|subassemblies created: ['electrical_system', 'hydraulic_system', 'yaw_system', 'rotor_blades', 'generator', 'supporting_structure', 'drive_train']|windfarm initialization|initialization|77|77|||1.0|1|0|0|na|na|0|0|0|0|0|0
2025-06-05 21:28:39.474140|2000-01-01 00:00:00|0|84|subassemblies created: ['electrical_system', 'hydraulic_system', 'yaw_system', 'rotor_blades', 'generator', 'supporting_structure', 'drive_train']|windfarm initialization|initialization|84|84|||1.0|1|0|0|na|na|0|0|0|0|0|0
2025-06-05 21:28:39.513349|2000-01-01 00:00:00|0|75|subassemblies created: ['electrical_system', 'hydraulic_system', 'yaw_system', 'rotor_blades', 'generator', 'supporting_structure', 'drive_train']|windfarm initialization|initialization|75|75|||1.0|1|0|0|na|na|0|0|0|0|0|0
2025-06-05 21:28:39.552159|2000-01-01 00:00:00|0|83|subassemblies created: ['electrical_system', 'hydraulic_system', 'yaw_system', 'rotor_blades', 'generator', 'supporting_structure', 'drive_train']|windfarm initialization|initialization|83|83|||1.0|1|0|0|na|na|0|0|0|0|0|0
2025-06-05 21:28:39.590951|2000-01-01 00:00:00|0|76|subassemblies created: ['electrical_system', 'hydraulic_system', 'yaw_system', 'rotor_blades', 'generator', 'supporting_structure', 'drive_train']|windfarm initialization|initialization|76|76|||1.0|1|0|0|na|na|0|0|0|0|0|0
2025-06-05 21:28:39.632160|2000-01-01 00:00:00|0|122|subassemblies created: ['electrical_system', 'hydraulic_system', 'yaw_system', 'rotor_blades', 'generator', 'supporting_structure', 'drive_train']|windfarm initialization|initialization|122|122|||1.0|1|0|0|na|na|0|0|0|0|0|0
2025-06-05 21:28:39.671000|2000-01-01 00:00:00|0|113|subassemblies created: ['electrical_system', 'hydraulic_system', 'yaw_system', 'rotor_blades', 'generator', 'supporting_structure', 'drive_train']|windfarm initialization|initialization|113|113|||1.0|1|0|0|na|na|0|0|0|0|0|0
2025-06-05 21:28:39.707741|2000-01-01 00:00:00|0|121|subassemblies created: ['electrical_system', 'hydraulic_system', 'yaw_system', 'rotor_blades', 'generator', 'supporting_structure', 'drive_train']|windfarm initialization|initialization|121|121|||1.0|1|0|0|na|na|0|0|0|0|0|0
2025-06-05 21:28:39.745432|2000-01-01 00:00:00|0|95|subassemblies created: ['electrical_system', 'hydraulic_system', 'yaw_system', 'rotor_blades', 'generator', 'supporting_structure', 'drive_train']|windfarm initialization|initialization|95|95|||1.0|1|0|0|na|na|0|0|0|0|0|0
2025-06-05 21:28:39.783785|2000-01-01 00:00:00|0|13|subassemblies created: ['electrical_system', 'hydraulic_system', 'yaw_system', 'rotor_blades', 'generator', 'supporting_structure', 'drive_train']|windfarm initialization|initialization|13|13|||1.0|1|0|0|na|na|0|0|0|0|0|0
2025-06-05 21:28:39.819856|2000-01-01 00:00:00|0|33|subassemblies created: ['electrical_system', 'hydraulic_system', 'yaw_system', 'rotor_blades', 'generator', 'supporting_structure', 'drive_train']|windfarm initialization|initialization|33|33|||1.0|1|0|0|na|na|0|0|0|0|0|0
2025-06-05 21:28:39.963589|2000-01-01 00:00:00|0|12|subassemblies created: ['electrical_system', 'hydraulic_system', 'yaw_system', 'rotor_blades', 'generator', 'supporting_structure', 'drive_train']|windfarm initialization|initialization|12|12|||1.0|1|0|0|na|na|0|0|0|0|0|0
2025-06-05 21:28:40.001116|2000-01-01 00:00:00|0|73|subassemblies created: ['electrical_system', 'hydraulic_system', 'yaw_system', 'rotor_blades', 'generator', 'supporting_structure', 'drive_train']|windfarm initialization|initialization|73|73|||1.0|1|0|0|na|na|0|0|0|0|0|0
2025-06-05 21:28:40.035138|2000-01-01 00:00:00|0|18|subassemblies created: ['electrical_system', 'hydraulic_system', 'yaw_system', 'rotor_blades', 'generator', 'supporting_structure', 'drive_train']|windfarm initialization|initialization|18|18|||1.0|1|0|0|na|na|0|0|0|0|0|0
2025-06-05 21:28:40.074851|2000-01-01 00:00:00|0|74|subassemblies created: ['electrical_system', 'hydraulic_system', 'yaw_system', 'rotor_blades', 'generator', 'supporting_structure', 'drive_train']|windfarm initialization|initialization|74|74|||1.0|1|0|0|na|na|0|0|0|0|0|0
2025-06-05 21:28:40.121302|2000-01-01 00:00:00|0|25|subassemblies created: ['electrical_system', 'hydraulic_system', 'yaw_system', 'rotor_blades', 'generator', 'supporting_structure', 'drive_train']|windfarm initialization|initialization|25|25|||1.0|1|0|0|na|na|0|0|0|0|0|0
2025-06-05 21:28:40.166894|2000-01-01 00:00:00|0|112|subassemblies created: ['electrical_system', 'hydraulic_system', 'yaw_system', 'rotor_blades', 'generator', 'supporting_structure', 'drive_train']|windfarm initialization|initialization|112|112|||1.0|1|0|0|na|na|0|0|0|0|0|0
2025-06-05 21:28:40.204801|2000-01-01 00:00:00|0|39|subassemblies created: ['electrical_system', 'hydraulic_system', 'yaw_system', 'rotor_blades', 'generator', 'supporting_structure', 'drive_train']|windfarm initialization|initialization|39|39|||1.0|1|0|0|na|na|0|0|0|0|0|0
2025-06-05 21:28:40.241788|2000-01-01 00:00:00|0|130|subassemblies created: ['electrical_system', 'hydraulic_system', 'yaw_system', 'rotor_blades', 'generator', 'supporting_structure', 'drive_train']|windfarm initialization|initialization|130|130|||1.0|1|0|0|na|na|0|0|0|0|0|0
2025-06-05 21:28:40.286826|2000-01-01 00:00:00|0|60|subassemblies created: ['electrical_system', 'hydraulic_system', 'yaw_system', 'rotor_blades', 'generator', 'supporting_structure', 'drive_train']|windfarm initialization|initialization|60|60|||1.0|1|0|0|na|na|0|0|0|0|0|0
2025-06-05 21:28:40.348905|2000-01-01 00:00:00|0|131|subassemblies created: ['electrical_system', 'hydraulic_system', 'yaw_system', 'rotor_blades', 'generator', 'supporting_structure', 'drive_train']|windfarm initialization|initialization|131|131|||1.0|1|0|0|na|na|0|0|0|0|0|0
2025-06-05 21:28:40.411531|2000-01-01 00:00:00|0|132|subassemblies created: ['electrical_system', 'hydraulic_system', 'yaw_system', 'rotor_blades', 'generator', 'supporting_structure', 'drive_train']|windfarm initialization|initialization|132|132|||1.0|1|0|0|na|na|0|0|0|0|0|0
2025-06-05 21:28:40.468196|2000-01-01 00:00:00|0|24|subassemblies created: ['electrical_system', 'hydraulic_system', 'yaw_system', 'rotor_blades', 'generator', 'supporting_structure', 'drive_train']|windfarm initialization|initialization|24|24|||1.0|1|0|0|na|na|0|0|0|0|0|0
2025-06-05 21:28:40.505940|2000-01-01 00:00:00|0|32|subassemblies created: ['electrical_system', 'hydraulic_system', 'yaw_system', 'rotor_blades', 'generator', 'supporting_structure', 'drive_train']|windfarm initialization|initialization|32|32|||1.0|1|0|0|na|na|0|0|0|0|0|0
2025-06-05 21:28:40.543545|2000-01-01 00:00:00|0|23|subassemblies created: ['electrical_system', 'hydraulic_system', 'yaw_system', 'rotor_blades', 'generator', 'supporting_structure', 'drive_train']|windfarm initialization|initialization|23|23|||1.0|1|0|0|na|na|0|0|0|0|0|0
2025-06-05 21:28:40.581769|2000-01-01 00:00:00|0|72|subassemblies created: ['electrical_system', 'hydraulic_system', 'yaw_system', 'rotor_blades', 'generator', 'supporting_structure', 'drive_train']|windfarm initialization|initialization|72|72|||1.0|1|0|0|na|na|0|0|0|0|0|0
2025-06-05 21:28:40.618817|2000-01-01 00:00:00|0|47|subassemblies created: ['electrical_system', 'hydraulic_system', 'yaw_system', 'rotor_blades', 'generator', 'supporting_structure', 'drive_train']|windfarm initialization|initialization|47|47|||1.0|1|0|0|na|na|0|0|0|0|0|0
2025-06-05 21:28:40.658847|2000-01-01 00:00:00|0|71|subassemblies created: ['electrical_system', 'hydraulic_system', 'yaw_system', 'rotor_blades', 'generator', 'supporting_structure', 'drive_train']|windfarm initialization|initialization|71|71|||1.0|1|0|0|na|na|0|0|0|0|0|0
2025-06-05 21:28:40.701385|2000-01-01 00:00:00|0|46|subassemblies created: ['electrical_system', 'hydraulic_system', 'yaw_system', 'rotor_blades', 'generator', 'supporting_structure', 'drive_train']|windfarm initialization|initialization|46|46|||1.0|1|0|0|na|na|0|0|0|0|0|0
2025-06-05 21:28:40.764422|2000-01-01 00:00:00|0|111|subassemblies created: ['electrical_system', 'hydraulic_system', 'yaw_system', 'rotor_blades', 'generator', 'supporting_structure', 'drive_train']|windfarm initialization|initialization|111|111|||1.0|1|0|0|na|na|0|0|0|0|0|0
2025-06-05 21:28:40.809617|2000-01-01 00:00:00|0|109|subassemblies created: ['electrical_system', 'hydraulic_system', 'yaw_system', 'rotor_blades', 'generator', 'supporting_structure', 'drive_train']|windfarm initialization|initialization|109|109|||1.0|1|0|0|na|na|0|0|0|0|0|0
2025-06-05 21:28:40.848812|2000-01-01 00:00:00|0|107|subassemblies created: ['electrical_system', 'hydraulic_system', 'yaw_system', 'rotor_blades', 'generator', 'supporting_structure', 'drive_train']|windfarm initialization|initialization|107|107|||1.0|1|0|0|na|na|0|0|0|0|0|0
2025-06-05 21:28:40.886479|2000-01-01 00:00:00|0|48|subassemblies created: ['electrical_system', 'hydraulic_system', 'yaw_system', 'rotor_blades', 'generator', 'supporting_structure', 'drive_train']|windfarm initialization|initialization|48|48|||1.0|1|0|0|na|na|0|0|0|0|0|0
2025-06-05 21:28:40.924805|2000-01-01 00:00:00|0|31|subassemblies created: ['electrical_system', 'hydraulic_system', 'yaw_system', 'rotor_blades', 'generator', 'supporting_structure', 'drive_train']|windfarm initialization|initialization|31|31|||1.0|1|0|0|na|na|0|0|0|0|0|0
2025-06-05 21:28:40.962711|2000-01-01 00:00:00|0|98|subassemblies created: ['electrical_system', 'hydraulic_system', 'yaw_system', 'rotor_blades', 'generator', 'supporting_structure', 'drive_train']|windfarm initialization|initialization|98|98|||1.0|1|0|0|na|na|0|0|0|0|0|0
2025-06-05 21:28:41.000584|2000-01-01 00:00:00|0|30|subassemblies created: ['electrical_system', 'hydraulic_system', 'yaw_system', 'rotor_blades', 'generator', 'supporting_structure', 'drive_train']|windfarm initialization|initialization|30|30|||1.0|1|0|0|na|na|0|0|0|0|0|0
2025-06-05 21:28:41.037723|2000-01-01 00:00:00|0|96|subassemblies created: ['electrical_system', 'hydraulic_system', 'yaw_system', 'rotor_blades', 'generator', 'supporting_structure', 'drive_train']|windfarm initialization|initialization|96|96|||1.0|1|0|0|na|na|0|0|0|0|0|0
2025-06-05 21:28:41.075310|2000-01-01 00:00:00|0|69|subassemblies created: ['electrical_system', 'hydraulic_system', 'yaw_system', 'rotor_blades', 'generator', 'supporting_structure', 'drive_train']|windfarm initialization|initialization|69|69|||1.0|1|0|0|na|na|0|0|0|0|0|0
2025-06-05 21:28:41.112277|2000-01-01 00:00:00|0|94|subassemblies created: ['electrical_system', 'hydraulic_system', 'yaw_system', 'rotor_blades', 'generator', 'supporting_structure', 'drive_train']|windfarm initialization|initialization|94|94|||1.0|1|0|0|na|na|0|0|0|0|0|0
2025-06-05 21:28:41.149143|2000-01-01 00:00:00|0|67|subassemblies created: ['electrical_system', 'hydraulic_system', 'yaw_system', 'rotor_blades', 'generator', 'supporting_structure', 'drive_train']|windfarm initialization|initialization|67|67|||1.0|1|0|0|na|na|0|0|0|0|0|0
2025-06-05 21:28:41.189624|2000-01-01 00:00:00|0|93|subassemblies created: ['electrical_system', 'hydraulic_system', 'yaw_system', 'rotor_blades', 'generator', 'supporting_structure', 'drive_train']|windfarm initialization|initialization|93|93|||1.0|1|0|0|na|na|0|0|0|0|0|0
2025-06-05 21:28:41.239708|2000-01-01 00:00:00|0|53|subassemblies created: ['electrical_system', 'hydraulic_system', 'yaw_system', 'rotor_blades', 'generator', 'supporting_structure', 'drive_train']|windfarm initialization|initialization|53|53|||1.0|1|0|0|na|na|0|0|0|0|0|0
2025-06-05 21:28:41.283434|2000-01-01 00:00:00|0|92|subassemblies created: ['electrical_system', 'hydraulic_system', 'yaw_system', 'rotor_blades', 'generator', 'supporting_structure', 'drive_train']|windfarm initialization|initialization|92|92|||1.0|1|0|0|na|na|0|0|0|0|0|0
2025-06-05 21:28:41.338581|2000-01-01 00:00:00|0|105|subassemblies created: ['electrical_system', 'hydraulic_system', 'yaw_system', 'rotor_blades', 'generator', 'supporting_structure', 'drive_train']|windfarm initialization|initialization|105|105|||1.0|1|0|0|na|na|0|0|0|0|0|0
2025-06-05 21:28:41.390888|2000-01-01 00:00:00|0|103|subassemblies created: ['electrical_system', 'hydraulic_system', 'yaw_system', 'rotor_blades', 'generator', 'supporting_structure', 'drive_train']|windfarm initialization|initialization|103|103|||1.0|1|0|0|na|na|0|0|0|0|0|0
2025-06-05 21:28:41.436664|2000-01-01 00:00:00|0|101|subassemblies created: ['electrical_system', 'hydraulic_system', 'yaw_system', 'rotor_blades', 'generator', 'supporting_structure', 'drive_train']|windfarm initialization|initialization|101|101|||1.0|1|0|0|na|na|0|0|0|0|0|0
2025-06-05 21:28:41.482355|2000-01-01 00:00:00|0|99|subassemblies created: ['electrical_system', 'hydraulic_system', 'yaw_system', 'rotor_blades', 'generator', 'supporting_structure', 'drive_train']|windfarm initialization|initialization|99|99|||1.0|1|0|0|na|na|0|0|0|0|0|0
2025-06-05 21:28:41.521754|2000-01-01 00:00:00|0|3|subassemblies created: ['electrical_system', 'hydraulic_system', 'yaw_system', 'rotor_blades', 'generator', 'supporting_structure', 'drive_train']|windfarm initialization|initialization|3|3|||1.0|1|0|0|na|na|0|0|0|0|0|0
2025-06-05 21:28:41.559858|2000-01-01 00:00:00|0|9|subassemblies created: ['electrical_system', 'hydraulic_system', 'yaw_system', 'rotor_blades', 'generator', 'supporting_structure', 'drive_train']|windfarm initialization|initialization|9|9|||1.0|1|0|0|na|na|0|0|0|0|0|0
2025-06-05 21:28:41.599937|2000-01-01 00:00:00|0|6|subassemblies created: ['electrical_system', 'hydraulic_system', 'yaw_system', 'rotor_blades', 'generator', 'supporting_structure', 'drive_train']|windfarm initialization|initialization|6|6|||1.0|1|0|0|na|na|0|0|0|0|0|0
2025-06-05 21:28:41.640482|2000-01-01 00:00:00|0|8|subassemblies created: ['electrical_system', 'hydraulic_system', 'yaw_system', 'rotor_blades', 'generator', 'supporting_structure', 'drive_train']|windfarm initialization|initialization|8|8|||1.0|1|0|0|na|na|0|0|0|0|0|0
2025-06-05 21:28:41.676359|2000-01-01 00:00:00|0|5|subassemblies created: ['electrical_system', 'hydraulic_system', 'yaw_system', 'rotor_blades', 'generator', 'supporting_structure', 'drive_train']|windfarm initialization|initialization|5|5|||1.0|1|0|0|na|na|0|0|0|0|0|0
2025-06-05 21:28:41.715045|2000-01-01 00:00:00|0|7|subassemblies created: ['electrical_system', 'hydraulic_system', 'yaw_system', 'rotor_blades', 'generator', 'supporting_structure', 'drive_train']|windfarm initialization|initialization|7|7|||1.0|1|0|0|na|na|0|0|0|0|0|0
2025-06-05 21:28:41.756443|2000-01-01 00:00:00|0|4|subassemblies created: ['electrical_system', 'hydraulic_system', 'yaw_system', 'rotor_blades', 'generator', 'supporting_structure', 'drive_train']|windfarm initialization|initialization|4|4|||1.0|1|0|0|na|na|0|0|0|0|0|0
2025-06-05 21:28:41.796224|2000-01-01 00:00:00|0|29|subassemblies created: ['electrical_system', 'hydraulic_system', 'yaw_system', 'rotor_blades', 'generator', 'supporting_structure', 'drive_train']|windfarm initialization|initialization|29|29|||1.0|1|0|0|na|na|0|0|0|0|0|0
2025-06-05 21:28:41.834607|2000-01-01 00:00:00|0|22|subassemblies created: ['electrical_system', 'hydraulic_system', 'yaw_system', 'rotor_blades', 'generator', 'supporting_structure', 'drive_train']|windfarm initialization|initialization|22|22|||1.0|1|0|0|na|na|0|0|0|0|0|0
2025-06-05 21:28:41.872565|2000-01-01 00:00:00|0|27|subassemblies created: ['electrical_system', 'hydraulic_system', 'yaw_system', 'rotor_blades', 'generator', 'supporting_structure', 'drive_train']|windfarm initialization|initialization|27|27|||1.0|1|0|0|na|na|0|0|0|0|0|0
2025-06-05 21:28:41.908120|2000-01-01 00:00:00|0|21|subassemblies created: ['electrical_system', 'hydraulic_system', 'yaw_system', 'rotor_blades', 'generator', 'supporting_structure', 'drive_train']|windfarm initialization|initialization|21|21|||1.0|1|0|0|na|na|0|0|0|0|0|0
2025-06-05 21:28:41.950565|2000-01-01 00:00:00|0|51|subassemblies created: ['electrical_system', 'hydraulic_system', 'yaw_system', 'rotor_blades', 'generator', 'supporting_structure', 'drive_train']|windfarm initialization|initialization|51|51|||1.0|1|0|0|na|na|0|0|0|0|0|0
2025-06-05 21:28:41.988741|2000-01-01 00:00:00|0|45|subassemblies created: ['electrical_system', 'hydraulic_system', 'yaw_system', 'rotor_blades', 'generator', 'supporting_structure', 'drive_train']|windfarm initialization|initialization|45|45|||1.0|1|0|0|na|na|0|0|0|0|0|0
2025-06-05 21:28:42.027834|2000-01-01 00:00:00|0|49|subassemblies created: ['electrical_system', 'hydraulic_system', 'yaw_system', 'rotor_blades', 'generator', 'supporting_structure', 'drive_train']|windfarm initialization|initialization|49|49|||1.0|1|0|0|na|na|0|0|0|0|0|0
2025-06-05 21:28:42.066974|2000-01-01 00:00:00|0|44|subassemblies created: ['electrical_system', 'hydraulic_system', 'yaw_system', 'rotor_blades', 'generator', 'supporting_structure', 'drive_train']|windfarm initialization|initialization|44|44|||1.0|1|0|0|na|na|0|0|0|0|0|0
2025-06-05 21:28:42.104000|2000-01-01 00:00:00|0|97|subassemblies created: ['electrical_system', 'hydraulic_system', 'yaw_system', 'rotor_blades', 'generator', 'supporting_structure', 'drive_train']|windfarm initialization|initialization|97|97|||1.0|1|0|0|na|na|0|0|0|0|0|0
2025-06-05 21:28:42.146985|2000-01-01 00:00:00|0|91|subassemblies created: ['electrical_system', 'hydraulic_system', 'yaw_system', 'rotor_blades', 'generator', 'supporting_structure', 'drive_train']|windfarm initialization|initialization|91|91|||1.0|1|0|0|na|na|0|0|0|0|0|0
2025-06-05 21:28:42.187650|2000-01-01 00:00:00|0|OSS1|subassemblies created: ['transformer']|windfarm initialization|initialization|OSS1|OSS1|||1.0|1|0|0|na|na|0|0|0|0|0|0
2025-06-05 21:28:42.188652|2000-01-01 00:00:00|0|OSS2|subassemblies created: ['transformer']|windfarm initialization|initialization|OSS2|OSS2|||1.0|1|0|0|na|na|0|0|0|0|0|0
2025-06-05 21:29:03.700354|2000-01-01 00:00:00|0|Crew Transfer Vessel 1|delay|work is complete|will return next year|||||0|0|31|0|na|enroute|0|0|0|0|0|0
2025-06-05 21:29:03.701353|2000-01-01 00:00:00|0|Crew Transfer Vessel 2|delay|work is complete|will return next year|||||0|0|31|0|na|enroute|0|0|0|0|0|0
2025-06-05 21:29:03.702353|2000-01-01 00:00:00|0|Crew Transfer Vessel 3|delay|work is complete|will return next year|||||0|0|31|0|na|enroute|0|0|0|0|0|0
2025-06-05 21:29:03.810909|2000-01-01 16:56:59|16.94956215908578|electrical_system|repair request|power converter minor repair|severity level 1|32|32|electrical_system|electrical_system|1.0|1.0|0|0|RPR00000000|na|0|0|0|0|0|0
2025-06-05 21:29:03.818496|2000-01-02 07:00:00|31|Crew Transfer Vessel 1|mobilization|Crew Transfer Vessel 1 is being mobilized|mobilization|||||0|0|0|0|na|enroute|0|0|0|0|0|0
2025-06-05 21:29:03.818496|2000-01-02 07:00:00|31|Crew Transfer Vessel 2|mobilization|Crew Transfer Vessel 2 is being mobilized|mobilization|||||0|0|0|0|na|enroute|0|0|0|0|0|0
2025-06-05 21:29:03.818496|2000-01-02 07:00:00|31|Crew Transfer Vessel 3|mobilization|Crew Transfer Vessel 3 is being mobilized|mobilization|||||0|0|0|0|na|enroute|0|0|0|0|0|0
2025-06-05 21:29:03.818496|2000-01-02 07:00:00|31|Crew Transfer Vessel 1|mobilization|Crew Transfer Vessel 1 has arrived on site|mobilization|||||0|0|0|0|na|site|0|0|0|0|0.0|0.0
2025-06-05 21:29:03.818496|2000-01-02 07:00:00|31|Crew Transfer Vessel 2|mobilization|Crew Transfer Vessel 2 has arrived on site|mobilization|||||0|0|0|0|na|site|0|0|0|0|0.0|0.0
2025-06-05 21:29:03.818496|2000-01-02 07:00:00|31|Crew Transfer Vessel 3|mobilization|Crew Transfer Vessel 3 has arrived on site|mobilization|||||0|0|0|0|na|site|0|0|0|0|0.0|0.0
2025-06-05 21:29:03.819540|2000-01-02 07:00:02|31.000555555555554|Crew Transfer Vessel 3|traveling|power converter minor repair|traveling from None to 32|32|32|electrical_system|electrical_system|1.0|1.0|0.0|0.0|RPR00000000|enroute|0|0|0.0|0.0|0.0|0.0
2025-06-05 21:29:03.819540|2000-01-02 07:00:02|31.000555555555554|Crew Transfer Vessel 3|complete travel|power converter minor repair|arrived at 32|32|32|electrical_system|electrical_system|1.0|1.0|0|0|RPR00000000|system|0|0|0|0|0|0
2025-06-05 21:29:03.828653|2000-01-02 07:00:02|31.000555555555554|Crew Transfer Vessel 3|transferring crew|power converter minor repair|transferring crew from Crew Transfer Vessel 3 to 32|32|32|electrical_system|electrical_system|0.0|1.0|0.25|0|RPR00000000|system|0|0.0|0.0|0.0|39.63864583333333|39.63864583333333
2025-06-05 21:29:03.848666|2000-01-02 07:00:05|31.00111111111111|Crew Transfer Vessel 2|traveling|no requests|traveling from site to port|||||0|0|3.996791456683466|148.0|na|enroute|0|0|0.0|0.0|633.7096040846733|633.7096040846733
2025-06-05 21:29:03.850664|2000-01-02 07:00:06|31.00138888888889|Crew Transfer Vessel 1|traveling|no requests|traveling from site to port|||||0|0|3.9970692344612444|148.0|na|enroute|0|0|0.0|0.0|633.7536470244883|633.7536470244883
2025-06-05 21:29:03.850664|2000-01-02 07:15:02|31.250555555555554|Crew Transfer Vessel 3|complete transfer|power converter minor repair|complete|32|32|electrical_system|electrical_system|0.0|1.0|0|0|RPR00000000|system|0|0|0|0|0|0
2025-06-05 21:29:03.851664|2000-01-02 07:15:02|31.250555555555554|Crew Transfer Vessel 3|repair|power converter minor repair|repair|32|32|electrical_system|electrical_system|0.0|1.0|11.499444444444444|0|RPR00000000|system|0|0.0|0.0|0.0|1823.2896224537035|1823.2896224537035
2025-06-05 21:29:03.854187|2000-01-02 10:59:53|34.997902567794576|Crew Transfer Vessel 2|complete travel|no requests|arrived at port|||||0|0|0|0|na|port|0|0|0|0|0|0
2025-06-05 21:29:03.854187|2000-01-02 10:59:53|34.997902567794576|Crew Transfer Vessel 2|delay|no requests|no work requests, waiting until the next shift|||||0|0|20.001944444444444|0|na|port|0|0.0|0.0|0.0|3171.3999672453706|3171.3999672453706
2025-06-05 21:29:03.854187|2000-01-02 10:59:55|34.99845812335013|Crew Transfer Vessel 1|complete travel|no requests|arrived at port|||||0|0|0|0|na|port|0|0|0|0|0|0
2025-06-05 21:29:03.854187|2000-01-02 10:59:55|34.99845812335013|Crew Transfer Vessel 1|delay|no requests|no work requests, waiting until the next shift|||||0|0|20.00138888888889|0|na|port|0|0.0|0.0|0.0|3171.311881365741|3171.311881365741
2025-06-05 21:29:03.858179|2000-01-02 17:12:28|41.207555132809645|hydraulic_system|repair request|minor pitch system repair|severity level 1|17|17|hydraulic_system|hydraulic_system|1.0|1.0|0|0|RPR00000001|na|0|0|0|0|0|0
2025-06-05 21:29:03.860179|2000-01-02 18:45:00|42.75|Crew Transfer Vessel 3|transferring crew|power converter minor repair|transferring crew from 32 to Crew Transfer Vessel 3|32|32|electrical_system|electrical_system|0.0|1.0|0.25|0|RPR00000000|system|0|0.0|0.0|0.0|39.63864583333333|39.63864583333333
2025-06-05 21:29:03.860179|2000-01-02 19:00:00|43.0|Crew Transfer Vessel 3|complete transfer|power converter minor repair|complete|32|32|electrical_system|electrical_system|0.0|1.0|0|0|RPR00000000|system|0|0|0|0|0|0
2025-06-05 21:29:03.862179|2000-01-02 19:00:00|43.0|Crew Transfer Vessel 3|traveling|power converter minor repair|traveling from site to port|32|32|electrical_system|electrical_system|0.0|1.0|3.9956803455723544|148.0|RPR00000000|enroute|0|0|0.0|0.0|633.533432325414|633.533432325414
2025-06-05 21:29:03.863700|2000-01-02 22:59:45|46.99568034557235|Crew Transfer Vessel 3|complete travel|power converter minor repair|arrived at port|32|32|electrical_system|electrical_system|0.0|1.0|0|0|RPR00000000|port|0|0|0|0|0|0
2025-06-05 21:29:03.863700|2000-01-02 22:59:45|46.99568034557235|Crew Transfer Vessel 3|delay|power converter minor repair|work shift has ended; waiting for next shift to start|32|32|electrical_system|electrical_system|0.0|1.0|8.004166666666666|0|RPR00000000|port|0|0.0|0.0|0.0|1269.0973107638888|1269.0973107638888
2025-06-05 21:29:03.868698|2000-01-03 07:00:00|54.999847012239016|Crew Transfer Vessel 3|traveling|power converter minor repair|traveling from port to site|32|32|electrical_system|electrical_system|0.0|1.0|4.995527357811371|148.0|RPR00000000|enroute|0|0|0.0|0.0|792.0637587480495|792.0637587480495
2025-06-05 21:29:03.870697|2000-01-03 07:00:02|55.00040256779457|Crew Transfer Vessel 2|traveling|minor pitch system repair|traveling from port to site|17|17|hydraulic_system|hydraulic_system|1.0|1.0|3.9960829133669282|148.0|RPR00000001|enroute|0|0|0.0|0.0|633.5972612943461|633.5972612943461
2025-06-05 21:29:03.870697|2000-01-03 07:00:04|55.00095812335013|Crew Transfer Vessel 1|delay|no requests|no work requests, waiting until the next shift|||||0|0|23.99888888888889|0|na|port|0|0.0|0.0|0.0|3805.133828240741|3805.133828240741
2025-06-05 21:29:03.871706|2000-01-03 10:59:48|58.9964854811615|Crew Transfer Vessel 2|complete travel|minor pitch system repair|arrived at 17|17|17|hydraulic_system|hydraulic_system|1.0|1.0|0|0|RPR00000001|site|0|0|0|0|0|0
2025-06-05 21:29:03.874227|2000-01-03 10:59:48|58.9964854811615|Crew Transfer Vessel 2|transferring crew|minor pitch system repair|transferring crew from Crew Transfer Vessel 2 to 17|17|17|hydraulic_system|hydraulic_system|0.0|1.0|0.25|0|RPR00000001|system|0|0.0|0.0|0.0|39.63864583333333|39.63864583333333
2025-06-05 21:29:03.874227|2000-01-03 11:14:48|59.2464854811615|Crew Transfer Vessel 2|complete transfer|minor pitch system repair|complete|17|17|hydraulic_system|hydraulic_system|0.0|1.0|0|0|RPR00000001|system|0|0|0|0|0|0
2025-06-05 21:29:03.874227|2000-01-03 11:14:48|59.2464854811615|Crew Transfer Vessel 2|repair|minor pitch system repair|repair|17|17|hydraulic_system|hydraulic_system|0.0|1.0|7.503333333333333|0|RPR00000001|system|0|0.0|0.0|0.0|1189.6878902777776|1189.6878902777776
2025-06-05 21:29:03.874227|2000-01-03 11:59:44|59.995374370050385|Crew Transfer Vessel 3|complete travel|power converter minor repair|arrived at 32|32|32|electrical_system|electrical_system|0.0|1.0|0|0|RPR00000000|site|0|0|0|0|0|0
2025-06-05 21:29:03.875312|2000-01-03 11:59:44|59.995374370050385|Crew Transfer Vessel 3|transferring crew|power converter minor repair|transferring crew from Crew Transfer Vessel 3 to 32|32|32|electrical_system|electrical_system|0.0|1.0|0.25|0|RPR00000000|system|0|0.0|0.0|0.0|39.63864583333333|39.63864583333333
2025-06-05 21:29:03.875312|2000-01-03 12:14:44|60.245374370050385|Crew Transfer Vessel 3|complete transfer|power converter minor repair|complete|32|32|electrical_system|electrical_system|0.0|1.0|0|0|RPR00000000|system|0|0|0|0|0|0
2025-06-05 21:29:03.876320|2000-01-03 12:14:44|60.245374370050385|Crew Transfer Vessel 3|repair|power converter minor repair|repair|32|32|electrical_system|electrical_system|0.0|1.0|2.5005555555555556|0|RPR00000000|system|0|0.0|0.0|0.0|396.474544212963|396.474544212963
2025-06-05 21:29:03.877324|2000-01-03 14:44:46|62.74592992560594|Crew Transfer Vessel 3|transferring crew|power converter minor repair|transferring crew from 32 to Crew Transfer Vessel 3|32|32|electrical_system|electrical_system|0.0|1.0|0.25|0|RPR00000000|system|0|0.0|0.0|0.0|39.63864583333333|39.63864583333333
2025-06-05 21:29:03.877324|2000-01-03 14:59:46|62.99592992560594|Crew Transfer Vessel 3|complete transfer|power converter minor repair|complete|32|32|electrical_system|electrical_system|0.0|1.0|0|0|RPR00000000|system|0|0|0|0|0|0
2025-06-05 21:29:03.877324|2000-01-03 14:59:46|62.99592992560594|Crew Transfer Vessel 3|repair complete|power converter minor repair|complete|32|32|electrical_system|electrical_system|1.0|1.0|0|0|RPR00000000|system|1000.0|0|0|0|0|1000.0
2025-06-05 21:29:03.879310|2000-01-03 14:59:55|62.99842992560594|Crew Transfer Vessel 3|traveling|no requests|traveling from site to port|||||0|0|4.994110271178295|148.0|na|enroute|0|0|0.0|0.0|791.8390731673949|791.8390731673949
2025-06-05 21:29:03.880877|2000-01-03 18:18:29|66.3079181057945|hydraulic_system|repair request|minor pitch system repair|severity level 1|71|71|hydraulic_system|hydraulic_system|1.0|1.0|0|0|RPR00000002|na|0|0|0|0|0|0
2025-06-05 21:29:03.881896|2000-01-03 18:45:00|66.74981881449483|Crew Transfer Vessel 2|transferring crew|minor pitch system repair|transferring crew from 17 to Crew Transfer Vessel 2|17|17|hydraulic_system|hydraulic_system|0.0|1.0|0.25|0|RPR00000001|system|0|0.0|0.0|0.0|39.63864583333333|39.63864583333333
2025-06-05 21:29:03.881896|2000-01-03 19:00:00|66.99981881449483|Crew Transfer Vessel 2|complete transfer|minor pitch system repair|complete|17|17|hydraulic_system|hydraulic_system|0.0|1.0|0|0|RPR00000001|system|0|0|0|0|0|0
2025-06-05 21:29:03.881896|2000-01-03 19:00:00|66.99981881449483|Crew Transfer Vessel 2|traveling|minor pitch system repair|traveling from site to port|17|17|hydraulic_system|hydraulic_system|0.0|1.0|4.995499160067185|148.0|RPR00000001|enroute|0|0|0.0|0.0|792.059287866469|792.059287866469
2025-06-05 21:29:03.883478|2000-01-03 19:59:34|67.99254019678423|Crew Transfer Vessel 3|complete travel|no requests|arrived at port|||||0|0|0|0|na|port|0|0|0|0|0|0
2025-06-05 21:29:03.883478|2000-01-03 19:59:34|67.99254019678423|Crew Transfer Vessel 3|delay|no requests|no work requests, waiting until the next shift|||||0|0|11.007222222222222|0|na|port|0|0.0|0.0|0.0|1745.2455331018516|1745.2455331018516
2025-06-05 21:29:03.884485|2000-01-03 22:58:05|70.96780906870544|hydraulic_system|repair request|minor pitch system repair|severity level 1|98|98|hydraulic_system|hydraulic_system|1.0|1.0|0|0|RPR00000003|na|0|0|0|0|0|0
2025-06-05 21:29:03.885564|2000-01-03 23:59:44|71.99531797456201|Crew Transfer Vessel 2|complete travel|minor pitch system repair|arrived at port|17|17|hydraulic_system|hydraulic_system|0.0|1.0|0|0|RPR00000001|port|0|0|0|0|0|0
2025-06-05 21:29:03.885564|2000-01-03 23:59:44|71.99531797456201|Crew Transfer Vessel 2|delay|minor pitch system repair|work shift has ended; waiting for next shift to start|17|17|hydraulic_system|hydraulic_system|0.0|1.0|7.004444444444444|0|RPR00000001|port|0|0.0|0.0|0.0|1110.5867703703705|1110.5867703703705
2025-06-05 21:29:03.890516|2000-01-04 07:00:00|78.99976241900646|Crew Transfer Vessel 2|traveling|minor pitch system repair|traveling from port to site|17|17|hydraulic_system|hydraulic_system|0.0|1.0|4.995442764578812|148.0|RPR00000001|enroute|0|0|0.0|0.0|792.0503461033084|792.0503461033084
2025-06-05 21:29:03.892514|2000-01-04 07:00:05|79.00115130789534|Crew Transfer Vessel 3|traveling|minor pitch system repair|traveling from port to site|71|71|hydraulic_system|hydraulic_system|1.0|1.0|3.9968316534676958|148.0|RPR00000002|enroute|0|0|0.0|0.0|633.7159774690482|633.7159774690482
2025-06-05 21:29:03.893482|2000-01-04 07:00:09|79.00234701223901|Crew Transfer Vessel 1|traveling|minor pitch system repair|traveling from port to site|98|98|hydraulic_system|hydraulic_system|1.0|1.0|3.998027357811368|148.0|RPR00000003|enroute|0|0|0.0|0.0|633.9055618730491|633.9055618730491
2025-06-05 21:29:03.893985|2000-01-04 10:59:53|82.99798296136304|Crew Transfer Vessel 3|complete travel|minor pitch system repair|arrived at 71|71|71|hydraulic_system|hydraulic_system|1.0|1.0|0|0|RPR00000002|site|0|0|0|0|0|0
2025-06-05 21:29:03.894987|2000-01-04 10:59:53|82.99798296136304|Crew Transfer Vessel 3|transferring crew|minor pitch system repair|transferring crew from Crew Transfer Vessel 3 to 71|71|71|hydraulic_system|hydraulic_system|0.0|1.0|0.25|0|RPR00000002|system|0|0.0|0.0|0.0|39.63864583333333|39.63864583333333
2025-06-05 21:29:03.895991|2000-01-04 11:00:02|83.00037437005038|Crew Transfer Vessel 1|complete travel|minor pitch system repair|arrived at 98|98|98|hydraulic_system|hydraulic_system|1.0|1.0|0|0|RPR00000003|site|0|0|0|0|0|0
2025-06-05 21:29:03.897991|2000-01-04 11:00:02|83.00037437005038|Crew Transfer Vessel 1|transferring crew|minor pitch system repair|transferring crew from Crew Transfer Vessel 1 to 98|98|98|hydraulic_system|hydraulic_system|0.0|1.0|0.25|0|RPR00000003|system|0|0.0|0.0|0.0|39.63864583333333|39.63864583333333
2025-06-05 21:29:03.897991|2000-01-04 11:14:53|83.24798296136304|Crew Transfer Vessel 3|complete transfer|minor pitch system repair|complete|71|71|hydraulic_system|hydraulic_system|0.0|1.0|0|0|RPR00000002|system|0|0|0|0|0|0
2025-06-05 21:29:03.897991|2000-01-04 11:14:53|83.24798296136304|Crew Transfer Vessel 3|repair|minor pitch system repair|repair|71|71|hydraulic_system|hydraulic_system|0.0|1.0|0.7519444444444444|0|RPR00000002|system|0|0.0|0.0|0.0|119.22423807870369|119.22423807870369
2025-06-05 21:29:03.897991|2000-01-04 11:15:02|83.25037437005038|Crew Transfer Vessel 1|complete transfer|minor pitch system repair|complete|98|98|hydraulic_system|hydraulic_system|0.0|1.0|0|0|RPR00000003|system|0|0|0|0|0|0
2025-06-05 21:29:03.898991|2000-01-04 11:15:02|83.25037437005038|Crew Transfer Vessel 1|repair|minor pitch system repair|repair|98|98|hydraulic_system|hydraulic_system|0.0|1.0|0.7494444444444445|0|RPR00000003|system|0|0.0|0.0|0.0|118.82785162037037|118.82785162037037
2025-06-05 21:29:03.898991|2000-01-04 11:59:43|83.99520518358527|Crew Transfer Vessel 2|complete travel|minor pitch system repair|arrived at 17|17|17|hydraulic_system|hydraulic_system|0.0|1.0|0|0|RPR00000001|site|0|0|0|0|0|0
2025-06-05 21:29:03.898991|2000-01-04 11:59:43|83.99520518358527|Crew Transfer Vessel 2|transferring crew|minor pitch system repair|transferring crew from Crew Transfer Vessel 2 to 17|17|17|hydraulic_system|hydraulic_system|0.0|1.0|0.25|0|RPR00000001|system|0|0.0|0.0|0.0|39.63864583333333|39.63864583333333
2025-06-05 21:29:03.898991|2000-01-04 12:00:00|83.99981881449483|Crew Transfer Vessel 1|delay|minor pitch system repair|weather delay|98|98|hydraulic_system|hydraulic_system|0.0|1.0|8.0|0|RPR00000003|system|0|0|0.0|0.0|1268.4366666666665|1268.4366666666665
2025-06-05 21:29:03.898991|2000-01-04 12:00:00|83.99992740580748|Crew Transfer Vessel 3|delay|minor pitch system repair|weather delay|71|71|hydraulic_system|hydraulic_system|0.0|1.0|8.0|0|RPR00000002|system|0|0|0.0|0.0|1268.4366666666665|1268.4366666666665
2025-06-05 21:29:03.899990|2000-01-04 12:14:43|84.24520518358527|Crew Transfer Vessel 2|complete transfer|minor pitch system repair|complete|17|17|hydraulic_system|hydraulic_system|0.0|1.0|0|0|RPR00000001|system|0|0|0|0|0|0
2025-06-05 21:29:03.901991|2000-01-04 12:14:43|84.24520518358527|Crew Transfer Vessel 2|delay|minor pitch system repair|weather delay|17|17|hydraulic_system|hydraulic_system|0.0|1.0|7.754722222222223|0|RPR00000001|system|0|0|0.0|0.0|1229.5467508101854|1229.5467508101854
2025-06-05 21:29:03.906497|2000-01-04 20:00:00|91.99981881449483|Crew Transfer Vessel 1|delay|minor pitch system repair|weather delay|98|98|hydraulic_system|hydraulic_system|0.0|1.0|12.0|0|RPR00000003|system|0|0|0.0|0.0|1902.655|1902.655
2025-06-05 21:29:03.906497|2000-01-04 20:00:00|91.99992740580748|Crew Transfer Vessel 3|delay|minor pitch system repair|weather delay|71|71|hydraulic_system|hydraulic_system|0.0|1.0|12.0|0|RPR00000002|system|0|0|0.0|0.0|1902.655|1902.655
2025-06-05 21:29:03.907497|2000-01-04 20:00:00|91.9999274058075|Crew Transfer Vessel 2|delay|minor pitch system repair|weather delay|17|17|hydraulic_system|hydraulic_system|0.0|1.0|12.0|0|RPR00000001|system|0|0|0.0|0.0|1902.655|1902.655
2025-06-05 21:29:03.910577|2000-01-05 01:49:49|97.83018099877314|drive_train|repair request|main shaft minor repair|severity level 1|5|5|drive_train|drive_train|1.0|1.0|0|0|RPR00000004|na|0|0|0|0|0|0
2025-06-05 21:29:03.912577|2000-01-05 08:00:00|103.99981881449483|Crew Transfer Vessel 1|transferring crew|minor pitch system repair|transferring crew from 98 to Crew Transfer Vessel 1|98|98|hydraulic_system|hydraulic_system|0.0|1.0|0.25|0|RPR00000003|system|0|0.0|0.0|0.0|39.63864583333333|39.63864583333333
2025-06-05 21:29:03.912577|2000-01-05 08:00:00|103.99992740580748|Crew Transfer Vessel 3|transferring crew|minor pitch system repair|transferring crew from 71 to Crew Transfer Vessel 3|71|71|hydraulic_system|hydraulic_system|0.0|1.0|0.25|0|RPR00000002|system|0|0.0|0.0|0.0|39.63864583333333|39.63864583333333
2025-06-05 21:29:03.912577|2000-01-05 08:00:00|103.9999274058075|Crew Transfer Vessel 2|transferring crew|minor pitch system repair|transferring crew from 17 to Crew Transfer Vessel 2|17|17|hydraulic_system|hydraulic_system|0.0|1.0|0.25|0|RPR00000001|system|0|0.0|0.0|0.0|39.63864583333333|39.63864583333333
2025-06-05 21:29:03.912577|2000-01-05 08:15:00|104.24981881449483|Crew Transfer Vessel 1|complete transfer|minor pitch system repair|complete|98|98|hydraulic_system|hydraulic_system|0.0|1.0|0|0|RPR00000003|system|0|0|0|0|0|0
2025-06-05 21:29:03.913501|2000-01-05 08:15:00|104.24981881449483|Crew Transfer Vessel 1|traveling|minor pitch system repair|traveling from site to port|98|98|hydraulic_system|hydraulic_system|0.0|1.0|4.245499160067185|148.0|RPR00000003|enroute|0|0|0.0|0.0|673.1433503664691|673.1433503664691
2025-06-05 21:29:03.913501|2000-01-05 08:15:00|104.24992740580748|Crew Transfer Vessel 3|complete transfer|minor pitch system repair|complete|71|71|hydraulic_system|hydraulic_system|0.0|1.0|0|0|RPR00000002|system|0|0|0|0|0|0
2025-06-05 21:29:03.913501|2000-01-05 08:15:00|104.24992740580748|Crew Transfer Vessel 3|traveling|minor pitch system repair|traveling from site to port|71|71|hydraulic_system|hydraulic_system|0.0|1.0|4.245607751379838|148.0|RPR00000002|enroute|0|0|0.0|0.0|673.1605680168004|673.1605680168004
2025-06-05 21:29:03.913501|2000-01-05 08:15:00|104.2499274058075|Crew Transfer Vessel 2|complete transfer|minor pitch system repair|complete|17|17|hydraulic_system|hydraulic_system|0.0|1.0|0|0|RPR00000001|system|0|0|0|0|0|0
2025-06-05 21:29:03.914702|2000-01-05 08:15:00|104.2499274058075|Crew Transfer Vessel 2|traveling|minor pitch system repair|traveling from site to port|17|17|hydraulic_system|hydraulic_system|0.0|1.0|4.245607751379852|148.0|RPR00000001|enroute|0|0|0.0|0.0|673.1605680168027|673.1605680168027
2025-06-05 21:29:03.917698|2000-01-05 12:29:44|108.49531797456201|Crew Transfer Vessel 1|complete travel|minor pitch system repair|arrived at port|98|98|hydraulic_system|hydraulic_system|0.0|1.0|0|0|RPR00000003|port|0|0|0|0|0|0
2025-06-05 21:29:03.917698|2000-01-05 12:29:44|108.49531797456201|Crew Transfer Vessel 1|delay|minor pitch system repair|work shift has ended; waiting for next shift to start|98|98|hydraulic_system|hydraulic_system|0.0|1.0|18.504444444444445|0|RPR00000003|port|0|0.0|0.0|0.0|2933.9644787037037|2933.9644787037037
2025-06-05 21:29:03.917698|2000-01-05 12:29:44|108.49553515718732|Crew Transfer Vessel 3|complete travel|minor pitch system repair|arrived at port|71|71|hydraulic_system|hydraulic_system|0.0|1.0|0|0|RPR00000002|port|0|0|0|0|0|0
2025-06-05 21:29:03.917698|2000-01-05 12:29:44|108.49553515718732|Crew Transfer Vessel 3|delay|minor pitch system repair|work shift has ended; waiting for next shift to start|71|71|hydraulic_system|hydraulic_system|0.0|1.0|18.504444444444445|0|RPR00000002|port|0|0.0|0.0|0.0|2933.9644787037037|2933.9644787037037
2025-06-05 21:29:03.917698|2000-01-05 12:29:44|108.49553515718735|Crew Transfer Vessel 2|complete travel|minor pitch system repair|arrived at port|17|17|hydraulic_system|hydraulic_system|0.0|1.0|0|0|RPR00000001|port|0|0|0|0|0|0
2025-06-05 21:29:03.917698|2000-01-05 12:29:44|108.49553515718735|Crew Transfer Vessel 2|delay|minor pitch system repair|work shift has ended; waiting for next shift to start|17|17|hydraulic_system|hydraulic_system|0.0|1.0|18.504444444444445|0|RPR00000001|port|0|0.0|0.0|0.0|2933.9644787037037|2933.9644787037037
2025-06-05 21:29:03.927207|2000-01-06 07:00:00|126.99976241900646|Crew Transfer Vessel 1|traveling|minor pitch system repair|traveling from port to site|98|98|hydraulic_system|hydraulic_system|0.0|1.0|4.995442764578812|148.0|RPR00000003|enroute|0|0|0.0|0.0|792.0503461033084|792.0503461033084
2025-06-05 21:29:03.928297|2000-01-06 07:00:00|126.99997960163176|Crew Transfer Vessel 3|traveling|minor pitch system repair|traveling from port to site|71|71|hydraulic_system|hydraulic_system|0.0|1.0|4.9956599472041185|148.0|RPR00000002|enroute|0|0|0.0|0.0|792.0847814039711|792.0847814039711
2025-06-05 21:29:03.928297|2000-01-06 07:00:00|126.9999796016318|Crew Transfer Vessel 2|traveling|minor pitch system repair|traveling from port to site|17|17|hydraulic_system|hydraulic_system|0.0|1.0|4.995659947204147|148.0|RPR00000001|enroute|0|0|0.0|0.0|792.0847814039755|792.0847814039755
2025-06-05 21:29:03.930207|2000-01-06 11:59:43|131.99520518358528|Crew Transfer Vessel 1|complete travel|minor pitch system repair|arrived at 98|98|98|hydraulic_system|hydraulic_system|0.0|1.0|0|0|RPR00000003|site|0|0|0|0|0|0
2025-06-05 21:29:03.930207|2000-01-06 11:59:43|131.99520518358528|Crew Transfer Vessel 1|transferring crew|minor pitch system repair|transferring crew from Crew Transfer Vessel 1 to 98|98|98|hydraulic_system|hydraulic_system|0.0|1.0|0.25|0|RPR00000003|system|0|0.0|0.0|0.0|39.63864583333333|39.63864583333333
2025-06-05 21:29:03.930207|2000-01-06 11:59:45|131.9956395488359|Crew Transfer Vessel 3|complete travel|minor pitch system repair|arrived at 71|71|71|hydraulic_system|hydraulic_system|0.0|1.0|0|0|RPR00000002|site|0|0|0|0|0|0
2025-06-05 21:29:03.931210|2000-01-06 11:59:45|131.9956395488359|Crew Transfer Vessel 3|transferring crew|minor pitch system repair|transferring crew from Crew Transfer Vessel 3 to 71|71|71|hydraulic_system|hydraulic_system|0.0|1.0|0.25|0|RPR00000002|system|0|0.0|0.0|0.0|39.63864583333333|39.63864583333333
2025-06-05 21:29:03.931210|2000-01-06 11:59:45|131.99563954883595|Crew Transfer Vessel 2|complete travel|minor pitch system repair|arrived at 17|17|17|hydraulic_system|hydraulic_system|0.0|1.0|0|0|RPR00000001|site|0|0|0|0|0|0
2025-06-05 21:29:03.931210|2000-01-06 11:59:45|131.99563954883595|Crew Transfer Vessel 2|transferring crew|minor pitch system repair|transferring crew from Crew Transfer Vessel 2 to 17|17|17|hydraulic_system|hydraulic_system|0.0|1.0|0.25|0|RPR00000001|system|0|0.0|0.0|0.0|39.63864583333333|39.63864583333333
2025-06-05 21:29:03.931210|2000-01-06 12:14:43|132.24520518358528|Crew Transfer Vessel 1|complete transfer|minor pitch system repair|complete|98|98|hydraulic_system|hydraulic_system|0.0|1.0|0|0|RPR00000003|system|0|0|0|0|0|0
2025-06-05 21:29:03.932207|2000-01-06 12:14:43|132.24520518358528|Crew Transfer Vessel 1|repair|minor pitch system repair|repair|98|98|hydraulic_system|hydraulic_system|0.0|1.0|6.504722222222223|0|RPR00000003|system|0|0.0|0.0|0.0|1031.3535216435187|1031.3535216435187
2025-06-05 21:29:03.932207|2000-01-06 12:14:45|132.2456395488359|Crew Transfer Vessel 3|complete transfer|minor pitch system repair|complete|71|71|hydraulic_system|hydraulic_system|0.0|1.0|0|0|RPR00000002|system|0|0|0|0|0|0
2025-06-05 21:29:03.932207|2000-01-06 12:14:45|132.2456395488359|Crew Transfer Vessel 3|repair|minor pitch system repair|repair|71|71|hydraulic_system|hydraulic_system|0.0|1.0|6.504166666666666|0|RPR00000002|system|0|0.0|0.0|0.0|1031.265435763889|1031.265435763889
2025-06-05 21:29:03.932207|2000-01-06 12:14:45|132.24563954883595|Crew Transfer Vessel 2|complete transfer|minor pitch system repair|complete|17|17|hydraulic_system|hydraulic_system|0.0|1.0|0|0|RPR00000001|system|0|0|0|0|0|0
2025-06-05 21:29:03.932207|2000-01-06 12:14:45|132.24563954883595|Crew Transfer Vessel 2|repair|minor pitch system repair|repair|17|17|hydraulic_system|hydraulic_system|0.0|1.0|6.504166666666666|0|RPR00000001|system|0|0.0|0.0|0.0|1031.265435763889|1031.265435763889
2025-06-05 21:29:03.933315|2000-01-06 14:00:51|134.01415771506362|drive_train|repair request|main shaft minor repair|severity level 1|35|35|drive_train|drive_train|1.0|1.0|0|0|RPR00000005|na|0|0|0|0|0|0
2025-06-05 21:29:03.934438|2000-01-06 18:45:00|138.74980621550256|Crew Transfer Vessel 3|transferring crew|minor pitch system repair|transferring crew from 71 to Crew Transfer Vessel 3|71|71|hydraulic_system|hydraulic_system|0.0|1.0|0.25|0|RPR00000002|system|0|0.0|0.0|0.0|39.63864583333333|39.63864583333333
2025-06-05 21:29:03.934438|2000-01-06 18:45:00|138.74980621550262|Crew Transfer Vessel 2|transferring crew|minor pitch system repair|transferring crew from 17 to Crew Transfer Vessel 2|17|17|hydraulic_system|hydraulic_system|0.0|1.0|0.25|0|RPR00000001|system|0|0.0|0.0|0.0|39.63864583333333|39.63864583333333
2025-06-05 21:29:03.935482|2000-01-06 18:45:00|138.7499274058075|Crew Transfer Vessel 1|transferring crew|minor pitch system repair|transferring crew from 98 to Crew Transfer Vessel 1|98|98|hydraulic_system|hydraulic_system|0.0|1.0|0.25|0|RPR00000003|system|0|0.0|0.0|0.0|39.63864583333333|39.63864583333333
2025-06-05 21:29:03.935482|2000-01-06 19:00:00|138.99980621550256|Crew Transfer Vessel 3|complete transfer|minor pitch system repair|complete|71|71|hydraulic_system|hydraulic_system|0.0|1.0|0|0|RPR00000002|system|0|0|0|0|0|0
2025-06-05 21:29:03.935482|2000-01-06 19:00:00|138.99980621550256|Crew Transfer Vessel 3|traveling|minor pitch system repair|traveling from site to port|71|71|hydraulic_system|hydraulic_system|0.0|1.0|4.995486561074914|148.0|RPR00000002|enroute|0|0|0.0|0.0|792.0572902384991|792.0572902384991
2025-06-05 21:29:03.935482|2000-01-06 19:00:00|138.99980621550262|Crew Transfer Vessel 2|complete transfer|minor pitch system repair|complete|17|17|hydraulic_system|hydraulic_system|0.0|1.0|0|0|RPR00000001|system|0|0|0|0|0|0
2025-06-05 21:29:03.936531|2000-01-06 19:00:00|138.99980621550262|Crew Transfer Vessel 2|traveling|minor pitch system repair|traveling from site to port|17|17|hydraulic_system|hydraulic_system|0.0|1.0|4.995486561074971|148.0|RPR00000001|enroute|0|0|0.0|0.0|792.0572902385082|792.0572902385082
2025-06-05 21:29:03.936531|2000-01-06 19:00:00|138.9999274058075|Crew Transfer Vessel 1|complete transfer|minor pitch system repair|complete|98|98|hydraulic_system|hydraulic_system|0.0|1.0|0|0|RPR00000003|system|0|0|0|0|0|0
2025-06-05 21:29:03.936531|2000-01-06 19:00:00|138.9999274058075|Crew Transfer Vessel 1|traveling|minor pitch system repair|traveling from site to port|98|98|hydraulic_system|hydraulic_system|0.0|1.0|4.9956077513798665|148.0|RPR00000003|enroute|0|0|0.0|0.0|792.076505516805|792.076505516805
2025-06-05 21:29:03.938473|2000-01-06 23:59:44|143.9952927765775|Crew Transfer Vessel 3|complete travel|minor pitch system repair|arrived at port|71|71|hydraulic_system|hydraulic_system|0.0|1.0|0|0|RPR00000002|port|0|0|0|0|0|0
2025-06-05 21:29:03.938473|2000-01-06 23:59:44|143.9952927765775|Crew Transfer Vessel 3|delay|minor pitch system repair|work shift has ended; waiting for next shift to start|71|71|hydraulic_system|hydraulic_system|0.0|1.0|7.004444444444444|0|RPR00000002|port|0|0.0|0.0|0.0|1110.5867703703705|1110.5867703703705
2025-06-05 21:29:03.938473|2000-01-06 23:59:44|143.9952927765776|Crew Transfer Vessel 2|complete travel|minor pitch system repair|arrived at port|17|17|hydraulic_system|hydraulic_system|0.0|1.0|0|0|RPR00000001|port|0|0|0|0|0|0
2025-06-05 21:29:03.938473|2000-01-06 23:59:44|143.9952927765776|Crew Transfer Vessel 2|delay|minor pitch system repair|work shift has ended; waiting for next shift to start|17|17|hydraulic_system|hydraulic_system|0.0|1.0|7.004444444444444|0|RPR00000001|port|0|0.0|0.0|0.0|1110.5867703703705|1110.5867703703705
2025-06-05 21:29:03.938473|2000-01-06 23:59:44|143.9955351571874|Crew Transfer Vessel 1|complete travel|minor pitch system repair|arrived at port|98|98|hydraulic_system|hydraulic_system|0.0|1.0|0|0|RPR00000003|port|0|0|0|0|0|0
2025-06-05 21:29:03.938473|2000-01-06 23:59:44|143.9955351571874|Crew Transfer Vessel 1|delay|minor pitch system repair|work shift has ended; waiting for next shift to start|98|98|hydraulic_system|hydraulic_system|0.0|1.0|7.004444444444444|0|RPR00000003|port|0|0.0|0.0|0.0|1110.5867703703705|1110.5867703703705
2025-06-05 21:29:03.942529|2000-01-07 06:37:08|150.6186723011908|electrical_system|repair request|power electrical system minor repair|severity level 1|125|125|electrical_system|electrical_system|1.0|1.0|0|0|RPR00000006|na|0|0|0|0|0|0
2025-06-05 21:29:03.943524|2000-01-07 07:00:00|150.99973722102192|Crew Transfer Vessel 3|traveling|minor pitch system repair|traveling from port to site|71|71|hydraulic_system|hydraulic_system|0.0|1.0|4.995417566594272|148.0|RPR00000002|enroute|0|0|0.0|0.0|792.0463508473687|792.0463508473687
2025-06-05 21:29:03.943524|2000-01-07 07:00:00|150.99973722102203|Crew Transfer Vessel 2|traveling|minor pitch system repair|traveling from port to site|17|17|hydraulic_system|hydraulic_system|0.0|1.0|4.995417566594385|148.0|RPR00000001|enroute|0|0|0.0|0.0|792.0463508473866|792.0463508473866
2025-06-05 21:29:03.944985|2000-01-07 07:00:00|150.99997960163182|Crew Transfer Vessel 1|traveling|minor pitch system repair|traveling from port to site|98|98|hydraulic_system|hydraulic_system|0.0|1.0|4.995659947204175|148.0|RPR00000003|enroute|0|0|0.0|0.0|792.0847814039801|792.0847814039801
2025-06-05 21:29:03.947954|2000-01-07 11:59:43|155.9951547876162|Crew Transfer Vessel 3|complete travel|minor pitch system repair|arrived at 71|71|71|hydraulic_system|hydraulic_system|0.0|1.0|0|0|RPR00000002|site|0|0|0|0|0|0
2025-06-05 21:29:03.947954|2000-01-07 11:59:43|155.9951547876162|Crew Transfer Vessel 3|transferring crew|minor pitch system repair|transferring crew from Crew Transfer Vessel 3 to 71|71|71|hydraulic_system|hydraulic_system|0.0|1.0|0.25|0|RPR00000002|system|0|0.0|0.0|0.0|39.63864583333333|39.63864583333333
2025-06-05 21:29:03.947954|2000-01-07 11:59:43|155.99515478761643|Crew Transfer Vessel 2|complete travel|minor pitch system repair|arrived at 17|17|17|hydraulic_system|hydraulic_system|0.0|1.0|0|0|RPR00000001|site|0|0|0|0|0|0
2025-06-05 21:29:03.949044|2000-01-07 11:59:43|155.99515478761643|Crew Transfer Vessel 2|transferring crew|minor pitch system repair|transferring crew from Crew Transfer Vessel 2 to 17|17|17|hydraulic_system|hydraulic_system|0.0|1.0|0.25|0|RPR00000001|system|0|0.0|0.0|0.0|39.63864583333333|39.63864583333333
2025-06-05 21:29:03.949044|2000-01-07 11:59:45|155.995639548836|Crew Transfer Vessel 1|complete travel|minor pitch system repair|arrived at 98|98|98|hydraulic_system|hydraulic_system|0.0|1.0|0|0|RPR00000003|site|0|0|0|0|0|0
2025-06-05 21:29:03.949044|2000-01-07 11:59:45|155.995639548836|Crew Transfer Vessel 1|transferring crew|minor pitch system repair|transferring crew from Crew Transfer Vessel 1 to 98|98|98|hydraulic_system|hydraulic_system|0.0|1.0|0.25|0|RPR00000003|system|0|0.0|0.0|0.0|39.63864583333333|39.63864583333333
2025-06-05 21:29:03.949958|2000-01-07 12:14:43|156.2451547876162|Crew Transfer Vessel 3|complete transfer|minor pitch system repair|complete|71|71|hydraulic_system|hydraulic_system|0.0|1.0|0|0|RPR00000002|system|0|0|0|0|0|0
2025-06-05 21:29:03.949958|2000-01-07 12:14:43|156.2451547876162|Crew Transfer Vessel 3|repair|minor pitch system repair|repair|71|71|hydraulic_system|hydraulic_system|0.0|1.0|6.504722222222223|0|RPR00000002|system|0|0.0|0.0|0.0|1031.3535216435187|1031.3535216435187
2025-06-05 21:29:03.949958|2000-01-07 12:14:43|156.24515478761643|Crew Transfer Vessel 2|complete transfer|minor pitch system repair|complete|17|17|hydraulic_system|hydraulic_system|0.0|1.0|0|0|RPR00000001|system|0|0|0|0|0|0
2025-06-05 21:29:03.949958|2000-01-07 12:14:43|156.24515478761643|Crew Transfer Vessel 2|repair|minor pitch system repair|repair|17|17|hydraulic_system|hydraulic_system|0.0|1.0|3.9924999999999997|0|RPR00000001|system|0|0.0|0.0|0.0|633.0291739583333|633.0291739583333
2025-06-05 21:29:03.949958|2000-01-07 12:14:45|156.245639548836|Crew Transfer Vessel 1|complete transfer|minor pitch system repair|complete|98|98|hydraulic_system|hydraulic_system|0.0|1.0|0|0|RPR00000003|system|0|0|0|0|0|0
2025-06-05 21:29:03.950964|2000-01-07 12:14:45|156.245639548836|Crew Transfer Vessel 1|repair|minor pitch system repair|repair|98|98|hydraulic_system|hydraulic_system|0.0|1.0|6.504166666666666|0|RPR00000003|system|0|0.0|0.0|0.0|1031.265435763889|1031.265435763889
2025-06-05 21:29:03.952058|2000-01-07 16:14:16|160.23765478761644|Crew Transfer Vessel 2|transferring crew|minor pitch system repair|transferring crew from 17 to Crew Transfer Vessel 2|17|17|hydraulic_system|hydraulic_system|0.0|1.0|0.25|0|RPR00000001|system|0|0.0|0.0|0.0|39.63864583333333|39.63864583333333
2025-06-05 21:29:03.952058|2000-01-07 16:29:16|160.48765478761644|Crew Transfer Vessel 2|complete transfer|minor pitch system repair|complete|17|17|hydraulic_system|hydraulic_system|0.0|1.0|0|0|RPR00000001|system|0|0|0|0|0|0
2025-06-05 21:29:03.953595|2000-01-07 16:29:16|160.48765478761644|Crew Transfer Vessel 2|repair complete|minor pitch system repair|complete|17|17|hydraulic_system|hydraulic_system|1.0|1.0|0|0|RPR00000001|system|500.0|0|0|0|0|500.0
2025-06-05 21:29:03.955600|2000-01-07 16:29:20|160.48876589872754|Crew Transfer Vessel 2|traveling|main shaft minor repair|traveling from 17 to 5|5|5|drive_train|drive_train|1.0|1.0|0.13592901944856145|5.034810880374716|RPR00000004|enroute|0|0|0.0|0.0|21.552169041575223|21.552169041575223
2025-06-05 21:29:03.955600|2000-01-07 16:37:29|160.6246949181761|Crew Transfer Vessel 2|complete travel|main shaft minor repair|arrived at 5|5|5|drive_train|drive_train|1.0|1.0|0|0|RPR00000004|system|0|0|0|0|0|0
2025-06-05 21:29:03.956599|2000-01-07 16:37:29|160.6246949181761|Crew Transfer Vessel 2|transferring crew|main shaft minor repair|transferring crew from Crew Transfer Vessel 2 to 5|5|5|drive_train|drive_train|0.0|1.0|0.25|0|RPR00000004|system|0|0.0|0.0|0.0|39.63864583333333|39.63864583333333
2025-06-05 21:29:03.956599|2000-01-07 16:52:29|160.8746949181761|Crew Transfer Vessel 2|complete transfer|main shaft minor repair|complete|5|5|drive_train|drive_train|0.0|1.0|0|0|RPR00000004|system|0|0|0|0|0|0
2025-06-05 21:29:03.957599|2000-01-07 16:52:29|160.8746949181761|Crew Transfer Vessel 2|repair|main shaft minor repair|repair|5|5|drive_train|drive_train|0.0|1.0|1.8752777777777778|0|RPR00000004|system|0|0.0|0.0|0.0|297.33388668981485|297.33388668981485
2025-06-05 21:29:03.958599|2000-01-07 18:45:00|162.74980621550267|Crew Transfer Vessel 1|transferring crew|minor pitch system repair|transferring crew from 98 to Crew Transfer Vessel 1|98|98|hydraulic_system|hydraulic_system|0.0|1.0|0.25|0|RPR00000003|system|0|0.0|0.0|0.0|39.63864583333333|39.63864583333333
2025-06-05 21:29:03.959598|2000-01-07 18:45:00|162.74987700983843|Crew Transfer Vessel 3|transferring crew|minor pitch system repair|transferring crew from 71 to Crew Transfer Vessel 3|71|71|hydraulic_system|hydraulic_system|0.0|1.0|0.25|0|RPR00000002|system|0|0.0|0.0|0.0|39.63864583333333|39.63864583333333
2025-06-05 21:29:03.959598|2000-01-07 18:45:00|162.74997269595386|Crew Transfer Vessel 2|transferring crew|main shaft minor repair|transferring crew from 5 to Crew Transfer Vessel 2|5|5|drive_train|drive_train|0.0|1.0|0.25|0|RPR00000004|system|0|0.0|0.0|0.0|39.63864583333333|39.63864583333333
2025-06-05 21:29:03.959598|2000-01-07 19:00:00|162.99980621550267|Crew Transfer Vessel 1|complete transfer|minor pitch system repair|complete|98|98|hydraulic_system|hydraulic_system|0.0|1.0|0|0|RPR00000003|system|0|0|0|0|0|0
2025-06-05 21:29:03.960601|2000-01-07 19:00:00|162.99980621550267|Crew Transfer Vessel 1|traveling|minor pitch system repair|traveling from site to port|98|98|hydraulic_system|hydraulic_system|0.0|1.0|4.995486561075028|148.0|RPR00000003|enroute|0|0|0.0|0.0|792.0572902385172|792.0572902385172
2025-06-05 21:29:03.960601|2000-01-07 19:00:00|162.99987700983843|Crew Transfer Vessel 3|complete transfer|minor pitch system repair|complete|71|71|hydraulic_system|hydraulic_system|0.0|1.0|0|0|RPR00000002|system|0|0|0|0|0|0
2025-06-05 21:29:03.961597|2000-01-07 19:00:00|162.99987700983843|Crew Transfer Vessel 3|traveling|minor pitch system repair|traveling from site to port|71|71|hydraulic_system|hydraulic_system|0.0|1.0|4.995557355410783|148.0|RPR00000002|enroute|0|0|0.0|0.0|792.0685150049253|792.0685150049253
2025-06-05 21:29:03.961597|2000-01-07 19:00:00|162.99997269595386|Crew Transfer Vessel 2|complete transfer|main shaft minor repair|complete|5|5|drive_train|drive_train|0.0|1.0|0|0|RPR00000004|system|0|0|0|0|0|0
2025-06-05 21:29:03.962597|2000-01-07 19:00:00|162.99997269595386|Crew Transfer Vessel 2|traveling|main shaft minor repair|traveling from site to port|5|5|drive_train|drive_train|0.0|1.0|4.995653041526213|148.0|RPR00000004|enroute|0|0|0.0|0.0|792.083686477088|792.083686477088
2025-06-05 21:29:03.965103|2000-01-07 23:59:44|167.9952927765777|Crew Transfer Vessel 1|complete travel|minor pitch system repair|arrived at port|98|98|hydraulic_system|hydraulic_system|0.0|1.0|0|0|RPR00000003|port|0|0|0|0|0|0
2025-06-05 21:29:03.965103|2000-01-07 23:59:44|167.9952927765777|Crew Transfer Vessel 1|delay|minor pitch system repair|work shift has ended; waiting for next shift to start|98|98|hydraulic_system|hydraulic_system|0.0|1.0|7.004444444444444|0|RPR00000003|port|0|0.0|0.0|0.0|1110.5867703703705|1110.5867703703705
2025-06-05 21:29:03.965103|2000-01-07 23:59:44|167.99543436524922|Crew Transfer Vessel 3|complete travel|minor pitch system repair|arrived at port|71|71|hydraulic_system|hydraulic_system|0.0|1.0|0|0|RPR00000002|port|0|0|0|0|0|0
2025-06-05 21:29:03.965103|2000-01-07 23:59:44|167.99543436524922|Crew Transfer Vessel 3|delay|minor pitch system repair|work shift has ended; waiting for next shift to start|71|71|hydraulic_system|hydraulic_system|0.0|1.0|7.004444444444444|0|RPR00000002|port|0|0.0|0.0|0.0|1110.5867703703705|1110.5867703703705
2025-06-05 21:29:03.965103|2000-01-07 23:59:45|167.99562573748008|Crew Transfer Vessel 2|complete travel|main shaft minor repair|arrived at port|5|5|drive_train|drive_train|0.0|1.0|0|0|RPR00000004|port|0|0|0|0|0|0
2025-06-05 21:29:03.966106|2000-01-07 23:59:45|167.99562573748008|Crew Transfer Vessel 2|delay|main shaft minor repair|work shift has ended; waiting for next shift to start|5|5|drive_train|drive_train|0.0|1.0|7.004166666666666|0|RPR00000004|port|0|0.0|0.0|0.0|1110.5427274305555|1110.5427274305555
2025-06-05 21:29:03.970106|2000-01-08 07:00:00|174.99973722102214|Crew Transfer Vessel 1|traveling|minor pitch system repair|traveling from port to site|98|98|hydraulic_system|hydraulic_system|0.0|1.0|4.995417566594499|148.0|RPR00000003|enroute|0|0|0.0|0.0|792.0463508474047|792.0463508474047
2025-06-05 21:29:03.970106|2000-01-08 07:00:00|174.99979240414675|Crew Transfer Vessel 2|traveling|main shaft minor repair|traveling from port to site|5|5|drive_train|drive_train|0.0|1.0|4.9954727497191005|148.0|RPR00000004|enroute|0|0|0.0|0.0|792.0551003847329|792.0551003847329
2025-06-05 21:29:03.971109|2000-01-08 07:00:00|174.99987880969366|Crew Transfer Vessel 3|traveling|minor pitch system repair|traveling from port to site|71|71|hydraulic_system|hydraulic_system|0.0|1.0|4.99555915526601|148.0|RPR00000002|enroute|0|0|0.0|0.0|792.0688003802208|792.0688003802208
2025-06-05 21:29:03.972108|2000-01-08 11:59:43|179.99515478761666|Crew Transfer Vessel 1|complete travel|minor pitch system repair|arrived at 98|98|98|hydraulic_system|hydraulic_system|0.0|1.0|0|0|RPR00000003|site|0|0|0|0|0|0
2025-06-05 21:29:03.972108|2000-01-08 11:59:43|179.99515478761666|Crew Transfer Vessel 1|transferring crew|minor pitch system repair|transferring crew from Crew Transfer Vessel 1 to 98|98|98|hydraulic_system|hydraulic_system|0.0|1.0|0.25|0|RPR00000003|system|0|0.0|0.0|0.0|39.63864583333333|39.63864583333333
2025-06-05 21:29:03.972108|2000-01-08 11:59:43|179.99526515386586|Crew Transfer Vessel 2|complete travel|main shaft minor repair|arrived at 5|5|5|drive_train|drive_train|0.0|1.0|0|0|RPR00000004|site|0|0|0|0|0|0
2025-06-05 21:29:03.973615|2000-01-08 11:59:43|179.99526515386586|Crew Transfer Vessel 2|transferring crew|main shaft minor repair|transferring crew from Crew Transfer Vessel 2 to 5|5|5|drive_train|drive_train|0.0|1.0|0.25|0|RPR00000004|system|0|0.0|0.0|0.0|39.63864583333333|39.63864583333333
2025-06-05 21:29:03.973615|2000-01-08 11:59:44|179.99543796495968|Crew Transfer Vessel 3|complete travel|minor pitch system repair|arrived at 71|71|71|hydraulic_system|hydraulic_system|0.0|1.0|0|0|RPR00000002|site|0|0|0|0|0|0
2025-06-05 21:29:03.973615|2000-01-08 11:59:44|179.99543796495968|Crew Transfer Vessel 3|transferring crew|minor pitch system repair|transferring crew from Crew Transfer Vessel 3 to 71|71|71|hydraulic_system|hydraulic_system|0.0|1.0|0.25|0|RPR00000002|system|0|0.0|0.0|0.0|39.63864583333333|39.63864583333333
2025-06-05 21:29:03.973615|2000-01-08 12:14:43|180.24515478761666|Crew Transfer Vessel 1|complete transfer|minor pitch system repair|complete|98|98|hydraulic_system|hydraulic_system|0.0|1.0|0|0|RPR00000003|system|0|0|0|0|0|0
2025-06-05 21:29:03.973615|2000-01-08 12:14:43|180.24515478761666|Crew Transfer Vessel 1|repair|minor pitch system repair|repair|98|98|hydraulic_system|hydraulic_system|0.0|1.0|4.241666666666667|0|RPR00000003|system|0|0.0|0.0|0.0|672.5356909722223|672.5356909722223
2025-06-05 21:29:03.973615|2000-01-08 12:14:43|180.24526515386586|Crew Transfer Vessel 2|complete transfer|main shaft minor repair|complete|5|5|drive_train|drive_train|0.0|1.0|0|0|RPR00000004|system|0|0|0|0|0|0
2025-06-05 21:29:03.974620|2000-01-08 12:14:43|180.24526515386586|Crew Transfer Vessel 2|repair|main shaft minor repair|repair|5|5|drive_train|drive_train|0.0|1.0|6.504722222222223|0|RPR00000004|system|0|0.0|0.0|0.0|1031.3535216435187|1031.3535216435187
2025-06-05 21:29:03.974620|2000-01-08 12:14:44|180.24543796495968|Crew Transfer Vessel 3|complete transfer|minor pitch system repair|complete|71|71|hydraulic_system|hydraulic_system|0.0|1.0|0|0|RPR00000002|system|0|0|0|0|0|0
2025-06-05 21:29:03.974620|2000-01-08 12:14:44|180.24543796495968|Crew Transfer Vessel 3|repair|minor pitch system repair|repair|71|71|hydraulic_system|hydraulic_system|0.0|1.0|4.239166666666666|0|RPR00000002|system|0|0.0|0.0|0.0|672.1393045138888|672.1393045138888
2025-06-05 21:29:03.975620|2000-01-08 16:29:05|184.48460463162635|Crew Transfer Vessel 3|transferring crew|minor pitch system repair|transferring crew from 71 to Crew Transfer Vessel 3|71|71|hydraulic_system|hydraulic_system|0.0|1.0|0.25|0|RPR00000002|system|0|0.0|0.0|0.0|39.63864583333333|39.63864583333333
2025-06-05 21:29:03.976620|2000-01-08 16:29:13|184.48682145428333|Crew Transfer Vessel 1|transferring crew|minor pitch system repair|transferring crew from 98 to Crew Transfer Vessel 1|98|98|hydraulic_system|hydraulic_system|0.0|1.0|0.25|0|RPR00000003|system|0|0.0|0.0|0.0|39.63864583333333|39.63864583333333
2025-06-05 21:29:03.976620|2000-01-08 16:44:05|184.73460463162635|Crew Transfer Vessel 3|complete transfer|minor pitch system repair|complete|71|71|hydraulic_system|hydraulic_system|0.0|1.0|0|0|RPR00000002|system|0|0|0|0|0|0
2025-06-05 21:29:03.976620|2000-01-08 16:44:05|184.73460463162635|Crew Transfer Vessel 3|repair complete|minor pitch system repair|complete|71|71|hydraulic_system|hydraulic_system|1.0|1.0|0|0|RPR00000002|system|500.0|0|0|0|0|500.0
2025-06-05 21:29:03.978620|2000-01-08 16:44:07|184.73516018718192|Crew Transfer Vessel 3|traveling|main shaft minor repair|traveling from 71 to 35|35|35|drive_train|drive_train|1.0|1.0|0.17620047631257774|6.526465642617879|RPR00000005|enroute|0|0|0.0|0.0|27.937393104875632|27.937393104875632
2025-06-05 21:29:03.978620|2000-01-08 16:44:13|184.73682145428333|Crew Transfer Vessel 1|complete transfer|minor pitch system repair|complete|98|98|hydraulic_system|hydraulic_system|0.0|1.0|0|0|RPR00000003|system|0|0|0|0|0|0
2025-06-05 21:29:03.978620|2000-01-08 16:44:13|184.73682145428333|Crew Transfer Vessel 1|repair complete|minor pitch system repair|complete|98|98|hydraulic_system|hydraulic_system|1.0|1.0|0|0|RPR00000003|system|500.0|0|0|0|0|500.0
2025-06-05 21:29:03.979620|2000-01-08 16:44:16|184.73765478761666|Crew Transfer Vessel 1|traveling|power electrical system minor repair|traveling from 98 to 125|125|125|electrical_system|electrical_system|1.0|1.0|0.37978307953254425|14.06716526588544|RPR00000006|enroute|0|0|0.0|0.0|60.216347932332745|60.216347932332745
2025-06-05 21:29:03.979620|2000-01-08 16:54:41|184.9113606634945|Crew Transfer Vessel 3|complete travel|main shaft minor repair|arrived at 35|35|35|drive_train|drive_train|1.0|1.0|0|0|RPR00000005|system|0|0|0|0|0|0
2025-06-05 21:29:03.981125|2000-01-08 16:54:41|184.9113606634945|Crew Transfer Vessel 3|transferring crew|main shaft minor repair|transferring crew from Crew Transfer Vessel 3 to 35|35|35|drive_train|drive_train|0.0|1.0|0.25|0|RPR00000005|system|0|0.0|0.0|0.0|39.63864583333333|39.63864583333333
2025-06-05 21:29:03.982133|2000-01-08 17:07:03|185.11743786714922|Crew Transfer Vessel 1|complete travel|power electrical system minor repair|arrived at 125|125|125|electrical_system|electrical_system|1.0|1.0|0|0|RPR00000006|system|0|0|0|0|0|0
2025-06-05 21:29:03.982133|2000-01-08 17:07:03|185.11743786714922|Crew Transfer Vessel 1|transferring crew|power electrical system minor repair|transferring crew from Crew Transfer Vessel 1 to 125|125|125|electrical_system|electrical_system|0.0|1.0|0.25|0|RPR00000006|system|0|0.0|0.0|0.0|39.63864583333333|39.63864583333333
2025-06-05 21:29:03.982133|2000-01-08 17:09:41|185.1613606634945|Crew Transfer Vessel 3|complete transfer|main shaft minor repair|complete|35|35|drive_train|drive_train|0.0|1.0|0|0|RPR00000005|system|0|0|0|0|0|0
2025-06-05 21:29:03.983131|2000-01-08 17:09:41|185.1613606634945|Crew Transfer Vessel 3|repair|main shaft minor repair|repair|35|35|drive_train|drive_train|0.0|1.0|1.588611111111111|0|RPR00000005|system|0|0.0|0.0|0.0|251.8815728009259|251.8815728009259
2025-06-05 21:29:03.983131|2000-01-08 17:22:03|185.36743786714922|Crew Transfer Vessel 1|complete transfer|power electrical system minor repair|complete|125|125|electrical_system|electrical_system|0.0|1.0|0|0|RPR00000006|system|0|0|0|0|0|0
2025-06-05 21:29:03.983131|2000-01-08 17:22:03|185.36743786714922|Crew Transfer Vessel 1|repair|power electrical system minor repair|repair|125|125|electrical_system|electrical_system|0.0|1.0|1.3825|0|RPR00000006|system|0|0.0|0.0|0.0|219.20171145833334|219.20171145833334
2025-06-05 21:29:03.983638|2000-01-08 18:45:00|186.7499378671492|Crew Transfer Vessel 1|transferring crew|power electrical system minor repair|transferring crew from 125 to Crew Transfer Vessel 1|125|125|electrical_system|electrical_system|0.0|1.0|0.25|0|RPR00000006|system|0|0.0|0.0|0.0|39.63864583333333|39.63864583333333
2025-06-05 21:29:03.983638|2000-01-08 18:45:00|186.7499717746056|Crew Transfer Vessel 3|transferring crew|main shaft minor repair|transferring crew from 35 to Crew Transfer Vessel 3|35|35|drive_train|drive_train|0.0|1.0|0.25|0|RPR00000005|system|0|0.0|0.0|0.0|39.63864583333333|39.63864583333333
2025-06-05 21:29:03.983638|2000-01-08 18:45:00|186.7499873760881|Crew Transfer Vessel 2|transferring crew|main shaft minor repair|transferring crew from 5 to Crew Transfer Vessel 2|5|5|drive_train|drive_train|0.0|1.0|0.25|0|RPR00000004|system|0|0.0|0.0|0.0|39.63864583333333|39.63864583333333
2025-06-05 21:29:03.983638|2000-01-08 19:00:00|186.9999378671492|Crew Transfer Vessel 1|complete transfer|power electrical system minor repair|complete|125|125|electrical_system|electrical_system|0.0|1.0|0|0|RPR00000006|system|0|0|0|0|0|0
2025-06-05 21:29:03.984640|2000-01-08 19:00:00|186.9999378671492|Crew Transfer Vessel 1|traveling|power electrical system minor repair|traveling from site to port|125|125|electrical_system|electrical_system|0.0|1.0|4.995618212721569|148.0|RPR00000006|enroute|0|0|0.0|0.0|792.0781642104797|792.0781642104797
2025-06-05 21:29:03.984640|2000-01-08 19:00:00|186.9999717746056|Crew Transfer Vessel 3|complete transfer|main shaft minor repair|complete|35|35|drive_train|drive_train|0.0|1.0|0|0|RPR00000005|system|0|0|0|0|0|0
2025-06-05 21:29:03.985641|2000-01-08 19:00:00|186.9999717746056|Crew Transfer Vessel 3|traveling|main shaft minor repair|traveling from site to port|35|35|drive_train|drive_train|0.0|1.0|4.995652120177953|148.0|RPR00000005|enroute|0|0|0.0|0.0|792.0835403930986|792.0835403930986
2025-06-05 21:29:03.985641|2000-01-08 19:00:00|186.9999873760881|Crew Transfer Vessel 2|complete transfer|main shaft minor repair|complete|5|5|drive_train|drive_train|0.0|1.0|0|0|RPR00000004|system|0|0|0|0|0|0
2025-06-05 21:29:03.986781|2000-01-08 19:00:00|186.9999873760881|Crew Transfer Vessel 2|traveling|main shaft minor repair|traveling from site to port|5|5|drive_train|drive_train|0.0|1.0|4.995667721660441|148.0|RPR00000004|enroute|0|0|0.0|0.0|792.0860140796539|792.0860140796539
2025-06-05 21:29:03.988791|2000-01-08 23:59:45|191.9955560798708|Crew Transfer Vessel 1|complete travel|power electrical system minor repair|arrived at port|125|125|electrical_system|electrical_system|0.0|1.0|0|0|RPR00000006|port|0|0|0|0|0|0
2025-06-05 21:29:03.989785|2000-01-08 23:59:45|191.9955560798708|Crew Transfer Vessel 1|delay|power electrical system minor repair|work shift has ended; waiting for next shift to start|125|125|electrical_system|electrical_system|0.0|1.0|7.004166666666666|0|RPR00000006|port|0|0.0|0.0|0.0|1110.5427274305555|1110.5427274305555
2025-06-05 21:29:03.989785|2000-01-08 23:59:45|191.99562389478356|Crew Transfer Vessel 3|complete travel|main shaft minor repair|arrived at port|35|35|drive_train|drive_train|0.0|1.0|0|0|RPR00000005|port|0|0|0|0|0|0
2025-06-05 21:29:03.989785|2000-01-08 23:59:45|191.99562389478356|Crew Transfer Vessel 3|delay|main shaft minor repair|work shift has ended; waiting for next shift to start|35|35|drive_train|drive_train|0.0|1.0|7.004166666666666|0|RPR00000005|port|0|0.0|0.0|0.0|1110.5427274305555|1110.5427274305555
2025-06-05 21:29:03.989785|2000-01-08 23:59:45|191.99565509774854|Crew Transfer Vessel 2|complete travel|main shaft minor repair|arrived at port|5|5|drive_train|drive_train|0.0|1.0|0|0|RPR00000004|port|0|0|0|0|0|0
2025-06-05 21:29:03.989785|2000-01-08 23:59:45|191.99565509774854|Crew Transfer Vessel 2|delay|main shaft minor repair|work shift has ended; waiting for next shift to start|5|5|drive_train|drive_train|0.0|1.0|7.004166666666666|0|RPR00000004|port|0|0.0|0.0|0.0|1110.5427274305555|1110.5427274305555
2025-06-05 21:29:03.994317|2000-01-09 07:00:00|198.99972274653746|Crew Transfer Vessel 1|traveling|power electrical system minor repair|traveling from port to site|125|125|electrical_system|electrical_system|0.0|1.0|4.995403092109813|148.0|RPR00000006|enroute|0|0|0.0|0.0|792.0440558515163|792.0440558515163
2025-06-05 21:29:03.995320|2000-01-09 07:00:00|198.99979056145023|Crew Transfer Vessel 3|traveling|main shaft minor repair|traveling from port to site|35|35|drive_train|drive_train|0.0|1.0|4.995470907022581|148.0|RPR00000005|enroute|0|0|0.0|0.0|792.054808216754|792.054808216754
2025-06-05 21:29:03.995320|2000-01-09 07:00:00|198.9998217644152|Crew Transfer Vessel 2|traveling|main shaft minor repair|traveling from port to site|5|5|drive_train|drive_train|0.0|1.0|4.995502109987557|148.0|RPR00000004|enroute|0|0|0.0|0.0|792.0597555898645|792.0597555898645
2025-06-05 21:29:03.998319|2000-01-09 11:59:43|203.99512583864728|Crew Transfer Vessel 1|complete travel|power electrical system minor repair|arrived at 125|125|125|electrical_system|electrical_system|0.0|1.0|0|0|RPR00000006|site|0|0|0|0|0|0
2025-06-05 21:29:03.999391|2000-01-09 11:59:43|203.99512583864728|Crew Transfer Vessel 1|transferring crew|power electrical system minor repair|transferring crew from Crew Transfer Vessel 1 to 125|125|125|electrical_system|electrical_system|0.0|1.0|0.25|0|RPR00000006|system|0|0.0|0.0|0.0|39.63864583333333|39.63864583333333
2025-06-05 21:29:03.999391|2000-01-09 11:59:43|203.99526146847282|Crew Transfer Vessel 3|complete travel|main shaft minor repair|arrived at 35|35|35|drive_train|drive_train|0.0|1.0|0|0|RPR00000005|site|0|0|0|0|0|0
2025-06-05 21:29:03.999391|2000-01-09 11:59:43|203.99526146847282|Crew Transfer Vessel 3|transferring crew|main shaft minor repair|transferring crew from Crew Transfer Vessel 3 to 35|35|35|drive_train|drive_train|0.0|1.0|0.25|0|RPR00000005|system|0|0.0|0.0|0.0|39.63864583333333|39.63864583333333
2025-06-05 21:29:03.999391|2000-01-09 11:59:44|203.99532387440277|Crew Transfer Vessel 2|complete travel|main shaft minor repair|arrived at 5|5|5|drive_train|drive_train|0.0|1.0|0|0|RPR00000004|site|0|0|0|0|0|0
2025-06-05 21:29:03.999391|2000-01-09 11:59:44|203.99532387440277|Crew Transfer Vessel 2|transferring crew|main shaft minor repair|transferring crew from Crew Transfer Vessel 2 to 5|5|5|drive_train|drive_train|0.0|1.0|0.25|0|RPR00000004|system|0|0.0|0.0|0.0|39.63864583333333|39.63864583333333
2025-06-05 21:29:04.000400|2000-01-09 12:14:43|204.24512583864728|Crew Transfer Vessel 1|complete transfer|power electrical system minor repair|complete|125|125|electrical_system|electrical_system|0.0|1.0|0|0|RPR00000006|system|0|0|0|0|0|0
2025-06-05 21:29:04.000400|2000-01-09 12:14:43|204.24512583864728|Crew Transfer Vessel 1|repair|power electrical system minor repair|repair|125|125|electrical_system|electrical_system|0.0|1.0|6.504722222222223|0|RPR00000006|system|0|0.0|0.0|0.0|1031.3535216435187|1031.3535216435187
2025-06-05 21:29:04.000400|2000-01-09 12:14:43|204.24526146847282|Crew Transfer Vessel 3|complete transfer|main shaft minor repair|complete|35|35|drive_train|drive_train|0.0|1.0|0|0|RPR00000005|system|0|0|0|0|0|0
2025-06-05 21:29:04.001375|2000-01-09 12:14:43|204.24526146847282|Crew Transfer Vessel 3|repair|main shaft minor repair|repair|35|35|drive_train|drive_train|0.0|1.0|6.504722222222223|0|RPR00000005|system|0|0.0|0.0|0.0|1031.3535216435187|1031.3535216435187
2025-06-05 21:29:04.001375|2000-01-09 12:14:44|204.24532387440277|Crew Transfer Vessel 2|complete transfer|main shaft minor repair|complete|5|5|drive_train|drive_train|0.0|1.0|0|0|RPR00000004|system|0|0|0|0|0|0
2025-06-05 21:29:04.001375|2000-01-09 12:14:44|204.24532387440277|Crew Transfer Vessel 2|repair|main shaft minor repair|repair|5|5|drive_train|drive_train|0.0|1.0|1.6199999999999992|0|RPR00000004|system|0|0.0|0.0|0.0|256.85842499999984|256.85842499999984
2025-06-05 21:29:04.002320|2000-01-09 13:51:56|205.86532387440278|Crew Transfer Vessel 2|transferring crew|main shaft minor repair|transferring crew from 5 to Crew Transfer Vessel 2|5|5|drive_train|drive_train|0.0|1.0|0.25|0|RPR00000004|system|0|0.0|0.0|0.0|39.63864583333333|39.63864583333333
2025-06-05 21:29:04.002320|2000-01-09 14:06:56|206.11532387440278|Crew Transfer Vessel 2|complete transfer|main shaft minor repair|complete|5|5|drive_train|drive_train|0.0|1.0|0|0|RPR00000004|system|0|0|0|0|0|0
2025-06-05 21:29:04.002320|2000-01-09 14:06:56|206.11532387440278|Crew Transfer Vessel 2|repair complete|main shaft minor repair|complete|5|5|drive_train|drive_train|1.0|1.0|0|0|RPR00000004|system|1000.0|0|0|0|0|1000.0
2025-06-05 21:29:04.004822|2000-01-09 14:07:03|206.1172683188472|Crew Transfer Vessel 2|traveling|no requests|traveling from site to port|||||0|0|4.112948664419564|148.0|na|enroute|0|0|0.0|0.0|652.1268617584338|652.1268617584338
2025-06-05 21:29:04.005823|2000-01-09 18:13:49|210.23021698326679|Crew Transfer Vessel 2|complete travel|no requests|arrived at port|||||0|0|0|0|na|port|0|0|0|0|0|0
2025-06-05 21:29:04.005823|2000-01-09 18:13:49|210.23021698326679|Crew Transfer Vessel 2|delay|no requests|no work requests, waiting until the next shift|||||0|0|12.769722222222223|0|na|port|0|0.0|0.0|0.0|2024.697986226852|2024.697986226852
2025-06-05 21:29:04.006932|2000-01-09 18:45:00|210.7498480608695|Crew Transfer Vessel 1|transferring crew|power electrical system minor repair|transferring crew from 125 to Crew Transfer Vessel 1|125|125|electrical_system|electrical_system|0.0|1.0|0.25|0|RPR00000006|system|0|0.0|0.0|0.0|39.63864583333333|39.63864583333333
2025-06-05 21:29:04.006932|2000-01-09 18:45:00|210.74998369069505|Crew Transfer Vessel 3|transferring crew|main shaft minor repair|transferring crew from 35 to Crew Transfer Vessel 3|35|35|drive_train|drive_train|0.0|1.0|0.25|0|RPR00000005|system|0|0.0|0.0|0.0|39.63864583333333|39.63864583333333
2025-06-05 21:29:04.006932|2000-01-09 19:00:00|210.9998480608695|Crew Transfer Vessel 1|complete transfer|power electrical system minor repair|complete|125|125|electrical_system|electrical_system|0.0|1.0|0|0|RPR00000006|system|0|0|0|0|0|0
2025-06-05 21:29:04.007822|2000-01-09 19:00:00|210.9998480608695|Crew Transfer Vessel 1|traveling|power electrical system minor repair|traveling from site to port|125|125|electrical_system|electrical_system|0.0|1.0|4.995528406441864|148.0|RPR00000006|enroute|0|0|0.0|0.0|792.0639250132205|792.0639250132205
2025-06-05 21:29:04.007822|2000-01-09 19:00:00|210.99998369069505|Crew Transfer Vessel 3|complete transfer|main shaft minor repair|complete|35|35|drive_train|drive_train|0.0|1.0|0|0|RPR00000005|system|0|0|0|0|0|0
2025-06-05 21:29:04.007822|2000-01-09 19:00:00|210.99998369069505|Crew Transfer Vessel 3|traveling|main shaft minor repair|traveling from site to port|35|35|drive_train|drive_train|0.0|1.0|4.995664036267401|148.0|RPR00000005|enroute|0|0|0.0|0.0|792.0854297436961|792.0854297436961
2025-06-05 21:29:04.009908|2000-01-09 23:59:44|215.9953764673114|Crew Transfer Vessel 1|complete travel|power electrical system minor repair|arrived at port|125|125|electrical_system|electrical_system|0.0|1.0|0|0|RPR00000006|port|0|0|0|0|0|0
2025-06-05 21:29:04.009908|2000-01-09 23:59:44|215.9953764673114|Crew Transfer Vessel 1|delay|power electrical system minor repair|work shift has ended; waiting for next shift to start|125|125|electrical_system|electrical_system|0.0|1.0|7.004444444444444|0|RPR00000006|port|0|0.0|0.0|0.0|1110.5867703703705|1110.5867703703705
2025-06-05 21:29:04.009908|2000-01-09 23:59:45|215.99564772696246|Crew Transfer Vessel 3|complete travel|main shaft minor repair|arrived at port|35|35|drive_train|drive_train|0.0|1.0|0|0|RPR00000005|port|0|0|0|0|0|0
2025-06-05 21:29:04.009908|2000-01-09 23:59:45|215.99564772696246|Crew Transfer Vessel 3|delay|main shaft minor repair|work shift has ended; waiting for next shift to start|35|35|drive_train|drive_train|0.0|1.0|7.004166666666666|0|RPR00000005|port|0|0.0|0.0|0.0|1110.5427274305555|1110.5427274305555
2025-06-05 21:29:04.010823|2000-01-10 04:32:36|220.54310299373967|electrical_system|repair request|power converter minor repair|severity level 1|63|63|electrical_system|electrical_system|1.0|1.0|0|0|RPR00000007|na|0|0|0|0|0|0
2025-06-05 21:29:04.011826|2000-01-10 07:00:00|222.99981439362912|Crew Transfer Vessel 3|traveling|main shaft minor repair|traveling from port to site|35|35|drive_train|drive_train|0.0|1.0|4.995494739201478|148.0|RPR00000005|enroute|0|0|0.0|0.0|792.058586917949|792.058586917949
2025-06-05 21:29:04.013365|2000-01-10 07:00:00|222.99982091175582|Crew Transfer Vessel 1|traveling|power electrical system minor repair|traveling from port to site|125|125|electrical_system|electrical_system|0.0|1.0|4.995501257328174|148.0|RPR00000006|enroute|0|0|0.0|0.0|792.0596203968113|792.0596203968113
2025-06-05 21:29:04.014368|2000-01-10 07:00:06|223.00160587215566|Crew Transfer Vessel 2|traveling|power converter minor repair|traveling from port to site|63|63|electrical_system|electrical_system|1.0|1.0|3.997286217728019|148.0|RPR00000007|enroute|0|0|0.0|0.0|633.788050715942|633.788050715942
2025-06-05 21:29:04.015468|2000-01-10 10:59:57|226.9988920898837|Crew Transfer Vessel 2|complete travel|power converter minor repair|arrived at 63|63|63|electrical_system|electrical_system|1.0|1.0|0|0|RPR00000007|site|0|0|0|0|0|0
2025-06-05 21:29:04.016452|2000-01-10 10:59:57|226.9988920898837|Crew Transfer Vessel 2|transferring crew|power converter minor repair|transferring crew from Crew Transfer Vessel 2 to 63|63|63|electrical_system|electrical_system|0.0|1.0|0.25|0|RPR00000007|system|0|0.0|0.0|0.0|39.63864583333333|39.63864583333333
2025-06-05 21:29:04.016452|2000-01-10 11:14:57|227.2488920898837|Crew Transfer Vessel 2|complete transfer|power converter minor repair|complete|63|63|electrical_system|electrical_system|0.0|1.0|0|0|RPR00000007|system|0|0|0|0|0|0
2025-06-05 21:29:04.017369|2000-01-10 11:14:57|227.2488920898837|Crew Transfer Vessel 2|repair|power converter minor repair|repair|63|63|electrical_system|electrical_system|0.0|1.0|4.7508333333333335|0|RPR00000007|system|0|0.0|0.0|0.0|753.2663996527777|753.2663996527777
2025-06-05 21:29:04.017369|2000-01-10 11:59:44|227.9953091328306|Crew Transfer Vessel 3|complete travel|main shaft minor repair|arrived at 35|35|35|drive_train|drive_train|0.0|1.0|0|0|RPR00000005|site|0|0|0|0|0|0
2025-06-05 21:29:04.017369|2000-01-10 11:59:44|227.9953091328306|Crew Transfer Vessel 3|transferring crew|main shaft minor repair|transferring crew from Crew Transfer Vessel 3 to 35|35|35|drive_train|drive_train|0.0|1.0|0.25|0|RPR00000005|system|0|0.0|0.0|0.0|39.63864583333333|39.63864583333333
2025-06-05 21:29:04.017369|2000-01-10 11:59:44|227.995322169084|Crew Transfer Vessel 1|complete travel|power electrical system minor repair|arrived at 125|125|125|electrical_system|electrical_system|0.0|1.0|0|0|RPR00000006|site|0|0|0|0|0|0
2025-06-05 21:29:04.018369|2000-01-10 11:59:44|227.995322169084|Crew Transfer Vessel 1|transferring crew|power electrical system minor repair|transferring crew from Crew Transfer Vessel 1 to 125|125|125|electrical_system|electrical_system|0.0|1.0|0.25|0|RPR00000006|system|0|0.0|0.0|0.0|39.63864583333333|39.63864583333333
2025-06-05 21:29:04.018369|2000-01-10 12:14:44|228.2453091328306|Crew Transfer Vessel 3|complete transfer|main shaft minor repair|complete|35|35|drive_train|drive_train|0.0|1.0|0|0|RPR00000005|system|0|0|0|0|0|0
2025-06-05 21:29:04.018369|2000-01-10 12:14:44|228.2453091328306|Crew Transfer Vessel 3|repair|main shaft minor repair|repair|35|35|drive_train|drive_train|0.0|1.0|1.9066666666666663|0|RPR00000005|system|0|0.0|0.0|0.0|302.3107388888888|302.3107388888888
2025-06-05 21:29:04.018369|2000-01-10 12:14:44|228.245322169084|Crew Transfer Vessel 1|complete transfer|power electrical system minor repair|complete|125|125|electrical_system|electrical_system|0.0|1.0|0|0|RPR00000006|system|0|0|0|0|0|0
2025-06-05 21:29:04.018369|2000-01-10 12:14:44|228.245322169084|Crew Transfer Vessel 1|repair|power electrical system minor repair|repair|125|125|electrical_system|electrical_system|0.0|1.0|2.1127777777777768|0|RPR00000006|system|0|0.0|0.0|0.0|334.9906002314813|334.9906002314813
2025-06-05 21:29:04.019369|2000-01-10 14:09:08|230.15197579949728|Crew Transfer Vessel 3|transferring crew|main shaft minor repair|transferring crew from 35 to Crew Transfer Vessel 3|35|35|drive_train|drive_train|0.0|1.0|0.25|0|RPR00000005|system|0|0.0|0.0|0.0|39.63864583333333|39.63864583333333
2025-06-05 21:29:04.020370|2000-01-10 14:21:30|230.35809994686178|Crew Transfer Vessel 1|transferring crew|power electrical system minor repair|transferring crew from 125 to Crew Transfer Vessel 1|125|125|electrical_system|electrical_system|0.0|1.0|0.25|0|RPR00000006|system|0|0.0|0.0|0.0|39.63864583333333|39.63864583333333
2025-06-05 21:29:04.020370|2000-01-10 14:24:08|230.40197579949728|Crew Transfer Vessel 3|complete transfer|main shaft minor repair|complete|35|35|drive_train|drive_train|0.0|1.0|0|0|RPR00000005|system|0|0|0|0|0|0
2025-06-05 21:29:04.020370|2000-01-10 14:24:08|230.40197579949728|Crew Transfer Vessel 3|repair complete|main shaft minor repair|complete|35|35|drive_train|drive_train|1.0|1.0|0|0|RPR00000005|system|1000.0|0|0|0|0|1000.0
2025-06-05 21:29:04.022401|2000-01-10 14:24:12|230.40308691060838|Crew Transfer Vessel 3|traveling|no requests|traveling from site to port|||||0|0|4.398767256180734|148.0|na|enroute|0|0|0.0|0.0|697.4447094840461|697.4447094840461
2025-06-05 21:29:04.022401|2000-01-10 14:36:30|230.60809994686178|Crew Transfer Vessel 1|complete transfer|power electrical system minor repair|complete|125|125|electrical_system|electrical_system|0.0|1.0|0|0|RPR00000006|system|0|0|0|0|0|0
2025-06-05 21:29:04.022401|2000-01-10 14:36:30|230.60809994686178|Crew Transfer Vessel 1|repair complete|power electrical system minor repair|complete|125|125|electrical_system|electrical_system|1.0|1.0|0|0|RPR00000006|system|1000.0|0|0|0|0|1000.0
2025-06-05 21:29:04.024564|2000-01-10 14:36:33|230.60893328019512|Crew Transfer Vessel 1|traveling|no requests|traveling from site to port|||||0|0|4.604613625767471|148.0|na|enroute|0|0|0.0|0.0|730.0825948445507|730.0825948445507
2025-06-05 21:29:04.024564|2000-01-10 16:00:00|231.99972542321703|Crew Transfer Vessel 2|delay|power converter minor repair|weather delay|63|63|electrical_system|electrical_system|0.0|1.0|4.0|0|RPR00000007|system|0|0|0.0|0.0|634.2183333333332|634.2183333333332
2025-06-05 21:29:04.025598|2000-01-10 18:48:07|234.80185416678913|Crew Transfer Vessel 3|complete travel|no requests|arrived at port|||||0|0|0|0|na|port|0|0|0|0|0|0
2025-06-05 21:29:04.025598|2000-01-10 18:48:07|234.80185416678913|Crew Transfer Vessel 3|delay|no requests|no work requests, waiting until the next shift|||||0|0|12.198055555555555|0|na|port|0|0.0|0.0|0.0|1934.057616087963|1934.057616087963
2025-06-05 21:29:04.026593|2000-01-10 19:12:49|235.2135469059626|Crew Transfer Vessel 1|complete travel|no requests|arrived at port|||||0|0|0|0|na|port|0|0|0|0|0|0
2025-06-05 21:29:04.026593|2000-01-10 19:12:49|235.2135469059626|Crew Transfer Vessel 1|delay|no requests|no work requests, waiting until the next shift|||||0|0|11.78638888888889|0|na|port|0|0.0|0.0|0.0|1868.7859792824074|1868.7859792824074
2025-06-05 21:29:04.026593|2000-01-10 20:00:00|235.99972542321703|Crew Transfer Vessel 2|delay|power converter minor repair|weather delay|63|63|electrical_system|electrical_system|0.0|1.0|22.0|0|RPR00000007|system|0|0|0.0|0.0|3488.2008333333333|3488.2008333333333
2025-06-05 21:29:04.027564|2000-01-10 20:48:57|236.81581871984426|electrical_system|repair request|power converter minor repair|severity level 1|126|126|electrical_system|electrical_system|1.0|1.0|0|0|RPR00000008|na|0|0|0|0|0|0
2025-06-05 21:29:04.031562|2000-01-11 07:00:05|247.00129861123358|Crew Transfer Vessel 3|traveling|power converter minor repair|traveling from port to site|126|126|electrical_system|electrical_system|1.0|1.0|3.996978956805934|148.0|RPR00000008|enroute|0|0|0.0|0.0|633.7393330884662|633.7393330884662
2025-06-05 21:29:04.031562|2000-01-11 07:00:05|247.0013246837404|Crew Transfer Vessel 1|delay|no requests|no work requests, waiting until the next shift|||||0|0|23.99861111111111|0|na|port|0|0.0|0.0|0.0|3805.0897853009255|3805.0897853009255
2025-06-05 21:29:04.032562|2000-01-11 10:59:54|250.99827756803953|Crew Transfer Vessel 3|complete travel|power converter minor repair|arrived at 126|126|126|electrical_system|electrical_system|1.0|1.0|0|0|RPR00000008|site|0|0|0|0|0|0
2025-06-05 21:29:04.034118|2000-01-11 10:59:54|250.99827756803953|Crew Transfer Vessel 3|delay|power converter minor repair|weather delay|126|126|electrical_system|electrical_system|0.0|1.0|6.001666666666667|0|RPR00000008|system|0|0|0.0|0.0|951.5917576388889|951.5917576388889
2025-06-05 21:29:04.037114|2000-01-11 17:00:00|256.9999442347062|Crew Transfer Vessel 3|transferring crew|power converter minor repair|transferring crew from Crew Transfer Vessel 3 to 126|126|126|electrical_system|electrical_system|0.0|1.0|0.25|0|RPR00000008|system|0|0.0|0.0|0.0|39.63864583333333|39.63864583333333
2025-06-05 21:29:04.037114|2000-01-11 17:15:00|257.2499442347062|Crew Transfer Vessel 3|complete transfer|power converter minor repair|complete|126|126|electrical_system|electrical_system|0.0|1.0|0|0|RPR00000008|system|0|0|0|0|0|0
2025-06-05 21:29:04.038114|2000-01-11 17:15:00|257.2499442347062|Crew Transfer Vessel 3|repair|power converter minor repair|repair|126|126|electrical_system|electrical_system|0.0|1.0|1.5|0|RPR00000008|system|0|0.0|0.0|0.0|237.831875|237.831875
2025-06-05 21:29:04.038114|2000-01-11 18:00:00|257.999725423217|Crew Transfer Vessel 2|transferring crew|power converter minor repair|transferring crew from 63 to Crew Transfer Vessel 2|63|63|electrical_system|electrical_system|0.0|1.0|0.25|0|RPR00000007|system|0|0.0|0.0|0.0|39.63864583333333|39.63864583333333
2025-06-05 21:29:04.038114|2000-01-11 18:15:00|258.249725423217|Crew Transfer Vessel 2|complete transfer|power converter minor repair|complete|63|63|electrical_system|electrical_system|0.0|1.0|0|0|RPR00000007|system|0|0|0|0|0|0
2025-06-05 21:29:04.039121|2000-01-11 18:15:00|258.249725423217|Crew Transfer Vessel 2|traveling|power converter minor repair|traveling from site to port|63|63|electrical_system|electrical_system|0.0|1.0|4.245405768789356|148.0|RPR00000007|enroute|0|0|0.0|0.0|673.128542751326|673.128542751326
2025-06-05 21:29:04.039121|2000-01-11 18:45:00|258.7499442347062|Crew Transfer Vessel 3|transferring crew|power converter minor repair|transferring crew from 126 to Crew Transfer Vessel 3|126|126|electrical_system|electrical_system|0.0|1.0|0.25|0|RPR00000008|system|0|0.0|0.0|0.0|39.63864583333333|39.63864583333333
2025-06-05 21:29:04.039121|2000-01-11 19:00:00|258.9999442347062|Crew Transfer Vessel 3|complete transfer|power converter minor repair|complete|126|126|electrical_system|electrical_system|0.0|1.0|0|0|RPR00000008|system|0|0|0|0|0|0
2025-06-05 21:29:04.040120|2000-01-11 19:00:00|258.9999442347062|Crew Transfer Vessel 3|traveling|power converter minor repair|traveling from site to port|126|126|electrical_system|electrical_system|0.0|1.0|4.995624580278575|148.0|RPR00000008|enroute|0|0|0.0|0.0|792.0791738158276|792.0791738158276
2025-06-05 21:29:04.042197|2000-01-11 22:29:43|262.49513119200634|Crew Transfer Vessel 2|complete travel|power converter minor repair|arrived at port|63|63|electrical_system|electrical_system|0.0|1.0|0|0|RPR00000007|port|0|0|0|0|0|0
2025-06-05 21:29:04.042197|2000-01-11 22:29:43|262.49513119200634|Crew Transfer Vessel 2|delay|power converter minor repair|work shift has ended; waiting for next shift to start|63|63|electrical_system|electrical_system|0.0|1.0|8.504722222222222|0|RPR00000007|port|0|0.0|0.0|0.0|1348.462688310185|1348.462688310185
2025-06-05 21:29:04.043115|2000-01-11 23:59:45|263.9955688149848|Crew Transfer Vessel 3|complete travel|power converter minor repair|arrived at port|126|126|electrical_system|electrical_system|0.0|1.0|0|0|RPR00000008|port|0|0|0|0|0|0
2025-06-05 21:29:04.043115|2000-01-11 23:59:45|263.9955688149848|Crew Transfer Vessel 3|delay|power converter minor repair|work shift has ended; waiting for next shift to start|126|126|electrical_system|electrical_system|0.0|1.0|7.004166666666666|0|RPR00000008|port|0|0.0|0.0|0.0|1110.5427274305555|1110.5427274305555
2025-06-05 21:29:04.044733|2000-01-12 02:34:15|266.57070953541654|electrical_system|repair request|power converter major repair|severity level 2|93|93|electrical_system|electrical_system|1.0|1.0|0|0|RPR00000009|na|0|0|0|0|0|0
